coin,setup,direction,signal_time,entry_time,exit_time,entry,exit,sl,tp,reason,bars_held,gross_pct,fees_pct,net_pct,sl_pct,r,size_mult,panel_score
BTC,range_breakout,1,2026-08-21 08:30:00+00:00,2026-08-21 08:35:00+00:00,2026-08-21 08:50:00+00:00,77561.06,78578.94816509678,77120.71966525594,78578.94816509678,target,4,0.01312370105690641,0.0003,0.012823701056906408,0.005677337761294916,2.2587525343888495,1.0,0.929056105610561
BTC,range_breakout,1,2026-09-11 13:55:00+00:00,2026-09-11 14:00:00+00:00,2026-09-11 14:30:00+00:00,79242.56,78775.967815947,78780.38032312195,80310.93186176883,stop,7,-0.005888151317334924,0.0006,-0.006488151317334924,0.005832467765782075,-1.112419575706807,1.0,0.929056105610561
BTC,range_breakout,-1,2026-09-15 18:45:00+00:00,2026-09-15 18:50:00+00:00,2026-09-15 18:50:00+00:00,75064.9,75534.64684370083,75530.41636775261,73988.81506294865,stop,1,-0.006257876100558791,0.0006,-0.006857876100558791,0.0062015185226733036,-1.1058382032538943,1.0,0.929056105610561
ETH,range_breakout,1,2026-07-01 15:20:00+00:00,2026-07-01 15:25:00+00:00,2026-07-01 15:50:00+00:00,1628.03,1617.8663301324916,1617.9775299159655,1651.2672315710652,stop,6,-0.006242925417534297,0.0006,-0.006842925417534297,0.006174622140890819,-1.1082338742994013,1.0,0.929056105610561
ETH,range_breakout,1,2026-07-02 13:30:00+00:00,2026-07-02 13:35:00+00:00,2026-07-02 14:30:00+00:00,1706.34,1700.643110772403,1694.5138048186857,1733.6773642234725,time,12,-0.0033386600721995686,0.0006,-0.0039386600721995685,0.006930737825588188,-0.5682887120124628,1.0,0.929056105610561
ETH,range_breakout,1,2026-07-06 15:50:00+00:00,2026-07-06 15:55:00+00:00,2026-07-06 16:50:00+00:00,1785.95,1792.5267953892073,1775.8743538393562,1809.2408052554015,time,12,0.0036825193254051295,0.0006,0.0030825193254051296,0.005641617156495907,0.5463893135420994,1.0,0.929056105610561
ETH,range_breakout,1,2026-07-14 13:20:00+00:00,2026-07-14 13:25:00+00:00,2026-07-14 13:45:00+00:00,1878.59,1866.3800530196756,1866.5083337397268,1906.5179096886022,stop,5,-0.006499527294579592,0.0006,-0.007099527294579592,0.006431241654790627,-1.1039123820345267,1.0,0.929056105610561
ETH,vwap_reversion,1,2026-07-27 14:35:00+00:00,2026-07-27 14:40:00+00:00,2026-07-27 14:40:00+00:00,1929.99,1919.0880363928213,1919.219939857366,1954.8860085905817,stop,1,-0.005648715074782091,0.0006,-0.00624871507478209,0.005580370956654741,-1.1197669694933687,1.0,0.969980198019802
ETH,range_breakout,1,2026-07-28 15:20:00+00:00,2026-07-28 15:25:00+00:00,2026-07-28 16:20:00+00:00,1919.92,1919.2580848476227,1908.9416032684567,1945.2975982417563,time,12,-0.0003447618402732054,0.0006,-0.0009447618402732054,0.005718153220729749,-0.16522149788645138,1.0,0.929056105610561
ETH,vwap_reversion,1,2026-07-29 19:50:00+00:00,2026-07-29 19:55:00+00:00,2026-07-29 20:05:00+00:00,1890.97,1880.0514372442829,1880.1806576309414,1915.910581273404,stop,3,-0.005774053927728719,0.0006,-0.006374053927728719,0.005705718424437579,-1.1171343297328975,1.0,0.9413252805280525
ETH,vwap_reversion,1,2026-07-29 20:25:00+00:00,2026-07-29 20:30:00+00:00,2026-07-29 21:05:00+00:00,1884.1,1873.5306874406194,1873.6594596407049,1908.2342925696746,stop,8,-0.005609740756531223,0.0006,-0.006209740756531223,0.005541393959606697,-1.120609868527009,1.0,0.7273161716171617
ETH,range_breakout,1,2026-08-19 15:05:00+00:00,2026-08-19 15:10:00+00:00,2026-08-19 15:25:00+00:00,2016.26,2044.7166259969163,2003.9496100702995,2044.7166259969163,target,4,0.014113569676984255,0.0003,0.013813569676984253,0.0061055567881624665,2.2624586350201805,1.0,0.929056105610561
ETH,range_breakout,1,2026-08-21 08:50:00+00:00,2026-08-21 08:55:00+00:00,2026-08-21 09:00:00+00:00,2440.0,2424.2158018205173,2424.382423912365,2476.101498347504,stop,2,-0.006468933680115861,0.0006,-0.007068933680115861,0.006400645937555289,-1.1044094219677807,1.0,0.929056105610561
ETH,range_breakout,-1,2026-08-28 16:10:00+00:00,2026-08-28 16:15:00+00:00,2026-08-28 16:25:00+00:00,2445.35,2409.7129388207495,2460.766659695099,2409.7129388207495,target,3,0.014573398973255524,0.0003,0.014273398973255523,0.0063044798066121234,2.264008992190857,1.0,0.929056105610561
ETH,vwap_reversion,1,2026-09-04 12:35:00+00:00,2026-09-04 12:40:00+00:00,2026-09-04 12:45:00+00:00,2460.48,2443.9717308545682,2444.1397108181945,2498.2521177463477,stop,2,-0.006709369369160395,0.0006,-0.0073093693691603946,0.006641098152314029,-1.1006266134786025,1.0,0.969980198019802
ETH,range_breakout,1,2026-09-11 13:40:00+00:00,2026-09-11 13:45:00+00:00,2026-09-11 13:45:00+00:00,2524.23,2560.3846145719804,2508.5894457337513,2560.3846145719804,target,1,0.014323027050617554,0.0003,0.014023027050617552,0.006196168441959962,2.263177184734799,1.0,0.929056105610561
ETH,vwap_reversion,1,2026-09-15 18:35:00+00:00,2026-09-15 18:40:00+00:00,2026-09-15 18:40:00+00:00,2409.0,2392.352538643524,2392.5169706978513,2447.1020749810536,stop,1,-0.006910527752792036,0.0006,-0.007510527752792036,0.006842270362037617,-1.09766603121415,1.0,0.7562353795379537
ETH,range_breakout,-1,2026-09-15 18:45:00+00:00,2026-09-15 18:50:00+00:00,2026-09-15 18:50:00+00:00,2360.66,2380.6616261837626,2380.498020163587,2314.8025475928666,stop,1,-0.008472895793448744,0.0006,-0.009072895793448745,0.008403590590592173,-1.0796451463980004,1.0,0.9468778877887788
ETH,range_breakout,1,2026-09-18 14:20:00+00:00,2026-09-18 14:25:00+00:00,2026-09-18 14:25:00+00:00,2582.25,2567.779396135143,2567.955885692742,2615.2921917682274,stop,1,-0.005603874088433309,0.0006,-0.006203874088433309,0.005535526888278927,-1.1207377750381013,1.0,0.929056105610561
ETH,range_breakout,1,2026-09-18 15:20:00+00:00,2026-09-18 15:25:00+00:00,2026-09-18 15:30:00+00:00,2594.62,2579.5949542218827,2579.7722558907644,2628.9419592090294,stop,2,-0.005790846358278726,0.0006,-0.006390846358278726,0.005722512009170997,-1.116790379476119,1.0,0.9277711551155114
ETH,vwap_reversion,1,2026-09-23 14:20:00+00:00,2026-09-23 14:25:00+00:00,2026-09-23 15:20:00+00:00,2656.4,2678.0659301877913,2640.284109737981,2693.6533985042324,time,12,0.00815612490129168,0.0006,0.0075561249012916784,0.006066816090204435,1.245484417022613,1.0,0.7747656765676566
ZEC,vwap_reversion,-1,2026-07-01 13:40:00+00:00,2026-07-01 13:45:00+00:00,2026-07-01 13:55:00+00:00,406.76,409.84497140701734,409.80967512553985,399.71038865907815,stop,3,-0.007584254614557353,0.0006,-0.008184254614557353,0.00749748039517123,-1.0916006689165125,1.0,0.8922097029702968
ZEC,range_breakout,1,2026-07-01 14:10:00+00:00,2026-07-01 14:15:00+00:00,2026-07-01 15:10:00+00:00,413.41,415.3242256775173,409.9049078650754,421.51235065971713,time,12,0.004630332303324219,0.0006,0.004030332303324219,0.00847848899379463,0.4753597375987635,1.0,0.9468778877887788
ZEC,range_breakout,1,2026-07-02 11:10:00+00:00,2026-07-02 11:15:00+00:00,2026-07-02 11:20:00+00:00,439.19,435.827341076205,435.8648814528132,446.87632475762734,stop,2,-0.007656501568330293,0.0006,-0.008256501568330294,0.007571025176317228,-1.0905394416277059,1.0,0.929056105610561
ZEC,range_breakout,1,2026-07-02 11:30:00+00:00,2026-07-02 11:35:00+00:00,2026-07-02 11:45:00+00:00,446.72,456.34127087938873,442.55782012114224,456.34127087938873,target,3,0.021537587033015542,0.0003,0.02123758703301554,0.009317200660050592,2.2793956906043733,1.0,0.9468778877887788
ZEC,range_breakout,1,2026-07-03 08:30:00+00:00,2026-07-03 08:35:00+00:00,2026-07-03 09:00:00+00:00,449.44,445.9916924673888,446.0301083594667,457.322285748769,stop,6,-0.007672453570245598,0.0006,-0.0082724535702456,0.007586978552272377,-1.0903488804206407,1.0,0.929056105610561
ZEC,range_breakout,1,2026-07-03 10:40:00+00:00,2026-07-03 10:45:00+00:00,2026-07-03 11:40:00+00:00,459.41,462.7701388814806,455.4455783990382,468.5741339906291,time,12,0.007314030781830099,0.0006,0.006714030781830099,0.008629375940797547,0.7780436068485356,1.0,0.9253648184818479
ZEC,range_breakout,1,2026-07-07 14:45:00+00:00,2026-07-07 14:50:00+00:00,2026-07-07 15:35:00+00:00,466.06,474.6349210031932,462.35047304564057,474.6349210031932,target,10,0.018398749094951716,0.0003,0.018098749094951714,0.007959333464273768,2.273902604557239,1.0,0.929056105610561
ZEC,vwap_reversion,1,2026-07-08 08:30:00+00:00,2026-07-08 08:35:00+00:00,2026-07-08 08:35:00+00:00,470.06,466.567580191021,466.6077684055335,478.040158540832,stop,1,-0.007429731968214653,0.0006,-0.008029731968214653,0.0073442360431998435,-1.0933379484241281,1.0,0.8947326732673265
ZEC,range_breakout,1,2026-07-09 18:05:00+00:00,2026-07-09 18:10:00+00:00,2026-07-09 18:10:00+00:00,479.38,487.1563418252098,476.015939900066,487.1563418252098,target,1,0.016221665119967008,0.0003,0.015921665119967007,0.00701752284186658,2.2688440748604712,1.0,0.9495181518151815
ZEC,range_breakout,1,2026-07-09 18:15:00+00:00,2026-07-09 18:20:00+00:00,2026-07-09 18:20:00+00:00,493.88,489.34668562117207,489.3888359342406,504.26174881867576,stop,1,-0.00917897946632365,0.0006,-0.009778979466323652,0.00909363421430189,-1.0753653859250127,1.0,0.9468778877887788
ZEC,vwap_reversion,-1,2026-07-12 16:10:00+00:00,2026-07-12 16:15:00+00:00,2026-07-12 16:15:00+00:00,541.37,545.4012501861006,545.354279654832,532.1599622471637,stop,1,-0.0074463863644098835,0.0006,-0.008046386364409883,0.007359624018382999,-1.0933148683018967,1.0,0.7747656765676566
ZEC,vwap_reversion,-1,2026-07-12 16:20:00+00:00,2026-07-12 16:25:00+00:00,2026-07-12 17:20:00+00:00,546.91,544.086857334369,551.4620982738091,536.387396019238,time,12,0.005161987649944122,0.0006,0.004561987649944122,0.008323304152071127,0.5480981550829116,1.0,0.8782310231023099
ZEC,range_breakout,-1,2026-07-13 16:20:00+00:00,2026-07-13 16:25:00+00:00,2026-07-13 16:40:00+00:00,506.03,509.61040508628633,509.56651690037046,497.8550080346507,stop,4,-0.007075479885157722,0.0006,-0.007675479885157722,0.006988749481988244,-1.0982622720902149,1.0,0.9467238943894387
ZEC,vwap_reversion,1,2026-07-13 20:20:00+00:00,2026-07-13 20:25:00+00:00,2026-07-13 20:40:00+00:00,498.76,495.6670997807563,495.7097945083338,505.8108373321849,stop,4,-0.006201179363308382,0.0006,-0.006801179363308382,0.006115577615819658,-1.1121074394862103,1.0,0.7543036303630362
ZEC,range_breakout,1,2026-07-14 12:30:00+00:00,2026-07-14 12:35:00+00:00,2026-07-14 12:40:00+00:00,518.8,515.3789617919886,515.4233544183755,526.6054343517259,stop,2,-0.006594136869721273,0.0006,-0.007194136869721273,0.006508568969977575,-1.1053331235953792,1.0,0.7936584818481848
ZEC,range_breakout,1,2026-07-14 12:55:00+00:00,2026-07-14 13:00:00+00:00,2026-07-14 13:20:00+00:00,522.65,531.5688298922238,518.7916974133954,531.5688298922238,target,5,0.017064631956804386,0.0003,0.016764631956804384,0.007382191880999978,2.2709558660961653,1.0,0.929056105610561
ZEC,range_breakout,1,2026-07-14 15:15:00+00:00,2026-07-14 15:20:00+00:00,2026-07-14 16:15:00+00:00,536.64,538.7935905336899,531.9908737874463,547.386893201483,time,12,0.004013101024317806,0.0006,0.0034131010243178064,0.008663398577358643,0.39396790922649855,1.0,0.9673399339933992
ZEC,range_breakout,1,2026-07-14 16:20:00+00:00,2026-07-14 16:25:00+00:00,2026-07-14 16:50:00+00:00,543.89,554.8921565807348,539.1304463694627,554.8921565807348,target,6,0.02022864288869951,0.0003,0.01992864288869951,0.00875094896125555,2.277312206588419,1.0,0.9468778877887788
ZEC,vwap_reversion,1,2026-07-16 08:20:00+00:00,2026-07-16 08:25:00+00:00,2026-07-16 08:55:00+00:00,557.28,553.5138241527504,553.561501559508,565.8756594385286,stop,7,-0.0067581392607837035,0.0006,-0.007358139260783703,0.006672585487532327,-1.102741849397408,1.0,0.8947326732673265
ZEC,vwap_reversion,1,2026-07-16 09:05:00+00:00,2026-07-16 09:10:00+00:00,2026-07-16 10:05:00+00:00,547.46,546.4929273444488,542.3347366833397,559.3075289711206,time,12,-0.0017664718071661709,0.0006,-0.002366471807166171,0.009361895511380428,-0.2527769941770297,1.0,0.9043615841584157
ZEC,range_breakout,1,2026-07-17 17:00:00+00:00,2026-07-17 17:05:00+00:00,2026-07-17 17:15:00+00:00,554.74,549.9951699293575,550.0425442536963,565.5986114715282,stop,3,-0.008553250298594798,0.0006,-0.0091532502985948,0.008467851148833232,-1.080941331834347,1.0,0.9468778877887788
ZEC,range_breakout,1,2026-07-20 15:40:00+00:00,2026-07-20 15:45:00+00:00,2026-07-20 16:10:00+00:00,541.15,550.261942151162,537.2081566869581,550.261942151162,target,6,0.01683810801286519,0.0003,0.016538108012865187,0.007284197196788047,2.270409156434924,1.0,0.8947055445544554
ZEC,vwap_reversion,1,2026-07-27 14:30:00+00:00,2026-07-27 14:35:00+00:00,2026-07-27 14:35:00+00:00,492.49,488.73408584708,488.7761833933208,501.07483693862804,stop,1,-0.007626376480578313,0.0006,-0.008226376480578314,0.007540897493714006,-1.090901512377766,1.0,0.9151947194719471
ZEC,range_breakout,-1,2026-07-27 14:40:00+00:00,2026-07-27 14:45:00+00:00,2026-07-27 14:50:00+00:00,487.03,491.04977343150887,491.0074837067795,477.835671721285,stop,2,-0.008253646451982209,0.0006,-0.00885364645198221,0.008166814583864491,-1.0841003381507792,1.0,0.9468778877887788
ZEC,vwap_reversion,1,2026-07-31 14:30:00+00:00,2026-07-31 14:35:00+00:00,2026-07-31 15:00:00+00:00,455.44,452.8815568554029,452.9205662120928,461.263908538713,stop,6,-0.00561751963946317,0.0006,-0.00621751963946317,0.005531867617923759,-1.1239458477491102,1.0,0.7747656765676566
ZEC,range_breakout,1,2026-08-03 13:55:00+00:00,2026-08-03 14:00:00+00:00,2026-08-03 14:05:00+00:00,493.21,490.1644647332825,490.206685486484,500.1524444189246,stop,2,-0.006174926028907523,0.0006,-0.006774926028907523,0.006089322020064433,-1.1125911893941578,1.0,0.929056105610561
ZEC,range_breakout,1,2026-08-03 14:25:00+00:00,2026-08-03 14:30:00+00:00,2026-08-03 14:40:00+00:00,494.61,491.0758825685403,491.11818182752967,502.6816666450582,stop,3,-0.007145260774063847,0.0006,-0.007745260774063847,0.007059740345869125,-1.0971027820585273,1.0,0.929056105610561
ZEC,range_breakout,1,2026-08-04 15:50:00+00:00,2026-08-04 15:55:00+00:00,2026-08-04 16:10:00+00:00,498.17,495.3215068836748,495.3641718432999,504.6559361013575,stop,4,-0.00571791379714805,0.0006,-0.0063179137971480495,0.005632270423148903,-1.1217348107401093,1.0,0.9107442244224421
ZEC,vwap_reversion,-1,2026-08-09 10:05:00+00:00,2026-08-09 10:10:00+00:00,2026-08-09 11:05:00+00:00,525.67,525.2552355352253,528.803177931356,518.4273640572276,time,12,0.000789020611361947,0.0006,0.0001890206113619471,0.005960351420769874,0.031712997777827684,1.0,0.7747656765676566
ZEC,range_breakout,-1,2026-08-11 16:20:00+00:00,2026-08-11 16:25:00+00:00,2026-08-11 16:40:00+00:00,466.94,469.6468955021374,469.6064490158434,460.77625191265184,stop,4,-0.005797094920412472,0.0006,-0.006397094920412472,0.00571047461310531,-1.1202387461335344,1.0,0.929056105610561
ZEC,range_breakout,1,2026-08-18 15:25:00+00:00,2026-08-18 15:30:00+00:00,2026-08-18 15:55:00+00:00,512.74,509.8376121633216,509.8815274806176,519.3476285049493,stop,6,-0.005660544987085909,0.0006,-0.0062605449870859085,0.005574896671573188,-1.1229885244347024,1.0,0.8038162376237623
ZEC,vwap_reversion,1,2026-08-18 17:15:00+00:00,2026-08-18 17:20:00+00:00,2026-08-18 18:15:00+00:00,504.97,506.5163707607934,502.1539625349371,511.4795358793847,time,12,0.003062302237347497,0.0006,0.002462302237347497,0.00557664309773445,0.44153842987510256,1.0,0.9171264686468645
ZEC,range_breakout,1,2026-08-19 14:40:00+00:00,2026-08-19 14:45:00+00:00,2026-08-19 14:45:00+00:00,524.89,532.0959937716248,521.7726735408019,532.0959937716248,target,1,0.013728578886290034,0.0003,0.013428578886290033,0.005939009047987514,2.261080725384722,1.0,0.929056105610561
ZEC,range_breakout,1,2026-08-19 14:50:00+00:00,2026-08-19 14:55:00+00:00,2026-08-19 15:05:00+00:00,539.5,549.4853436092071,535.1803215734465,549.4853436092071,target,3,0.018508514567575757,0.0003,0.018208514567575756,0.008006818214186334,2.2741261360616685,1.0,0.929056105610561
ZEC,range_breakout,1,2026-08-20 10:25:00+00:00,2026-08-20 10:30:00+00:00,2026-08-20 10:45:00+00:00,569.84,565.9997727877254,566.0485256828011,578.6043500520757,stop,4,-0.006739132409579202,0.0006,-0.007339132409579202,0.00665357699915569,-1.1030356168584967,1.0,0.929056105610561
ZEC,range_breakout,1,2026-08-21 07:40:00+00:00,2026-08-21 07:45:00+00:00,2026-08-21 07:45:00+00:00,643.37,633.6332816285312,633.6878601961931,665.7511782421333,stop,1,-0.015133932840307727,0.0006,-0.01573393284030773,0.015049100523504182,-1.0455065281631917,1.0,0.9468778877887788
ZEC,vwap_reversion,-1,2026-08-23 13:25:00+00:00,2026-08-23 13:30:00+00:00,2026-08-23 13:30:00+00:00,834.08,841.3025520500621,841.2300981863903,817.5518744821851,stop,1,-0.008659303723937826,0.0006,-0.009259303723937828,0.0085724369201877,-1.0801250344732882,1.0,0.772125412541254
ZEC,vwap_reversion,1,2026-08-24 17:00:00+00:00,2026-08-24 17:05:00+00:00,2026-08-24 17:20:00+00:00,825.67,816.3432573867063,816.4135738410348,847.0671010486225,stop,4,-0.011295968865640774,0.0006,-0.011895968865640776,0.011210805962388375,-1.0611162931149718,1.0,0.9082409900990098
ZEC,vwap_reversion,1,2026-08-26 13:25:00+00:00,2026-08-26 13:30:00+00:00,2026-08-26 14:25:00+00:00,766.32,766.5539721901442,759.821162092331,781.3426760329453,time,12,0.0003053191749454356,0.0006,-0.00029468082505456435,0.00848057979390999,-0.03474772152561766,1.0,0.9330165016501648
ZEC,range_breakout,1,2026-08-30 15:30:00+00:00,2026-08-30 15:35:00+00:00,2026-08-30 15:35:00+00:00,874.2,867.2677560328017,867.3424589142254,890.0518522200153,stop,1,-0.007929814650192588,0.0006,-0.00852981465019259,0.007844361800245541,-1.0873815955206951,1.0,0.929056105610561
ZEC,range_breakout,1,2026-08-30 16:45:00+00:00,2026-08-30 16:50:00+00:00,2026-08-30 17:15:00+00:00,879.51,872.0464696050572,872.1215841052351,896.589019350942,stop,6,-0.008486009704202154,0.0006,-0.009086009704202156,0.008400604762611981,-1.0815899522663728,1.0,0.9455929372937292
ZEC,vwap_reversion,1,2026-09-01 08:40:00+00:00,2026-09-01 08:45:00+00:00,2026-09-01 09:10:00+00:00,845.06,839.5825093676941,839.6548275557121,857.5545652878826,stop,6,-0.0064817771901472445,0.0006,-0.007081777190147244,0.006396199612202435,-1.1071851442279708,1.0,0.7915368316831682
ZEC,vwap_reversion,1,2026-09-01 16:35:00+00:00,2026-09-01 16:40:00+00:00,2026-09-01 17:35:00+00:00,838.35,838.3377890270783,831.3670982227575,854.4916352676839,time,12,-1.4565483296603152e-05,0.0006,-0.0006145654832966031,0.00832933950884781,-0.07378321926291793,1.0,0.9630264686468644
ZEC,vwap_reversion,1,2026-09-01 18:25:00+00:00,2026-09-01 18:30:00+00:00,2026-09-01 18:35:00+00:00,824.43,818.215466510554,818.2859442292846,838.6325637018708,stop,2,-0.007537975922086652,0.0006,-0.008137975922086652,0.007452489320761362,-1.0919808901189085,1.0,0.8931483168316829
ZEC,range_breakout,-1,2026-09-02 09:35:00+00:00,2026-09-02 09:40:00+00:00,2026-09-02 10:35:00+00:00,810.47,804.439279159706,815.7088461130359,798.3599136952288,time,12,0.007441016743733964,0.0006,0.006841016743733964,0.006463960557498553,1.0583320679143076,1.0,0.929056105610561
ZEC,range_breakout,-1,2026-09-02 10:45:00+00:00,2026-09-02 10:50:00+00:00,2026-09-02 10:55:00+00:00,795.88,801.7044647071086,801.6354210725095,782.5758020135468,stop,2,-0.007318269974253194,0.0006,-0.007918269974253194,0.007231518661744922,-1.0949664025816899,1.0,0.929056105610561
ZEC,range_breakout,-1,2026-09-02 11:15:00+00:00,2026-09-02 11:20:00+00:00,2026-09-02 11:50:00+00:00,791.61,797.8010642884858,797.7323568188503,777.4575954694692,stop,7,-0.007820851541144997,0.0006,-0.008420851541144999,0.007734056945781761,-1.0888013367599811,1.0,0.929056105610561
ZEC,range_breakout,1,2026-09-03 15:35:00+00:00,2026-09-03 15:40:00+00:00,2026-09-03 15:55:00+00:00,927.83,957.7965800719392,914.8664010974057,957.7965800719392,target,4,0.032297489919423945,0.0003,0.03199748991942395,0.013971954886772744,2.2901226191129482,1.0,0.9468778877887788
ZEC,range_breakout,1,2026-09-04 08:50:00+00:00,2026-09-04 08:55:00+00:00,2026-09-04 09:00:00+00:00,1019.61,1007.8932862758918,1007.980102062745,1046.4936046520606,stop,2,-0.011491367997673833,0.0006,-0.012091367997673835,0.01140622192529993,-1.0600677487130243,1.0,0.9382238283828382
ZEC,vwap_reversion,1,2026-09-05 07:50:00+00:00,2026-09-05 07:55:00+00:00,2026-09-05 08:00:00+00:00,1005.01,999.298017896799,999.3840933225468,1018.0148132616489,stop,2,-0.005683507729476291,0.0006,-0.006283507729476291,0.005597861391879835,-1.1224836217972534,1.0,0.8947326732673265
ZEC,vwap_reversion,-1,2026-09-05 17:00:00+00:00,2026-09-05 17:05:00+00:00,2026-09-05 18:00:00+00:00,1036.08,1028.1785478216518,1042.9355282836073,1020.232800561806,time,12,0.007626295438912158,0.0006,0.0070262954389121585,0.006616794343687155,1.061888140080354,1.0,0.7747656765676566
ZEC,vwap_reversion,1,2026-09-05 20:30:00+00:00,2026-09-05 20:35:00+00:00,2026-09-05 21:30:00+00:00,1008.79,1012.4327931986705,1002.1478790041652,1024.1438883889223,time,12,0.0036110520511410445,0.0006,0.0030110520511410447,0.0065842454780824225,0.4573116329219814,1.0,0.7433492409240924
ZEC,vwap_reversion,-1,2026-09-06 17:40:00+00:00,2026-09-06 17:45:00+00:00,2026-09-06 18:40:00+00:00,1223.71,1229.4758837606669,1241.3821599417383,1182.8591375259816,time,12,-0.004711805706145115,0.0006,-0.005311805706145115,0.014441460756011123,-0.36781637231082215,1.0,0.7925874587458744
ZEC,vwap_reversion,1,2026-09-07 07:40:00+00:00,2026-09-07 07:45:00+00:00,2026-09-07 08:40:00+00:00,1183.07,1182.0581823645364,1172.4881547967677,1207.5309320277615,time,12,-0.0008552474794082835,0.0006,-0.0014552474794082837,0.008944394839893085,-0.1626993782651123,1.0,0.9412692409240923
ZEC,vwap_reversion,1,2026-09-07 15:30:00+00:00,2026-09-07 15:35:00+00:00,2026-09-07 15:50:00+00:00,1160.61,1151.097076388031,1151.1962271610262,1182.3708227219754,stop,4,-0.00819648599613046,0.0006,-0.00879648599613046,0.008111056116157637,-1.0845056266603077,1.0,0.9125544554455444
ZEC,vwap_reversion,-1,2026-09-08 09:55:00+00:00,2026-09-08 10:00:00+00:00,2026-09-08 10:20:00+00:00,1150.9,1159.5606975886874,1159.4608349976402,1131.110823447484,stop,5,-0.007525152131972628,0.0006,-0.008125152131972629,0.007438383002554633,-1.092327745046488,1.0,0.969980198019802
ZEC,range_breakout,1,2026-09-08 14:45:00+00:00,2026-09-08 14:50:00+00:00,2026-09-08 14:50:00+00:00,1188.34,1176.3533056985748,1176.4546319394003,1215.8141479081974,stop,1,-0.010086923188165956,0.0006,-0.010686923188165958,0.01000165614268604,-1.0685153574271833,1.0,0.9468778877887788
ZEC,vwap_reversion,1,2026-09-10 07:20:00+00:00,2026-09-10 07:25:00+00:00,2026-09-10 08:20:00+00:00,1214.58,1221.0248259379496,1206.329925593569,1233.650824171387,time,12,0.0053062177361307165,0.0006,0.004706217736130717,0.006792532732657243,0.692851683070159,1.0,0.8932134653465346
ZEC,vwap_reversion,1,2026-09-10 12:45:00+00:00,2026-09-10 12:50:00+00:00,2026-09-10 13:00:00+00:00,1198.64,1186.2894885684793,1186.3916706712755,1226.953167071472,stop,3,-0.010303770466128922,0.0006,-0.010903770466128924,0.010218522098982647,-1.0670594397613036,1.0,0.9110352475247524
ZEC,range_breakout,-1,2026-09-10 16:15:00+00:00,2026-09-10 16:20:00+00:00,2026-09-10 17:15:00+00:00,1133.89,1138.3280340116514,1145.8728004565953,1106.1906279300442,time,12,-0.0039139899034750505,0.0006,-0.00451398990347505,0.01056786853803745,-0.42714288952664614,1.0,0.9468778877887788
ZEC,vwap_reversion,-1,2026-09-11 12:45:00+00:00,2026-09-11 12:50:00+00:00,2026-09-11 13:45:00+00:00,1156.86,1175.520578526684,1175.4193414538468,1113.9583338856726,stop,12,-0.01613036886631403,0.0006,-0.01673036886631403,0.016042858646549234,-1.042854595612402,1.0,0.9125544554455444
ZEC,range_breakout,1,2026-09-11 13:55:00+00:00,2026-09-11 14:00:00+00:00,2026-09-11 14:30:00+00:00,1208.87,1187.827772705613,1187.9300873098848,1257.2745807836718,stop,7,-0.01740652617269597,0.0006,-0.01800652617269597,0.017321889607745382,-1.0395243579340476,1.0,0.9468778877887788
ZEC,range_breakout,-1,2026-09-13 08:40:00+00:00,2026-09-13 08:45:00+00:00,2026-09-13 08:45:00+00:00,1105.97,1112.8864926117692,1112.7906496525134,1090.2034258032481,stop,1,-0.006253779588749398,0.0006,-0.006853779588749398,0.006167119951276552,-1.111342027218185,1.0,0.929056105610561
ZEC,vwap_reversion,1,2026-09-13 08:55:00+00:00,2026-09-13 09:00:00+00:00,2026-09-13 09:20:00+00:00,1109.61,1102.3696025751929,1102.4645561637858,1126.1273665489298,stop,5,-0.0065251731913077956,0.0006,-0.007125173191307795,0.006439599351316408,-1.1064621884979908,1.0,0.8947326732673265
ZEC,range_breakout,1,2026-09-14 13:45:00+00:00,2026-09-14 13:50:00+00:00,2026-09-14 13:55:00+00:00,1151.82,1140.9817158008723,1141.0799952782645,1176.6465326538666,stop,2,-0.009409703077848672,0.0006,-0.010009703077848674,0.009324377699410883,-1.0734982430496236,1.0,0.9468778877887788
ZEC,vwap_reversion,1,2026-09-15 08:05:00+00:00,2026-09-15 08:10:00+00:00,2026-09-15 09:05:00+00:00,1132.01,1143.6614896978938,1125.2534349480713,1147.6284366055454,time,12,0.01029274449686292,0.0006,0.009692744496862919,0.005968644315799981,1.6239440623400248,1.0,0.9151947194719471
ZEC,vwap_reversion,1,2026-09-15 11:35:00+00:00,2026-09-15 11:40:00+00:00,2026-09-15 12:35:00+00:00,1127.42,1129.7326894675205,1121.0932348691229,1142.0449135996366,time,12,0.0020513113724436195,0.0006,0.0014513113724436196,0.0056117197946437495,0.25862149671636514,1.0,0.969980198019802
ZEC,vwap_reversion,1,2026-09-15 14:50:00+00:00,2026-09-15 14:55:00+00:00,2026-09-15 15:50:00+00:00,1108.82,1124.3031571451281,1097.6848508753158,1134.5599461650309,time,12,0.013963634444840632,0.0006,0.01336363444484063,0.010042341520430936,1.3307289358415657,1.0,0.772125412541254
ZEC,range_breakout,-1,2026-09-15 18:45:00+00:00,2026-09-15 18:50:00+00:00,2026-09-15 18:50:00+00:00,1088.69,1105.2926786568905,1105.197489684907,1050.5313825399617,stop,1,-0.01525014343558816,0.0006,-0.01585014343558816,0.015162709021766448,-1.0453371764131913,1.0,0.9468778877887788
ZEC,vwap_reversion,-1,2026-09-16 18:10:00+00:00,2026-09-16 18:15:00+00:00,2026-09-16 18:40:00+00:00,1332.26,1361.1947842879717,1361.0775567565786,1265.645502859793,stop,6,-0.02171857166617008,0.0006,-0.02231857166617008,0.02163058018448247,-1.0318064275585712,1.0,0.9330165016501648
ZEC,vwap_reversion,-1,2026-09-17 08:40:00+00:00,2026-09-17 08:45:00+00:00,2026-09-17 09:40:00+00:00,1386.85,1370.1279968690885,1396.4243616991962,1364.717960999684,time,12,0.012057542726979406,0.0006,0.011457542726979405,0.006903675018348233,1.659629501175553,1.0,0.7269479867986798
ZEC,range_breakout,1,2026-09-17 14:20:00+00:00,2026-09-17 14:25:00+00:00,2026-09-17 15:20:00+00:00,1432.26,1426.1971532366053,1411.6122308957679,1479.9892633641307,time,12,-0.00423306296579856,0.0006,-0.00483306296579856,0.014416215704014718,-0.33525184868402175,1.0,0.9468778877887788
ZEC,range_breakout,1,2026-09-17 15:50:00+00:00,2026-09-17 15:55:00+00:00,2026-09-17 16:10:00+00:00,1477.04,1457.9599595092839,1458.0855421903166,1520.8550147919495,stop,4,-0.01291775476000386,0.0006,-0.013517754760003862,0.012832731550725418,-1.0533809350387073,1.0,0.9468778877887788
ZEC,vwap_reversion,1,2026-09-18 08:30:00+00:00,2026-09-18 08:35:00+00:00,2026-09-18 09:30:00+00:00,1474.39,1477.3127503490734,1463.103908280827,1500.4788641914222,time,12,0.0019823454778405574,0.0006,0.0013823454778405576,0.007654753300804531,0.18058654845157063,1.0,0.8932134653465346
ZEC,vwap_reversion,1,2026-09-18 11:25:00+00:00,2026-09-18 11:30:00+00:00,2026-09-18 12:25:00+00:00,1461.0,1456.2745624921422,1450.7033602031079,1484.8016528638304,time,12,-0.0032343857001080117,0.0006,-0.0038343857001080115,0.007047665843184257,-0.5440646286906773,1.0,0.9234474587458744
ZEC,vwap_reversion,1,2026-09-18 16:50:00+00:00,2026-09-18 16:55:00+00:00,2026-09-18 16:55:00+00:00,1455.97,1442.097497775638,1442.221714129386,1487.7504579183033,stop,1,-0.009528013780752386,0.0006,-0.010128013780752388,0.009442698593112472,-1.0725762006360964,1.0,0.9630264686468644
ZEC,vwap_reversion,1,2026-09-19 12:35:00+00:00,2026-09-19 12:40:00+00:00,2026-09-19 13:35:00+00:00,1533.58,1533.7378901193504,1523.4118531658812,1557.08462927597,time,12,0.0001029552546006343,0.0006,-0.0004970447453993657,0.006630333490342031,-0.07496527077007181,1.0,0.9430343894389438
ZEC,vwap_reversion,1,2026-09-20 14:15:00+00:00,2026-09-20 14:20:00+00:00,2026-09-20 15:15:00+00:00,1435.21,1439.8759749990968,1427.004561024981,1454.1776451668918,time,12,0.0032510747549813345,0.0006,0.0026510747549813346,0.00571723927161812,0.46369840915036864,1.0,0.8947326732673265
ZEC,vwap_reversion,1,2026-09-21 07:10:00+00:00,2026-09-21 07:15:00+00:00,2026-09-21 07:30:00+00:00,1498.66,1489.9095959290084,1490.0379306204604,1518.5907255947332,stop,4,-0.005838818725389104,0.0006,-0.006438818725389104,0.0057531857656437846,-1.1191744865670257,1.0,0.8947326732673265
ZEC,range_breakout,1,2026-09-21 11:40:00+00:00,2026-09-21 11:45:00+00:00,2026-09-21 11:50:00+00:00,1569.81,1555.6522077620152,1555.7862052519538,1602.2273226422226,stop,2,-0.009018793508758845,0.0006,-0.009618793508758846,0.008933434458976652,-1.076718428162141,1.0,0.9468778877887788
ZEC,vwap_reversion,1,2026-09-21 15:30:00+00:00,2026-09-21 15:35:00+00:00,2026-09-21 16:30:00+00:00,1498.49,1501.4406720690235,1485.8174755603443,1527.7837340307983,time,12,0.001969096936932205,0.0006,0.0013690969369322052,0.008456862868391327,0.16189182185386863,1.0,0.9125544554455444
ZEC,vwap_reversion,1,2026-09-21 20:55:00+00:00,2026-09-21 21:00:00+00:00,2026-09-21 21:25:00+00:00,1454.82,1444.630153182066,1444.7545876883457,1478.0871487494032,stop,6,-0.007004197645024154,0.0006,-0.007604197645024154,0.006918665066230936,-1.0990845159045506,1.0,0.7543036303630362
ZEC,vwap_reversion,1,2026-09-23 14:10:00+00:00,2026-09-23 14:15:00+00:00,2026-09-23 14:15:00+00:00,1589.96,1570.74219825006,1570.8774955297836,1634.071006710138,stop,1,-0.012086971842021187,0.0006,-0.012686971842021189,0.01200187707251527,-1.0570823018238382,1.0,0.7215485808580857
ZEC,vwap_reversion,1,2026-09-23 16:00:00+00:00,2026-09-23 16:05:00+00:00,2026-09-23 16:50:00+00:00,1542.98,1522.3132249573878,1522.4443507643173,1590.4500877259622,stop,10,-0.01339406540759585,0.0006,-0.013994065407595851,0.013309083225759723,-1.051467270150535,1.0,0.9330165016501648
ZEC,vwap_reversion,1,2026-09-24 09:20:00+00:00,2026-09-24 09:25:00+00:00,2026-09-24 09:30:00+00:00,1489.55,1477.8375860837134,1477.964880941834,1516.3300940547458,stop,2,-0.007863055228952738,0.0006,-0.00846305522895274,0.007777596628623341,-1.0881324441289169,1.0,0.9452046864686466
ZEC,vwap_reversion,-1,2026-09-25 08:25:00+00:00,2026-09-25 08:30:00+00:00,2026-09-25 08:35:00+00:00,1581.96,1592.6191755136326,1592.4820174694278,1557.6373654148736,stop,2,-0.006737955140226422,0.0006,-0.007337955140226422,0.006651253805044207,-1.103243892852417,1.0,0.9151947194719471
ZEC,range_breakout,-1,2026-09-25 15:35:00+00:00,2026-09-25 15:40:00+00:00,2026-09-25 16:35:00+00:00,1542.59,1550.4235241101737,1558.4189665641848,1505.999852652355,time,12,-0.0050781634200752065,0.0006,-0.005678163420075206,0.010261292089398287,-0.5533575470424181,1.0,0.9468778877887788
ZEC,vwap_reversion,1,2026-09-25 17:30:00+00:00,2026-09-25 17:35:00+00:00,2026-09-25 18:30:00+00:00,1524.85,1541.677206259276,1513.1518878606303,1551.8912882062236,time,12,0.011035319053858532,0.0006,0.01043531905385853,0.007671647794451611,1.3602448044350652,1.0,0.9151947194719471
ZEC,range_breakout,-1,2026-09-27 14:25:00+00:00,2026-09-27 14:30:00+00:00,2026-09-27 15:00:00+00:00,1624.76,1600.6172912732995,1635.204181204654,1600.6172912732995,target,7,0.014859246120473454,0.0003,0.014559246120473452,0.006428137820142132,2.264924388343549,1.0,0.929056105610561
ZEC,vwap_reversion,1,2026-09-28 15:15:00+00:00,2026-09-28 15:20:00+00:00,2026-09-28 16:00:00+00:00,1529.04,1512.1558169200487,1512.2860678095806,1567.768292527129,stop,9,-0.011042342306251831,0.0006,-0.011642342306251833,0.010957157556649593,-1.062533074482115,1.0,0.7803781518151814
ZEC,vwap_reversion,1,2026-09-28 19:20:00+00:00,2026-09-28 19:25:00+00:00,2026-09-28 19:35:00+00:00,1481.92,1468.9896969185775,1469.116229655876,1511.5171213027218,stop,3,-0.008725371869886773,0.0006,-0.009325371869886774,0.008639987545970151,-1.07932700368721,1.0,0.772125412541254
HYPE,range_breakout,1,2026-09-14 14:10:00+00:00,2026-09-14 14:15:00+00:00,2026-09-14 14:20:00+00:00,80.911,80.34874046924985,80.35321733596713,82.2003671726557,stop,2,-0.006949111131368468,0.0006,-0.007549111131368468,0.0068937803763749455,-1.0950611593661075,1.0,0.9495181518151815
HYPE,vwap_reversion,1,2026-09-15 14:15:00+00:00,2026-09-15 14:20:00+00:00,2026-09-15 14:30:00+00:00,78.278,77.82150576888677,77.82584182327955,79.3232062201002,stop,3,-0.005831705346498886,0.0006,-0.006431705346498886,0.005776312331950994,-1.1134621843286872,1.0,0.8947326732673265
HYPE,range_breakout,-1,2026-09-15 14:35:00+00:00,2026-09-15 14:40:00+00:00,2026-09-15 15:25:00+00:00,77.276,77.74077700419465,77.73644593047982,76.2116358563546,stop,10,-0.0060145064987144605,0.0006,-0.00661450649871446,0.005958459683211164,-1.1101034244390047,1.0,0.929056105610561
HYPE,range_breakout,-1,2026-09-15 18:45:00+00:00,2026-09-15 18:50:00+00:00,2026-09-15 18:50:00+00:00,75.28,76.02711079850165,76.0228751961076,73.56277400320056,stop,1,-0.00992442612249803,0.0006,-0.01052442612249803,0.009868161478581262,-1.0665032331849438,1.0,0.9468778877887788
HYPE,vwap_reversion,-1,2026-09-17 13:00:00+00:00,2026-09-17 13:05:00+00:00,2026-09-17 13:15:00+00:00,81.717,80.49158015791657,82.2471189285502,80.49158015791657,target,3,0.014995898553341725,0.0003,0.014695898553341724,0.006487253919627458,2.2653496742094013,1.0,0.7461107590759074
HYPE,range_breakout,1,2026-09-18 12:35:00+00:00,2026-09-18 12:40:00+00:00,2026-09-18 12:40:00+00:00,91.875,91.23596239821747,91.24104587856944,93.34044467200255,stop,1,-0.006955511311918729,0.0006,-0.007555511311918729,0.0069001809135299935,-1.0949729299276418,1.0,0.929056105610561
HYPE,vwap_reversion,1,2026-09-23 14:10:00+00:00,2026-09-23 14:15:00+00:00,2026-09-23 14:15:00+00:00,93.89,93.17709464334362,93.18228627959562,95.52594693339854,stop,1,-0.007592984946814127,0.0006,-0.008192984946814127,0.007537690067146484,-1.0869357686280827,1.0,0.7915368316831682
HYPE,vwap_reversion,1,2026-09-23 16:00:00+00:00,2026-09-23 16:05:00+00:00,2026-09-23 17:00:00+00:00,93.032,92.35885395443786,92.25546998727461,94.82702227579276,time,12,-0.00723563983964802,0.0006,-0.00783563983964802,0.008346913026973442,-0.9387470331039489,1.0,0.772125412541254
HYPE,vwap_reversion,1,2026-09-23 17:05:00+00:00,2026-09-23 17:10:00+00:00,2026-09-23 18:05:00+00:00,92.179,93.0528152883383,91.48917565187945,93.77359396413374,time,12,0.009479548360671003,0.0006,0.008879548360671001,0.007483530393262549,1.1865453728450535,1.0,0.7282329372937292
HYPE,range_breakout,-1,2026-09-24 09:00:00+00:00,2026-09-24 09:05:00+00:00,2026-09-24 09:45:00+00:00,91.577,90.29518015472708,92.13151767601148,90.29518015472708,target,9,0.013997181009128062,0.0003,0.01369718100912806,0.00605520683153502,2.2620500653741944,1.0,0.9495181518151815
HYPE,range_breakout,-1,2026-09-24 10:20:00+00:00,2026-09-24 10:25:00+00:00,2026-09-24 10:40:00+00:00,89.911,90.52808558979756,90.52304211291116,88.4962069998648,stop,4,-0.0068632935880765895,0.0006,-0.007463293588076589,0.006807199485170398,-1.0963823822609435,1.0,0.929056105610561
HYPE,range_breakout,-1,2026-09-25 13:45:00+00:00,2026-09-25 13:50:00+00:00,2026-09-25 13:50:00+00:00,91.526,92.10008488412362,92.09495382842611,90.21080962849325,stop,1,-0.006272369426432068,0.0006,-0.006872369426432068,0.0062163082449371325,-1.1055387145625,1.0,0.929056105610561
HYPE,range_breakout,-1,2026-09-25 14:00:00+00:00,2026-09-25 14:05:00+00:00,2026-09-25 14:10:00+00:00,91.424,92.06848419351077,92.06335489834264,89.94607092339639,stop,2,-0.007049398336440795,0.0006,-0.0076493983364407945,0.006993293865315786,-1.0938190906546985,1.0,0.9482332013201319
HYPE,range_breakout,-1,2026-09-25 15:30:00+00:00,2026-09-25 15:35:00+00:00,2026-09-25 16:30:00+00:00,91.059,91.12207656915557,91.67385942786886,89.6376945109408,time,12,-0.0006926999984138797,0.0006,-0.0012926999984138798,0.006752319132308331,-0.19144533501513586,1.0,0.929056105610561
HYPE,range_breakout,-1,2026-09-28 14:25:00+00:00,2026-09-28 14:30:00+00:00,2026-09-28 14:35:00+00:00,87.465,88.0420270638242,88.0371220895763,86.14248589438523,stop,2,-0.006597233908697075,0.0006,-0.007197233908697075,0.006541154628437651,-1.1003002248879916,1.0,0.929056105610561
HYPE,range_breakout,-1,2026-09-28 14:40:00+00:00,2026-09-28 14:45:00+00:00,2026-09-28 15:05:00+00:00,87.159,87.79740838357958,87.79251703746324,85.69456568876252,stop,5,-0.0073246409846323786,0.0006,-0.00792464098463238,0.007268521179261349,-1.0902686790324119,1.0,0.9495181518151815
NEAR,range_breakout,1,2026-07-01 14:50:00+00:00,2026-07-01 14:55:00+00:00,2026-07-01 15:00:00+00:00,1.841,1.873392054705099,1.8269871362090793,1.873392054705099,target,2,0.017594815157576913,0.0003,0.01729481515757691,0.007611550130864003,2.272180417947762,1.0,0.929056105610561
NEAR,range_breakout,1,2026-07-03 11:00:00+00:00,2026-07-03 11:05:00+00:00,2026-07-03 11:25:00+00:00,2.009,1.9963983118508726,1.9965195719021904,2.0378496852405883,stop,5,-0.0062726172967283835,0.0006,-0.006872617296728383,0.006212258883927064,-1.106299242375404,1.0,0.9495181518151815
NEAR,range_breakout,1,2026-07-03 11:50:00+00:00,2026-07-03 11:55:00+00:00,2026-07-03 12:50:00+00:00,2.019,2.0398760991336276,2.006813257811642,2.047170802594828,time,12,0.010339821264798129,0.0006,0.009739821264798127,0.006036028820385406,1.6136141086510303,1.0,0.929056105610561
NEAR,range_breakout,1,2026-07-04 14:25:00+00:00,2026-07-04 14:30:00+00:00,2026-07-04 14:35:00+00:00,2.014,2.0027054530151625,2.0028270961584997,2.0398272197495544,stop,2,-0.00560801737082291,0.0006,-0.006208017370822909,0.005547618590615735,-1.1190418500154813,1.0,0.8947055445544554
NEAR,range_breakout,1,2026-07-06 15:25:00+00:00,2026-07-06 15:30:00+00:00,2026-07-06 15:35:00+00:00,2.069,2.0480248506277987,2.048149246444512,2.117198481044932,stop,2,-0.010137819899565607,0.0006,-0.010737819899565609,0.010077696256881504,-1.065503427158101,1.0,0.9455929372937292
NEAR,vwap_reversion,1,2026-07-10 14:20:00+00:00,2026-07-10 14:25:00+00:00,2026-07-10 14:30:00+00:00,1.894,1.8830494980182844,1.8831638733297682,1.919048727592782,stop,2,-0.005781680032584765,0.0006,-0.0063816800325847646,0.005721291800544764,-1.1154264203019886,1.0,0.8947326732673265
NEAR,vwap_reversion,1,2026-07-10 14:35:00+00:00,2026-07-10 14:40:00+00:00,2026-07-10 15:35:00+00:00,1.891,1.8928850272842925,1.8784827221958822,1.9199348668080696,time,12,0.0009968415041208447,0.0006,0.0003968415041208448,0.006619395983140043,0.05995131657505026,1.0,0.8947326732673265
NEAR,vwap_reversion,-1,2026-07-14 12:35:00+00:00,2026-07-14 12:40:00+00:00,2026-07-14 13:35:00+00:00,2.03,2.030123293509184,2.0425469191741237,2.0009966143728586,time,12,-6.0735718810042196e-05,0.0006,-0.0006607357188100422,0.0061807483616373345,-0.10690221962620194,1.0,0.7747656765676566
NEAR,range_breakout,1,2026-07-16 15:30:00+00:00,2026-07-16 15:35:00+00:00,2026-07-16 15:45:00+00:00,2.085,2.071612660680327,2.0717384892066555,2.1156552314715715,stop,3,-0.006420786244447513,0.0006,-0.007020786244447513,0.006360436831340228,-1.1038213931869425,1.0,0.929056105610561
NEAR,range_breakout,-1,2026-07-17 08:35:00+00:00,2026-07-17 08:40:00+00:00,2026-07-17 08:50:00+00:00,1.89,1.9022427936391633,1.9021272665723599,1.8619666808943272,stop,3,-0.006477668592149928,0.0006,-0.007077668592149928,0.006416543159978837,-1.1030345180711403,1.0,0.922165412541254
NEAR,vwap_reversion,1,2026-07-27 14:35:00+00:00,2026-07-27 14:40:00+00:00,2026-07-27 15:35:00+00:00,1.784,1.772340918775953,1.7724485697138883,1.8107022192845628,stop,12,-0.006535359430519691,0.0006,-0.007135359430519691,0.006475016976520063,-1.101983123193991,1.0,0.9151947194719471
NEAR,range_breakout,-1,2026-07-28 13:45:00+00:00,2026-07-28 13:50:00+00:00,2026-07-28 14:05:00+00:00,1.627,1.6369933255687512,1.6368939076406548,1.6041293004538488,stop,4,-0.0061421792063621455,0.0006,-0.006742179206362145,0.006081074149142453,-1.1087151777803796,1.0,0.929056105610561
NEAR,range_breakout,1,2026-07-29 18:40:00+00:00,2026-07-29 18:45:00+00:00,2026-07-29 19:25:00+00:00,1.625,1.614667907785542,1.6147659817581541,1.6486568972402091,stop,9,-0.006358210593512663,0.0006,-0.006958210593512663,0.006297857379597484,-1.1048536310229027,1.0,0.929056105610561
NEAR,vwap_reversion,1,2026-07-29 20:10:00+00:00,2026-07-29 20:15:00+00:00,2026-07-29 21:05:00+00:00,1.588,1.576515238235691,1.5766109948377462,1.614326758309848,stop,11,-0.007232217735710966,0.0006,-0.007832217735710967,0.007171917608472228,-1.0920674446202119,1.0,0.9319658745874586
NEAR,range_breakout,1,2026-07-31 14:15:00+00:00,2026-07-31 14:20:00+00:00,2026-07-31 14:25:00+00:00,1.691,1.680051064948466,1.6801531102553282,1.716073607453263,stop,2,-0.006474828534319432,0.0006,-0.007074828534319432,0.006414482403708905,-1.102946128627418,1.0,0.929056105610561
NEAR,vwap_reversion,1,2026-08-11 14:50:00+00:00,2026-08-11 14:55:00+00:00,2026-08-11 14:55:00+00:00,1.549,1.5395578459668924,1.5396513577988251,1.5706102671172082,stop,1,-0.006095644953587833,0.0006,-0.0066956449535878326,0.006035275791591192,-1.1094182245849837,1.0,0.7747656765676566
NEAR,range_breakout,1,2026-08-19 15:20:00+00:00,2026-08-19 15:25:00+00:00,2026-08-19 15:25:00+00:00,1.658,1.6800426220303852,1.648464320250178,1.6800426220303852,target,1,0.013294705687807792,0.0003,0.01299470568780779,0.00575131468626168,2.2594322162285074,1.0,0.9495181518151815
NEAR,range_breakout,1,2026-08-21 07:45:00+00:00,2026-08-21 07:50:00+00:00,2026-08-21 08:05:00+00:00,1.926,1.908706657425313,1.9088225911374668,1.9657071987474497,stop,4,-0.008978890225694104,0.0006,-0.009578890225694105,0.008918696190307959,-1.0740236040446793,1.0,0.9468778877887788
NEAR,vwap_reversion,1,2026-08-24 11:00:00+00:00,2026-08-24 11:05:00+00:00,2026-08-24 11:35:00+00:00,1.951,1.9885865207795674,1.9347400004151087,1.9885865207795674,target,7,0.01926525924119291,0.0003,0.018965259241192908,0.008334187383337379,2.2755978920164828,1.0,0.9052550495049504
NEAR,vwap_reversion,1,2026-08-24 13:45:00+00:00,2026-08-24 13:50:00+00:00,2026-08-24 14:20:00+00:00,1.959,2.005533208736829,1.9388696463771713,2.005533208736829,target,7,0.02375355218827405,0.0003,0.023453552188274048,0.010275831354174958,2.2823994847623816,1.0,0.9657555775577557
NEAR,vwap_reversion,1,2026-08-25 07:50:00+00:00,2026-08-25 07:55:00+00:00,2026-08-25 08:50:00+00:00,1.931,1.9298827800626965,1.9160293075041754,1.9656061659867252,time,12,-0.0005785706562938971,0.0006,-0.0011785706562938971,0.00775281848566788,-0.1520183477109186,1.0,0.9125544554455444
NEAR,vwap_reversion,1,2026-08-25 20:45:00+00:00,2026-08-25 20:50:00+00:00,2026-08-25 21:05:00+00:00,1.854,1.8431293201869574,1.843241270770478,1.8788698161175188,stop,4,-0.0058633655949529035,0.0006,-0.006463365594952903,0.005802982324445648,-1.1138006689638402,1.0,0.7747656765676566
NEAR,vwap_reversion,1,2026-08-26 14:45:00+00:00,2026-08-26 14:50:00+00:00,2026-08-26 14:55:00+00:00,1.828,1.8171864043666628,1.8172967791928383,1.8527415031701784,stop,2,-0.005915533716267659,0.0006,-0.0065155337162676585,0.005855153614421084,-1.1127861274587358,1.0,0.7527844224422441
NEAR,vwap_reversion,-1,2026-08-27 08:20:00+00:00,2026-08-27 08:25:00+00:00,2026-08-27 08:25:00+00:00,1.914,1.925565632904429,1.9254486893942468,1.8875352759654729,stop,1,-0.006042650420286904,0.0006,-0.006642650420286904,0.005981551407652478,-1.1105230010710352,1.0,0.9151947194719471
NEAR,range_breakout,1,2026-08-27 08:40:00+00:00,2026-08-27 08:45:00+00:00,2026-08-27 09:00:00+00:00,1.941,1.9280925494158987,1.9282096606156527,1.9705660743739621,stop,4,-0.006649897261257787,0.0006,-0.007249897261257787,0.006589561764218067,-1.1002093190210922,1.0,0.929056105610561
NEAR,vwap_reversion,1,2026-08-28 14:05:00+00:00,2026-08-28 14:10:00+00:00,2026-08-28 14:35:00+00:00,1.842,1.8708122734221284,1.8295357563252237,1.8708122734221284,target,6,0.01564184224871245,0.0003,0.015341842248712448,0.00676669037718593,2.26725938287909,1.0,0.7747656765676566
NEAR,range_breakout,-1,2026-08-28 15:55:00+00:00,2026-08-28 16:00:00+00:00,2026-08-28 16:25:00+00:00,1.836,1.8019857230454617,1.8507146401872299,1.8019857230454617,target,6,0.01852629463754815,0.0003,0.018226294637548147,0.008014509905898578,2.2741620949440495,1.0,0.945565808580858
NEAR,range_breakout,1,2026-08-31 14:55:00+00:00,2026-08-31 15:00:00+00:00,2026-08-31 15:10:00+00:00,1.888,1.873830628817508,1.8739444441803352,1.9204907413512535,stop,3,-0.0075049635500487035,0.0006,-0.008104963550048704,0.0074446799892291205,-1.0886920004318352,1.0,0.9277810561056105
NEAR,vwap_reversion,-1,2026-09-01 11:45:00+00:00,2026-09-01 11:50:00+00:00,2026-09-01 12:00:00+00:00,1.978,1.9905207291389189,1.99039984077387,1.949336599950257,stop,3,-0.006329994509059092,0.0006,-0.006929994509059092,0.006268878045434803,-1.105460093310594,1.0,0.9070018481848184
NEAR,range_breakout,1,2026-09-01 13:50:00+00:00,2026-09-01 13:55:00+00:00,2026-09-01 14:50:00+00:00,2.013,2.031876585019378,1.9941948089161663,2.0564699706937892,time,12,0.009377339800982586,0.0006,0.008777339800982584,0.009341873365044004,0.9395695550558599,1.0,0.9468778877887788
NEAR,vwap_reversion,1,2026-09-01 18:25:00+00:00,2026-09-01 18:30:00+00:00,2026-09-01 18:35:00+00:00,1.915,1.8991732039256322,1.8992885585814654,1.951318476902265,stop,2,-0.0082646454696438,0.0006,-0.008864645469643802,0.008204408051454112,-1.0804734983985436,1.0,0.9330165016501648
NEAR,range_breakout,1,2026-09-03 15:00:00+00:00,2026-09-03 15:05:00+00:00,2026-09-03 15:10:00+00:00,1.958,1.9431494163551801,1.9432674421001161,1.9920556954352386,stop,2,-0.007584567745056097,0.0006,-0.008184567745056097,0.007524289019348238,-1.087752972275519,1.0,0.9495181518151815
NEAR,range_breakout,1,2026-09-03 15:35:00+00:00,2026-09-03 15:40:00+00:00,2026-09-03 16:00:00+00:00,1.983,1.9675551287264086,1.9676746368598625,2.0184260205920572,stop,5,-0.007788639068881245,0.0006,-0.008388639068881246,0.007728372738344724,-1.0854340690971822,1.0,0.9468778877887788
NEAR,range_breakout,1,2026-09-04 09:50:00+00:00,2026-09-04 09:55:00+00:00,2026-09-04 10:05:00+00:00,2.029,2.0121273482138533,2.012249563637526,2.0677202115915154,stop,3,-0.008315747553546875,0.0006,-0.008915747553546877,0.008255513239267546,-1.0799749567524053,1.0,0.9673399339933992
NEAR,vwap_reversion,1,2026-09-04 12:45:00+00:00,2026-09-04 12:50:00+00:00,2026-09-04 13:45:00+00:00,1.947,1.983879500333881,1.9231649746857786,2.002096906342295,time,12,0.018941705358952683,0.0006,0.018341705358952683,0.012241923633395732,1.4982698723031456,1.0,0.9497876567656763
NEAR,vwap_reversion,1,2026-09-04 14:20:00+00:00,2026-09-04 14:25:00+00:00,2026-09-04 14:40:00+00:00,1.94,1.9202026157689964,1.9203192477388527,1.9854939128355509,stop,4,-0.010204837232476043,0.0006,-0.010804837232476045,0.010144717660385253,-1.065070275407322,1.0,0.9630264686468644
NEAR,range_breakout,1,2026-09-04 19:35:00+00:00,2026-09-04 19:40:00+00:00,2026-09-04 20:10:00+00:00,2.148,2.121308581564917,2.121437428592053,2.2094018860806894,stop,7,-0.012426172455811475,0.0006,-0.013026172455811476,0.012366187806306798,-1.0533700975468028,1.0,0.9468778877887788
NEAR,vwap_reversion,1,2026-09-05 13:40:00+00:00,2026-09-05 13:45:00+00:00,2026-09-05 14:40:00+00:00,2.204,2.2048660777400237,2.186288529706688,2.24494173205483,time,12,0.00039295723231559123,0.0006,-0.00020704276768440875,0.008036057301865702,-0.02576422241742109,1.0,0.9575627062706269
NEAR,vwap_reversion,1,2026-09-05 15:15:00+00:00,2026-09-05 15:20:00+00:00,2026-09-05 15:30:00+00:00,2.186,2.1726548416836136,2.172786807452185,2.2165435392953117,stop,3,-0.006104829970899536,0.0006,-0.006704829970899536,0.006044461366795549,-1.1092518528998523,1.0,0.7661154455445544
NEAR,range_breakout,1,2026-09-06 07:30:00+00:00,2026-09-06 07:35:00+00:00,2026-09-06 08:05:00+00:00,2.286,2.340484502936926,2.262429901550797,2.340484502936926,target,7,0.023833990786056806,0.0003,0.023533990786056804,0.01031062924287098,2.2824980155628016,1.0,0.9468778877887788
NEAR,range_breakout,1,2026-09-06 09:40:00+00:00,2026-09-06 09:45:00+00:00,2026-09-06 10:25:00+00:00,2.387,2.3568818953919664,2.3570250510026924,2.4562899183343556,stop,9,-0.012617555344798349,0.0006,-0.01321755534479835,0.012557582319776918,-1.052555739489921,1.0,0.9468778877887788
NEAR,range_breakout,-1,2026-09-07 07:35:00+00:00,2026-09-07 07:40:00+00:00,2026-09-07 08:05:00+00:00,2.306,2.3320985813103023,2.3319569482288176,2.2459980689493277,stop,6,-0.011317684870035686,0.0006,-0.011917684870035687,0.011256265493849709,-1.0587601080080573,1.0,0.9468778877887788
NEAR,vwap_reversion,1,2026-09-08 11:55:00+00:00,2026-09-08 12:00:00+00:00,2026-09-08 12:55:00+00:00,2.282,2.2928607329967687,2.2676764527480384,2.315110228792578,time,12,0.004759304555989793,0.0006,0.004159304555989793,0.006276751644154948,0.662652402355768,1.0,0.7899524752475247
NEAR,range_breakout,1,2026-09-08 15:05:00+00:00,2026-09-08 15:10:00+00:00,2026-09-08 15:45:00+00:00,2.419,2.3932122348541287,2.393357597148161,2.4782748297807005,stop,8,-0.010660506467908778,0.0006,-0.01126050646790878,0.010600414572897473,-1.0622703848488144,1.0,0.9468778877887788
NEAR,range_breakout,1,2026-09-09 10:25:00+00:00,2026-09-09 10:30:00+00:00,2026-09-09 11:00:00+00:00,2.539,2.508916834259496,2.5090692243823827,2.608187807405942,stop,7,-0.01184843077609464,0.0006,-0.012448430776094642,0.011788411034902569,-1.055988863913713,1.0,0.9468778877887788
NEAR,range_breakout,1,2026-09-09 11:35:00+00:00,2026-09-09 11:40:00+00:00,2026-09-09 12:35:00+00:00,2.573,2.611841358302468,2.542446308008615,2.6436277372844335,time,12,0.015095747494157897,0.0006,0.014495747494157895,0.011874734547759462,1.2207218136840767,1.0,0.9468778877887788
NEAR,vwap_reversion,1,2026-09-10 09:40:00+00:00,2026-09-10 09:45:00+00:00,2026-09-10 10:40:00+00:00,2.392,2.4208529588247605,2.3755420718419065,2.4300440513219694,time,12,0.01206227375617081,0.0006,0.011462273756170809,0.0068804047483668465,1.6659301560553583,1.0,0.7747656765676566
NEAR,range_breakout,1,2026-09-12 15:40:00+00:00,2026-09-12 15:45:00+00:00,2026-09-12 16:05:00+00:00,2.414,2.3984190322849575,2.3985647108367827,2.4496801249497566,stop,5,-0.0064544191031659865,0.0006,-0.007054419103165986,0.006394071732898723,-1.1032749393269472,1.0,0.9262618481848185
NEAR,vwap_reversion,1,2026-09-13 10:50:00+00:00,2026-09-13 10:55:00+00:00,2026-09-13 11:50:00+00:00,2.286,2.301860186375299,2.2718889629782137,2.318618991376448,time,12,0.006937964293656684,0.0006,0.006337964293656684,0.006172807096144493,1.0267556064752692,1.0,0.9151947194719471
NEAR,vwap_reversion,-1,2026-09-13 17:20:00+00:00,2026-09-13 17:25:00+00:00,2026-09-13 18:20:00+00:00,2.367,2.347142546732047,2.3815373395773958,2.333395570107325,time,12,0.008389291621441895,0.0006,0.007789291621441894,0.0061416728252621814,1.2682687344403398,1.0,0.9151947194719471
NEAR,range_breakout,1,2026-09-14 17:05:00+00:00,2026-09-14 17:10:00+00:00,2026-09-14 17:10:00+00:00,2.497,2.5451975204704147,2.476149661990855,2.5451975204704147,target,1,0.019302170793117666,0.0003,0.019002170793117664,0.008350155390126129,2.2756667277817733,1.0,0.9468778877887788
NEAR,range_breakout,1,2026-09-14 17:40:00+00:00,2026-09-14 17:45:00+00:00,2026-09-14 18:40:00+00:00,2.554,2.5578446380312836,2.527488583101245,2.6152836376137887,time,12,0.001505339871293565,0.0006,0.000905339871293565,0.010380351174140566,0.08721669008163609,1.0,0.9455929372937292
NEAR,vwap_reversion,1,2026-09-15 14:40:00+00:00,2026-09-15 14:45:00+00:00,2026-09-15 15:40:00+00:00,2.344,2.3598566637036082,2.3251648969471073,2.3875391150280634,time,12,0.006764788269457503,0.0006,0.006164788269457503,0.00803545352085866,0.7671985474690096,1.0,0.772125412541254
NEAR,vwap_reversion,1,2026-09-16 08:30:00+00:00,2026-09-16 08:35:00+00:00,2026-09-16 08:50:00+00:00,2.318,2.348131574555439,2.304965024173509,2.348131574555439,target,4,0.012998953647730429,0.0003,0.012698953647730427,0.0056233717974507845,2.258245427323013,1.0,0.8904192079207921
NEAR,range_breakout,1,2026-09-20 12:45:00+00:00,2026-09-20 12:50:00+00:00,2026-09-20 13:45:00+00:00,3.693,3.6617775857977177,3.646747539846941,3.799916918759608,time,12,-0.008454485297124921,0.0006,-0.009054485297124923,0.012524359640687564,-0.7229499596697823,1.0,0.9468778877887788
NEAR,range_breakout,1,2026-09-20 15:40:00+00:00,2026-09-20 15:45:00+00:00,2026-09-20 16:00:00+00:00,3.796,3.936841777184243,3.735071582283932,3.936841777184243,target,4,0.037102681028515064,0.0003,0.03680268102851507,0.01605068959854255,2.2929034171751015,1.0,0.9468778877887788
NEAR,range_breakout,1,2026-09-20 16:15:00+00:00,2026-09-20 16:20:00+00:00,2026-09-20 16:30:00+00:00,4.051,4.229183191297537,3.9739176163038867,4.229183191297537,target,3,0.04398498921193204,0.0003,0.04368498921193204,0.019027989063469076,2.2958279546103353,1.0,0.9468778877887788
NEAR,vwap_reversion,1,2026-09-21 14:05:00+00:00,2026-09-21 14:10:00+00:00,2026-09-21 15:05:00+00:00,4.103,4.109750376195691,4.061163285975897,4.199709505606441,time,12,0.0016452293920767378,0.0006,0.0010452293920767378,0.01019661565296194,0.10250748166359656,1.0,0.9067742574257424
NEAR,vwap_reversion,1,2026-09-21 15:15:00+00:00,2026-09-21 15:20:00+00:00,2026-09-21 16:15:00+00:00,4.037,4.076752380474411,3.986538084423526,4.153647471513733,time,12,0.00984701027357223,0.0006,0.009247010273572229,0.01249985523321127,0.7397693894088907,1.0,0.9125544554455444
NEAR,vwap_reversion,1,2026-09-23 16:00:00+00:00,2026-09-23 16:05:00+00:00,2026-09-23 17:00:00+00:00,4.206,4.28573968670918,4.064444447833166,4.533218993776959,time,12,0.018958556041174347,0.0006,0.018358556041174347,0.03365562343481565,0.5454825722284204,1.0,0.9125544554455444
NEAR,vwap_reversion,1,2026-09-24 09:15:00+00:00,2026-09-24 09:20:00+00:00,2026-09-24 10:15:00+00:00,4.153,4.182745942488218,4.094570317478824,4.288065715393151,time,12,0.007162519260346321,0.0006,0.006562519260346321,0.014069271014008082,0.4664434464168288,1.0,0.9330165016501648
NEAR,vwap_reversion,-1,2026-09-24 13:20:00+00:00,2026-09-24 13:25:00+00:00,2026-09-24 14:00:00+00:00,4.492,4.54700078245137,4.546724633862501,4.365498853607696,stop,8,-0.012244163502085948,0.0006,-0.01284416350208595,0.012182687858971782,-1.0542963630663025,1.0,0.9125544554455444
NEAR,range_breakout,1,2026-09-24 14:30:00+00:00,2026-09-24 14:35:00+00:00,2026-09-24 14:40:00+00:00,4.741,4.656730545127168,4.6570133921830505,4.9351429557507736,stop,2,-0.017774616087920646,0.0006,-0.018374616087920646,0.017714956299715076,-1.0372374493645338,1.0,0.9468778877887788
NEAR,range_breakout,1,2026-09-25 13:50:00+00:00,2026-09-25 13:55:00+00:00,2026-09-25 14:00:00+00:00,5.175,5.09038276667596,5.090691953510997,5.369885991521681,stop,2,-0.016351156197882088,0.0006,-0.016951156197882088,0.016291409949565794,-1.0404965715281063,1.0,0.9673399339933992
NEAR,vwap_reversion,1,2026-09-26 07:50:00+00:00,2026-09-26 07:55:00+00:00,2026-09-26 07:55:00+00:00,4.874,4.84177305771541,4.842067144143936,4.947815804478871,stop,1,-0.0066120111375850546,0.0006,-0.007212011137585054,0.006551673339364691,-1.100789182246439,1.0,0.9065444884488448
NEAR,vwap_reversion,1,2026-09-26 13:25:00+00:00,2026-09-26 13:30:00+00:00,2026-09-26 13:30:00+00:00,4.804,4.7657472898508395,4.766036758519244,4.891755608930155,stop,1,-0.007962679048534713,0.0006,-0.008562679048534715,0.007902423289083414,-1.0835510495069776,1.0,0.9125544554455444
NEAR,vwap_reversion,1,2026-09-26 20:40:00+00:00,2026-09-26 20:45:00+00:00,2026-09-26 21:20:00+00:00,4.767,4.836778382370995,4.7368137405417015,4.836778382370995,target,8,0.0146377978542049,0.0003,0.014337797854204899,0.0063323388836372336,2.264218342965468,1.0,0.969980198019802
NEAR,range_breakout,-1,2026-09-28 15:10:00+00:00,2026-09-28 15:15:00+00:00,2026-09-28 16:10:00+00:00,4.888,4.9032977872293255,4.9779254579716525,4.6801288326597295,time,12,-0.003129661871793294,0.0006,-0.003729661871793294,0.01839718861940528,-0.20272999037794623,1.0,0.9468778877887788
NEAR,vwap_reversion,1,2026-09-28 19:10:00+00:00,2026-09-28 19:15:00+00:00,2026-09-28 19:35:00+00:00,4.829,4.772223774723791,4.772513636770051,4.95957354978517,stop,5,-0.011757346298655729,0.0006,-0.01235734629865573,0.011697321025046272,-1.0564253363822549,1.0,0.7705410561056104
NEAR,vwap_reversion,1,2026-09-28 19:40:00+00:00,2026-09-28 19:45:00+00:00,2026-09-28 20:40:00+00:00,4.713,4.794708772228306,4.647289024384028,4.8648971103006895,time,12,0.01733689204929049,0.0006,0.01673689204929049,0.01394249429577173,1.2004230874504431,1.0,0.772125412541254
SOL,vwap_reversion,-1,2026-07-01 14:20:00+00:00,2026-07-01 14:25:00+00:00,2026-07-01 15:05:00+00:00,76.87,77.42717527874558,77.42001889613745,75.59857950820404,stop,9,-0.007248279936848901,0.0006,-0.007848279936848902,0.007155182725867556,-1.0968664585567671,1.0,0.9151947194719471
SOL,range_breakout,1,2026-07-06 15:40:00+00:00,2026-07-06 15:45:00+00:00,2026-07-06 16:40:00+00:00,81.36,82.05241471695311,80.904968435286,82.41184832712877,time,12,0.008510505370613443,0.0006,0.007910505370613441,0.005592816675442619,1.4144045531382268,1.0,0.8913415841584157
SOL,range_breakout,1,2026-08-19 15:05:00+00:00,2026-08-19 15:10:00+00:00,2026-08-19 15:10:00+00:00,81.94,81.39493912906529,81.4024636322016,83.18256595164992,stop,1,-0.0066519510731596915,0.0006,-0.007251951073159691,0.006560121647527481,-1.1054598470583181,1.0,0.929056105610561
SOL,range_breakout,1,2026-08-24 15:20:00+00:00,2026-08-24 15:25:00+00:00,2026-08-24 15:35:00+00:00,97.45,96.73867077398914,96.74761371859269,99.07363205629663,stop,3,-0.007299427665580921,0.0006,-0.00789942766558092,0.007207658095508637,-1.0959770234527844,1.0,0.929056105610561
SOL,vwap_reversion,1,2026-08-25 08:00:00+00:00,2026-08-25 08:05:00+00:00,2026-08-25 09:00:00+00:00,100.19,100.14074255304477,99.53340338322421,101.70778493298171,time,12,-0.000491640352881763,0.0006,-0.001091640352881763,0.006553514490226455,-0.1665732721747658,1.0,0.9452046864686466
SOL,range_breakout,1,2026-09-03 14:45:00+00:00,2026-09-03 14:50:00+00:00,2026-09-03 15:00:00+00:00,103.8,105.14653264838068,103.21748744364722,105.14653264838068,target,3,0.012972376188638609,0.0003,0.012672376188638607,0.005611874338658737,2.2581361277714147,1.0,0.929056105610561
SOL,vwap_reversion,1,2026-09-04 12:35:00+00:00,2026-09-04 12:40:00+00:00,2026-09-04 12:45:00+00:00,101.77,101.05037457236418,101.05971610967019,103.4118881232986,stop,2,-0.007071095879294674,0.0006,-0.007671095879294674,0.006979305201236122,-1.0991202788976797,1.0,0.969980198019802
SOL,vwap_reversion,1,2026-09-04 12:55:00+00:00,2026-09-04 13:00:00+00:00,2026-09-04 13:55:00+00:00,101.59,101.66060205060471,100.8272003646473,103.35328321505443,time,12,0.0006949704754868134,0.0006,9.497047548681344e-05,0.0075086094630642825,0.012648210824385551,1.0,0.7625563696369636
SOL,vwap_reversion,1,2026-09-09 15:10:00+00:00,2026-09-09 15:15:00+00:00,2026-09-09 15:20:00+00:00,102.85,102.25965627617806,102.26910960475844,104.1927828701598,stop,2,-0.005739851471287615,0.0006,-0.0063398514712876145,0.005647937727190552,-1.1225073252429858,1.0,0.8932134653465346
SOL,vwap_reversion,1,2026-09-10 12:45:00+00:00,2026-09-10 12:50:00+00:00,2026-09-10 12:55:00+00:00,99.5,98.87982455080218,98.88896543299843,100.91246396285145,stop,2,-0.006232919087415241,0.0006,-0.006832919087415241,0.006141050924638844,-1.1126628277906823,1.0,0.7747656765676566
SOL,range_breakout,1,2026-09-11 13:45:00+00:00,2026-09-11 13:50:00+00:00,2026-09-11 14:00:00+00:00,103.08,104.97542232067234,102.26003673901948,104.97542232067234,target,3,0.01838787660722098,0.0003,0.018087876607220978,0.007954630005631671,2.273880318055677,1.0,0.929056105610561
SOL,range_breakout,-1,2026-09-15 18:40:00+00:00,2026-09-15 18:45:00+00:00,2026-09-15 18:45:00+00:00,98.06,96.45315207203794,98.75512543592089,96.45315207203794,target,1,0.01638637495372287,0.0003,0.01608637495372287,0.007088776625748449,2.2692737834752172,1.0,0.929056105610561
SOL,range_breakout,1,2026-09-18 13:45:00+00:00,2026-09-18 13:50:00+00:00,2026-09-18 13:55:00+00:00,108.53,107.917368837772,107.92734518997486,109.92309336520306,stop,2,-0.005644809381995748,0.0006,-0.006244809381995748,0.005552886851793482,-1.1246059119642944,1.0,0.929056105610561
SOL,range_breakout,1,2026-09-18 14:20:00+00:00,2026-09-18 14:25:00+00:00,2026-09-18 14:30:00+00:00,109.8,109.0568542309358,109.06693592213769,111.49454667273967,stop,2,-0.006768176403134783,0.0006,-0.007368176403134783,0.006676357721878944,-1.1036221709613756,1.0,0.929056105610561
SOL,range_breakout,1,2026-09-18 14:40:00+00:00,2026-09-18 14:45:00+00:00,2026-09-18 15:00:00+00:00,110.17,109.41756845072881,109.42768348792625,111.88593454602557,stop,4,-0.006829731771545734,0.0006,-0.007429731771545734,0.006737918780736639,-1.1026745814726875,1.0,0.929056105610561
SOL,vwap_reversion,1,2026-09-23 14:10:00+00:00,2026-09-23 14:15:00+00:00,2026-09-23 14:15:00+00:00,114.69,113.87473500635166,113.8852620834632,116.55022750271912,stop,1,-0.007108422649301085,0.0006,-0.007708422649301085,0.007016635421892067,-1.0985924429322103,1.0,0.9151947194719471
SOL,range_breakout,1,2026-09-25 11:05:00+00:00,2026-09-25 11:10:00+00:00,2026-09-25 11:10:00+00:00,122.18,121.47739575146157,121.48862565168758,123.77817693559176,stop,1,-0.005750566774745745,0.0006,-0.006350566774745745,0.005658654021218042,-1.1222751472228667,1.0,0.929056105610561
SOL,vwap_reversion,1,2026-09-28 14:45:00+00:00,2026-09-28 14:50:00+00:00,2026-09-28 14:50:00+00:00,118.17,117.41291970731395,117.42377386964927,119.89497199697017,stop,1,-0.0064067046855044016,0.0006,-0.007006704685504401,0.0063148525882265345,-1.1095595008136472,1.0,0.938341122112211
SOL,range_breakout,1,2026-09-28 17:10:00+00:00,2026-09-28 17:15:00+00:00,2026-09-28 17:25:00+00:00,120.52,119.72377321503754,119.73484100274874,122.33496898639963,stop,3,-0.006606594631284905,0.0006,-0.007206594631284905,0.006514761012705388,-1.1061947809336783,1.0,0.8947055445544554
PUMP,range_breakout,1,2026-07-01 14:50:00+00:00,2026-07-01 14:55:00+00:00,2026-07-01 15:20:00+00:00,0.001467,0.00150429469365834,0.001450866245376643,0.00150429469365834,target,6,0.025422422398323086,0.0003,0.025122422398323085,0.010997787745983036,2.2843159895951892,1.0,0.9221914191419142
PUMP,vwap_reversion,1,2026-07-06 07:55:00+00:00,2026-07-06 08:00:00+00:00,2026-07-06 08:10:00+00:00,0.001593,0.0016260045788989094,0.0015787221570907539,0.0016260045788989094,target,3,0.02071850527238505,0.0003,0.02041850527238505,0.008962864349809198,2.2781227602557346,1.0,0.7679657425742573
PUMP,vwap_reversion,-1,2026-07-07 07:25:00+00:00,2026-07-07 07:30:00+00:00,2026-07-07 08:25:00+00:00,0.001682,0.0016542521151387893,0.001698145193689967,0.0016446788638615978,time,12,0.016496958894893353,0.0006,0.015896958894893353,0.009598807187851966,1.6561389955839707,1.0,0.8878679867986797
PUMP,vwap_reversion,1,2026-07-07 14:35:00+00:00,2026-07-07 14:40:00+00:00,2026-07-07 15:35:00+00:00,0.001617,0.001631751238266926,0.0016022271634452223,0.0016511488033403919,time,12,0.009122596330813896,0.0006,0.008522596330813894,0.009135953342472285,0.9328633817768152,1.0,0.7645855445544553
PUMP,vwap_reversion,1,2026-07-08 08:25:00+00:00,2026-07-08 08:30:00+00:00,2026-07-08 08:35:00+00:00,0.001514,0.0015017616449988648,0.0015019905897183249,0.0015417608831873504,stop,2,-0.008083457728622971,0.0006,-0.008683457728622973,0.00793223928776429,-1.0947044603177136,1.0,0.7915313531353133
PUMP,vwap_reversion,1,2026-07-10 14:40:00+00:00,2026-07-10 14:45:00+00:00,2026-07-10 15:10:00+00:00,0.001463,0.0014509427188434103,0.0014511639161784366,0.0014903602227469477,stop,6,-0.00824147720887885,0.0006,-0.008841477208878852,0.008090282858211593,-1.0928514322468714,1.0,0.7710693069306929
PUMP,vwap_reversion,1,2026-07-13 13:20:00+00:00,2026-07-13 13:25:00+00:00,2026-07-13 13:40:00+00:00,0.001482,0.0014706305875180866,0.0014708547862838561,0.0015077632114163038,stop,4,-0.007671668341372086,0.0006,-0.008271668341372088,0.007520387122904134,-1.0998992746237555,1.0,0.7667558415841582
PUMP,vwap_reversion,1,2026-07-14 09:50:00+00:00,2026-07-14 09:55:00+00:00,2026-07-14 10:50:00+00:00,0.001424,0.0014217832480487556,0.0014156705424269846,0.0014432543258390718,time,12,-0.0015567078309299907,0.0006,-0.0021567078309299905,0.0058493381832973625,-0.36870971780848905,1.0,0.7080909570957094
PUMP,range_breakout,1,2026-07-14 13:20:00+00:00,2026-07-14 13:25:00+00:00,2026-07-14 13:40:00+00:00,0.001491,0.0014799125436694288,0.0014801381574765628,0.0015161081722099739,stop,4,-0.007436255084219388,0.0006,-0.008036255084219388,0.007284937976818932,-1.103132944960024,1.0,0.8053927392739273
PUMP,vwap_reversion,1,2026-07-14 18:35:00+00:00,2026-07-14 18:40:00+00:00,2026-07-14 19:35:00+00:00,0.001398,0.0014207834004762879,0.001374516210130278,0.0014522849925249367,time,12,0.016297139110363335,0.0006,0.015697139110363335,0.016798132954021376,0.9344573681687364,1.0,0.7804774257425742
PUMP,range_breakout,1,2026-07-16 15:25:00+00:00,2026-07-16 15:30:00+00:00,2026-07-16 15:30:00+00:00,0.001725,0.0017709013009409927,0.0017051430108781913,0.0017709013009409927,target,1,0.02660944982086534,0.0003,0.02630944982086534,0.011511298041628282,2.285532850050666,1.0,0.7977739273927393
PUMP,range_breakout,1,2026-07-19 18:30:00+00:00,2026-07-19 18:35:00+00:00,2026-07-19 18:40:00+00:00,0.001712,0.001736992680728767,0.0017011881193085584,0.001736992680728767,target,2,0.014598528463064787,0.0003,0.014298528463064786,0.0063153508711690995,2.26409090401304,1.0,0.8053927392739273
PUMP,range_breakout,1,2026-07-19 18:50:00+00:00,2026-07-19 18:55:00+00:00,2026-07-19 18:55:00+00:00,0.001774,0.0017568914706101062,0.0017571593100679857,0.0018129288412196561,stop,1,-0.009644041369725895,0.0006,-0.010244041369725896,0.009493060841045255,-1.0791083657057814,1.0,0.9017293729372937
PUMP,range_breakout,1,2026-07-19 20:10:00+00:00,2026-07-19 20:15:00+00:00,2026-07-19 20:35:00+00:00,0.001804,0.0018476312961469758,0.0017851250192216844,0.0018476312961469758,target,5,0.02418586260918835,0.0003,0.02388586260918835,0.010462849655385562,2.2829213260169077,1.0,0.9017293729372937
PUMP,range_breakout,1,2026-07-19 20:50:00+00:00,2026-07-19 20:55:00+00:00,2026-07-19 20:55:00+00:00,0.001868,0.0018467925991000986,0.0018470741440542596,0.0019163720872948642,stop,1,-0.011352998340418344,0.0006,-0.011952998340418346,0.011202278343544203,-1.067014938734028,1.0,0.9004444224422441
PUMP,vwap_reversion,1,2026-07-21 08:45:00+00:00,2026-07-21 08:50:00+00:00,2026-07-21 09:45:00+00:00,0.002003,0.002021691791529243,0.0019866012481076774,0.0020409072598090647,time,12,0.009331897917744945,0.0006,0.008731897917744943,0.008187095303206516,1.0665440665293162,1.0,0.7667558415841582
PUMP,vwap_reversion,1,2026-07-21 10:50:00+00:00,2026-07-21 10:55:00+00:00,2026-07-21 11:50:00+00:00,0.001999,0.002002694687652361,0.0019877355543379462,0.002025038827291269,time,12,0.001848267960160631,0.0006,0.001248267960160631,0.005635040351202519,0.221518903568144,1.0,0.7697843564356434
PUMP,vwap_reversion,1,2026-07-21 12:10:00+00:00,2026-07-21 12:15:00+00:00,2026-07-21 12:20:00+00:00,0.00198,0.0019676402017169683,0.001967940169981227,0.0020078774331593378,stop,2,-0.0062423223651675115,0.0006,-0.006842322365167511,0.006090823241804538,-1.1233821921156795,1.0,0.7652891089108909
PUMP,vwap_reversion,1,2026-07-21 12:25:00+00:00,2026-07-21 12:30:00+00:00,2026-07-21 13:25:00+00:00,0.001958,0.0019756988031957388,0.0019440427891577099,0.001990263407671671,time,12,0.009039225329795031,0.0006,0.00843922532979503,0.00712829971516354,1.1839043905298832,1.0,0.7915313531353133
PUMP,vwap_reversion,1,2026-07-21 13:45:00+00:00,2026-07-21 13:50:00+00:00,2026-07-21 14:45:00+00:00,0.001947,0.0019587013944637917,0.0019332348663687604,0.001978819403104097,time,12,0.006009961203796476,0.0006,0.005409961203796476,0.007069919687334109,0.7652082969893591,1.0,0.7710693069306929
PUMP,vwap_reversion,1,2026-07-22 14:25:00+00:00,2026-07-22 14:30:00+00:00,2026-07-22 15:25:00+00:00,0.001949,0.0019617009371811944,0.0019381334310774802,0.0019741190977266947,time,12,0.006516642986759594,0.0006,0.005916642986759594,0.005575458657013788,1.061193948468545,1.0,0.9114983498349835
PUMP,vwap_reversion,1,2026-07-22 16:15:00+00:00,2026-07-22 16:20:00+00:00,2026-07-22 16:20:00+00:00,0.001936,0.00192240032393633,0.0019226933953463766,0.0019667594701775785,stop,1,-0.007024626065945298,0.0006,-0.007624626065945298,0.006873246205383961,-1.1093195032025427,1.0,0.7162838283828381
PUMP,range_breakout,1,2026-07-26 16:25:00+00:00,2026-07-26 16:30:00+00:00,2026-07-26 17:00:00+00:00,0.001868,0.0018566800462374736,0.0018569630985405662,0.0018935128374315898,stop,7,-0.006059932421052734,0.0006,-0.006659932421052734,0.005908405492202252,-1.127196234219592,1.0,0.8053927392739273
PUMP,range_breakout,1,2026-07-27 10:35:00+00:00,2026-07-27 10:40:00+00:00,2026-07-27 11:35:00+00:00,0.002127,0.0021476725856601456,0.0021033904908648237,0.002181575604450154,time,12,0.009719128190007337,0.0006,0.009119128190007335,0.011099910265715203,0.8215497217282919,1.0,0.9017293729372937
PUMP,range_breakout,-1,2026-07-29 20:25:00+00:00,2026-07-29 20:30:00+00:00,2026-07-29 21:25:00+00:00,0.001826,0.0018452812287975007,0.0018477708087530301,0.0017756747246940824,time,12,-0.010559270973439654,0.0006,-0.011159270973439656,0.011922677301768981,-0.9359702264007382,1.0,0.9017293729372937
PUMP,range_breakout,1,2026-07-30 17:00:00+00:00,2026-07-30 17:05:00+00:00,2026-07-30 17:10:00+00:00,0.002013,0.0019953802783617604,0.0019956844756220697,0.002053026465772172,stop,2,-0.008752966536631686,0.0006,-0.009352966536631688,0.008601850162906184,-1.0873203275458747,1.0,0.8053927392739273
PUMP,range_breakout,1,2026-07-31 14:45:00+00:00,2026-07-31 14:50:00+00:00,2026-07-31 15:05:00+00:00,0.002101,0.002075132248444702,0.002075448603954276,0.0021600644589752603,stop,4,-0.012312114019656447,0.0006,-0.012912114019656449,0.012161540240706299,-1.0617169999929679,1.0,0.9017293729372937
PUMP,vwap_reversion,1,2026-08-01 12:30:00+00:00,2026-08-01 12:35:00+00:00,2026-08-01 13:25:00+00:00,0.002135,0.0021667247602127062,0.0021212758090615883,0.0021667247602127062,target,11,0.014859372464967706,0.0003,0.014559372464967704,0.006428192477007949,2.2649247851620764,1.0,0.7710693069306929
PUMP,vwap_reversion,1,2026-08-01 14:55:00+00:00,2026-08-01 15:00:00+00:00,2026-08-01 15:55:00+00:00,0.002122,0.0021083476542140727,0.0021086690734378397,0.0021528156925603565,stop,12,-0.0064337162044898755,0.0006,-0.007033716204489875,0.006282246259265061,-1.1196180337751878,1.0,0.9319603960396039
PUMP,vwap_reversion,1,2026-08-01 18:00:00+00:00,2026-08-01 18:05:00+00:00,2026-08-01 18:25:00+00:00,0.002082,0.0020665916927776486,0.0020669067462729335,0.002116889477818364,stop,5,-0.007400723930043932,0.0006,-0.008000723930043932,0.007249401405891717,-1.103639249930567,1.0,0.744998613861386
PUMP,vwap_reversion,1,2026-08-02 07:15:00+00:00,2026-08-02 07:20:00+00:00,2026-08-02 08:15:00+00:00,0.002177,0.0021776680128341697,0.002159628199555285,0.0022171565532019145,time,12,0.00030685017646743247,0.0006,-0.0002931498235325675,0.007979697034779673,-0.03673696159827472,1.0,0.7710693069306929
PUMP,vwap_reversion,1,2026-08-02 18:35:00+00:00,2026-08-02 18:40:00+00:00,2026-08-02 18:40:00+00:00,0.002135,0.002120399643498005,0.002120722900056821,0.0021680028614628564,stop,1,-0.006838574474002367,0.0006,-0.007438574474002367,0.0066871662497326005,-1.1123657160908498,1.0,0.9319603960396039
PUMP,range_breakout,1,2026-08-03 16:50:00+00:00,2026-08-03 16:55:00+00:00,2026-08-03 17:50:00+00:00,0.002163,0.0022091905618903357,0.002143017876047441,0.0022091905618903357,target,12,0.021354859866082147,0.0003,0.021054859866082146,0.009238152543947747,2.279120177537657,1.0,0.9017293729372937
PUMP,range_breakout,1,2026-08-04 07:45:00+00:00,2026-08-04 07:50:00+00:00,2026-08-04 08:00:00+00:00,0.002272,0.002250435905376207,0.0022507789860633023,0.0023210543727957005,stop,3,-0.009491238830894864,0.0006,-0.010091238830894866,0.009340235007349413,-1.0804052385142902,1.0,0.9017293729372937
PUMP,range_breakout,1,2026-08-04 19:05:00+00:00,2026-08-04 19:10:00+00:00,2026-08-04 19:30:00+00:00,0.002356,0.002410903618927676,0.0023322485911848926,0.002410903618927676,target,5,0.023303743178130665,0.0003,0.023003743178130663,0.01008124313035117,2.2818359681133247,1.0,0.9221914191419142
PUMP,range_breakout,1,2026-08-04 20:00:00+00:00,2026-08-04 20:05:00+00:00,2026-08-04 20:45:00+00:00,0.002451,0.0025282046538262063,0.002417601121542268,0.0025282046538262063,target,9,0.03149924676711802,0.0003,0.031199246767118025,0.013626633397687396,2.2895784935707533,1.0,0.9017293729372937
PUMP,vwap_reversion,1,2026-08-05 17:20:00+00:00,2026-08-05 17:25:00+00:00,2026-08-05 18:10:00+00:00,0.002445,0.002422256988368731,0.0024226262633122676,0.0024967190000245417,stop,10,-0.009301845247962895,0.0006,-0.009901845247962896,0.009150812551219918,-1.0820727878031833,1.0,0.7695500990099008
PUMP,vwap_reversion,1,2026-08-06 09:45:00+00:00,2026-08-06 09:50:00+00:00,2026-08-06 10:45:00+00:00,0.002302,0.0022976497215302675,0.0022873339798773836,0.0023359018870950333,time,12,-0.0018897821328115855,0.0006,-0.0024897821328115854,0.006370990496358082,-0.3907998503898014,1.0,0.7367458745874585
PUMP,vwap_reversion,1,2026-08-06 11:05:00+00:00,2026-08-06 11:10:00+00:00,2026-08-06 12:05:00+00:00,0.002297,0.0023126474351172796,0.002282856872066743,0.0023296931725413695,time,12,0.0068121180310316025,0.0006,0.006212118031031603,0.006157217210821553,1.008916498854963,1.0,0.7162838283828381
PUMP,vwap_reversion,1,2026-08-06 14:15:00+00:00,2026-08-06 14:20:00+00:00,2026-08-06 14:45:00+00:00,0.002301,0.0023392869080302724,0.0022844370115731112,0.0023392869080302724,target,6,0.0166392472969458,0.0003,0.0163392472969458,0.007198169677048663,2.269916941391841,1.0,0.7695500990099008
PUMP,vwap_reversion,1,2026-08-07 15:00:00+00:00,2026-08-07 15:05:00+00:00,2026-08-07 16:00:00+00:00,0.002303,0.0023166468254071496,0.0022887270580457704,0.0023359932498797044,time,12,0.005925673211962535,0.0006,0.005325673211962536,0.006197543184641543,0.8593200649509576,1.0,0.6630553795379536
PUMP,vwap_reversion,1,2026-08-07 16:50:00+00:00,2026-08-07 16:55:00+00:00,2026-08-07 17:50:00+00:00,0.002285,0.00230064926424767,0.002271982011990211,0.0023150923056168317,time,12,0.006848693325019566,0.0006,0.006248693325019566,0.005697150113693265,1.0968103701534302,1.0,0.744998613861386
PUMP,range_breakout,1,2026-08-08 17:15:00+00:00,2026-08-08 17:20:00+00:00,2026-08-08 17:40:00+00:00,0.002398,0.002380730913614508,0.002381093857875964,0.0024370801401273003,stop,5,-0.007201453872181799,0.0006,-0.007801453872181799,0.007050100969155873,-1.1065733535325364,1.0,0.8053927392739273
PUMP,range_breakout,1,2026-08-09 13:25:00+00:00,2026-08-09 13:30:00+00:00,2026-08-09 13:35:00+00:00,0.002701,0.0026677564600770605,0.0026681631616041466,0.0027769054452773706,stop,2,-0.012307863725634704,0.0006,-0.012907863725634705,0.012157289298723872,-1.061738633380191,1.0,0.9017293729372937
PUMP,vwap_reversion,1,2026-08-10 12:45:00+00:00,2026-08-10 12:50:00+00:00,2026-08-10 13:45:00+00:00,0.00269,0.0027045876835245313,0.0026641708037657623,0.002749706620280594,time,12,0.005422930678264379,0.0006,0.004822930678264379,0.00960193168559035,0.5022875434015186,1.0,0.8878679867986797
PUMP,vwap_reversion,1,2026-08-11 11:20:00+00:00,2026-08-11 11:25:00+00:00,2026-08-11 11:40:00+00:00,0.002736,0.002711678718214765,0.0027120921157239336,0.002791265326696125,stop,4,-0.008889357377644454,0.0006,-0.009489357377644456,0.008738261796807888,-1.0859548040905511,1.0,0.7710693069306929
PUMP,vwap_reversion,1,2026-08-12 18:50:00+00:00,2026-08-12 18:55:00+00:00,2026-08-12 19:50:00+00:00,0.002705,0.0027125864641042714,0.0026854134837528435,0.0027502760774119044,time,12,0.002804607801948788,0.0006,0.002204607801948788,0.007240856283606735,0.30446783026753477,1.0,0.7805769636963694
PUMP,range_breakout,1,2026-08-19 15:20:00+00:00,2026-08-19 15:25:00+00:00,2026-08-19 15:25:00+00:00,0.003071,0.003139067825352467,0.003041553730725265,0.003139067825352467,target,1,0.02216471030689259,0.0003,0.021864710306892587,0.009588495367872058,2.2803067079903014,1.0,0.9093052805280527
PUMP,range_breakout,1,2026-08-19 17:10:00+00:00,2026-08-19 17:15:00+00:00,2026-08-19 17:30:00+00:00,0.003203,0.003156974101069373,0.003157455384202631,0.00330828066985044,stop,4,-0.014369621895294194,0.0006,-0.014969621895294195,0.01421936178500436,-1.052763275991828,1.0,0.9221914191419142
PUMP,range_breakout,1,2026-08-20 13:55:00+00:00,2026-08-20 14:00:00+00:00,2026-08-20 14:15:00+00:00,0.003574,0.0035177767824285285,0.0035183130702084557,0.003702725584083352,stop,4,-0.01573117447439045,0.0006,-0.01633117447439045,0.015581121933839991,-1.0481385450762344,1.0,0.9017293729372937
PUMP,range_breakout,1,2026-08-20 15:00:00+00:00,2026-08-20 15:05:00+00:00,2026-08-20 15:20:00+00:00,0.003746,0.0036678282137414114,0.0036683873769776144,0.003925408889450298,stop,4,-0.020868068942495665,0.0006,-0.021468068942495665,0.0207187995254634,-1.0361637466548876,1.0,0.9017293729372937
PUMP,vwap_reversion,-1,2026-08-21 10:50:00+00:00,2026-08-21 10:55:00+00:00,2026-08-21 11:50:00+00:00,0.00413,0.00407862159947762,0.004201781287551411,0.003964070791819563,time,12,0.012440290683385079,0.0006,0.011840290683385078,0.01738045703424013,0.6812416186789149,1.0,0.7474389438943893
PUMP,range_breakout,1,2026-08-22 07:00:00+00:00,2026-08-22 07:05:00+00:00,2026-08-22 07:15:00+00:00,0.004737,0.004583086707356719,0.00458378540245522,0.005091169975483947,stop,3,-0.03249172316725366,0.0006,-0.03309172316725366,0.03234422578526059,-1.0231106902034337,1.0,0.9209064686468647
PUMP,vwap_reversion,1,2026-08-24 08:25:00+00:00,2026-08-24 08:30:00+00:00,2026-08-24 08:35:00+00:00,0.004861,0.004801011230297485,0.004801743148157357,0.004997977795201471,stop,2,-0.012340828986322732,0.0006,-0.012940828986322733,0.012190259584991288,-1.0615712402265454,1.0,0.8878679867986797
PUMP,vwap_reversion,1,2026-08-24 17:00:00+00:00,2026-08-24 17:05:00+00:00,2026-08-24 17:05:00+00:00,0.004783,0.00471629413107847,0.004717013133751316,0.004935534857487899,stop,1,-0.013946449701344258,0.0006,-0.01454644970134426,0.013796125078127462,-1.0543866208060386,1.0,0.7269768976897689
PUMP,vwap_reversion,1,2026-08-24 17:20:00+00:00,2026-08-24 17:25:00+00:00,2026-08-24 17:25:00+00:00,0.00466,0.0045780845610548,0.004578782493572245,0.004847741917032275,stop,1,-0.01757842037450638,0.0006,-0.01817842037450638,0.017428649448016174,-1.0430194507455397,1.0,0.7269768976897689
PUMP,range_breakout,-1,2026-08-25 13:10:00+00:00,2026-08-25 13:15:00+00:00,2026-08-25 13:15:00+00:00,0.004524,0.004593695583038366,0.004592995484069851,0.004364510438997953,stop,1,-0.015405743377180741,0.0006,-0.01600574337718074,0.015250991173707137,-1.0494887312488124,1.0,0.9017293729372937
PUMP,vwap_reversion,1,2026-08-25 20:45:00+00:00,2026-08-25 20:50:00+00:00,2026-08-25 21:05:00+00:00,0.004447,0.004410171185347827,0.004410843519341816,0.004530579111086672,stop,4,-0.008281721306987408,0.0006,-0.00888172130698741,0.008130533091563752,-1.092391016304096,1.0,0.7309656765676565
PUMP,vwap_reversion,1,2026-08-26 13:25:00+00:00,2026-08-26 13:30:00+00:00,2026-08-26 14:05:00+00:00,0.004657,0.004782129116715121,0.004602868908756468,0.004782129116715121,target,8,0.026869039449242207,0.0003,0.026569039449242205,0.011623597003120425,2.285784636383177,1.0,0.777448910891089
PUMP,vwap_reversion,-1,2026-08-27 08:30:00+00:00,2026-08-27 08:35:00+00:00,2026-08-27 08:55:00+00:00,0.004814,0.004864067883969453,0.004863326579099159,0.0046999769657055665,stop,5,-0.010400474443176815,0.0006,-0.011000474443176816,0.010246485064220814,-1.0735851732794517,1.0,0.8862836303630361
PUMP,vwap_reversion,1,2026-08-30 17:40:00+00:00,2026-08-30 17:45:00+00:00,2026-08-30 17:50:00+00:00,0.004803,0.0047628389822901825,0.004763565080761445,0.004894157530703615,stop,2,-0.008361652656634912,0.0006,-0.008961652656634914,0.00821047662680714,-1.09148994193287,1.0,0.9114983498349835
PUMP,vwap_reversion,1,2026-08-30 18:25:00+00:00,2026-08-30 18:30:00+00:00,2026-08-30 19:25:00+00:00,0.004753,0.004755275054655331,0.004716624272479848,0.004837085920861801,time,12,0.00047865656539679686,0.0006,-0.00012134343460320314,0.007653214289954193,-0.01585522500820102,1.0,0.7710693069306929
PUMP,vwap_reversion,1,2026-09-01 08:15:00+00:00,2026-09-01 08:20:00+00:00,2026-09-01 08:40:00+00:00,0.00444,0.00440974789496969,0.004410420164432734,0.004508376576419985,stop,5,-0.006813537168988862,0.0006,-0.0074135371689888615,0.006662125127762634,-1.112788641284283,1.0,0.7915313531353133
PUMP,vwap_reversion,1,2026-09-02 08:50:00+00:00,2026-09-02 08:55:00+00:00,2026-09-02 09:50:00+00:00,0.004226,0.00423235477425484,0.00419799022318934,0.004290747237700004,time,12,0.0015037326679697139,0.0006,0.0009037326679697139,0.006627964224008556,0.1363514704403672,1.0,0.7330549834983497
PUMP,vwap_reversion,1,2026-09-02 17:15:00+00:00,2026-09-02 17:20:00+00:00,2026-09-02 18:15:00+00:00,0.00406,0.00410937352284134,0.004020524075501709,0.004151252318224311,time,12,0.012160966217078765,0.0006,0.011560966217078764,0.009723134112879601,1.1890164305935784,1.0,0.7269768976897689
PUMP,vwap_reversion,1,2026-09-02 19:35:00+00:00,2026-09-02 19:40:00+00:00,2026-09-02 20:35:00+00:00,0.004054,0.004083377485957185,0.004026303651142362,0.004118022719460772,time,12,0.007246543156681002,0.0006,0.006646543156681002,0.006831857142979255,0.9728750203026872,1.0,0.7149988778877886
PUMP,vwap_reversion,1,2026-09-05 13:10:00+00:00,2026-09-05 13:15:00+00:00,2026-09-05 13:40:00+00:00,0.004117,0.004085075359890491,0.004085698132775495,0.004189357214816066,stop,6,-0.007754345423733013,0.0006,-0.008354345423733015,0.00760307680944989,-1.098811130429377,1.0,0.714764620462046
PUMP,vwap_reversion,1,2026-09-05 15:30:00+00:00,2026-09-05 15:35:00+00:00,2026-09-05 16:30:00+00:00,0.004033,0.004064380382080303,0.004000851507401683,0.0041073142691221975,time,12,0.0077809030697503796,0.0006,0.00718090306975038,0.007971359434246842,0.9008379472765367,1.0,0.7162838283828381
PUMP,vwap_reversion,1,2026-09-05 18:30:00+00:00,2026-09-05 18:35:00+00:00,2026-09-05 18:35:00+00:00,0.004018,0.003989430622509137,0.003990038814280259,0.004082634914815923,stop,1,-0.007110347807581685,0.0006,-0.007710347807581685,0.006958981015366051,-1.1079708064379754,1.0,0.7131802640264024
PUMP,vwap_reversion,1,2026-09-05 18:45:00+00:00,2026-09-05 18:50:00+00:00,2026-09-05 19:00:00+00:00,0.003969,0.0039352368102680705,0.0039358367401507765,0.004045659999216685,stop,3,-0.008506724548231252,0.0006,-0.009106724548231254,0.008355570634725116,-1.089898577409471,1.0,0.7162838283828381
PUMP,vwap_reversion,1,2026-09-06 16:20:00+00:00,2026-09-06 16:25:00+00:00,2026-09-06 16:30:00+00:00,0.003869,0.0038305297098524898,0.0038311136770570902,0.003956577804483973,stop,2,-0.009943212754590402,0.0006,-0.010543212754590404,0.009792277834817691,-1.0766864392983897,1.0,0.7817623762376236
PUMP,vwap_reversion,1,2026-09-06 16:35:00+00:00,2026-09-06 16:40:00+00:00,2026-09-06 17:35:00+00:00,0.003791,0.0038214174219707055,0.0037416900832705643,0.0039049845176571747,time,12,0.00802358796378406,0.0006,0.007423587963784059,0.013007100166034296,0.5707335123911342,1.0,0.8878679867986797
PUMP,range_breakout,1,2026-09-07 10:45:00+00:00,2026-09-07 10:50:00+00:00,2026-09-07 11:25:00+00:00,0.004387,0.004525783849501479,0.004326961845670207,0.004525783849501479,target,8,0.03163525176692014,0.0003,0.03133525176692015,0.01368546941641058,2.289673142621274,1.0,0.9017293729372937
PUMP,vwap_reversion,1,2026-09-08 12:25:00+00:00,2026-09-08 12:30:00+00:00,2026-09-08 13:25:00+00:00,0.004269,0.004269349134436137,0.004231350107848715,0.004356031272436665,time,12,8.178365803159627e-05,0.0006,-0.0005182163419684037,0.00881937037978088,-0.058758881830890855,1.0,0.892361716171617
PUMP,range_breakout,1,2026-09-09 12:35:00+00:00,2026-09-09 12:40:00+00:00,2026-09-09 13:00:00+00:00,0.004723,0.0046653176791906234,0.0046660289104641164,0.004854694040303961,stop,5,-0.012213068136645423,0.0006,-0.012813068136645425,0.012062479258073881,-1.0622250917504497,1.0,0.9017293729372937
PUMP,range_breakout,1,2026-09-09 16:35:00+00:00,2026-09-09 16:40:00+00:00,2026-09-09 17:30:00+00:00,0.004768,0.004699606056879455,0.004700322515442536,0.004924442880969789,stop,11,-0.01434436726521482,0.0006,-0.014944367265214822,0.014194103304837181,-1.0528574397596473,1.0,0.8989351155115511
PUMP,vwap_reversion,1,2026-09-10 07:05:00+00:00,2026-09-10 07:10:00+00:00,2026-09-10 07:20:00+00:00,0.00398,0.0039485316215998765,0.00394913357828681,0.004051350641496433,stop,3,-0.0079066277387245,0.0006,-0.008506627738724501,0.007755382339997611,-1.0968676160364677,1.0,0.7038218481848183
PUMP,vwap_reversion,1,2026-09-10 07:30:00+00:00,2026-09-10 07:35:00+00:00,2026-09-10 07:40:00+00:00,0.003932,0.0038979179120918342,0.0038985121526797692,0.004009410313732996,stop,2,-0.008667875866776578,0.0006,-0.00926787586677658,0.008516746520913126,-1.0881943995889785,1.0,0.7367458745874585
PUMP,vwap_reversion,1,2026-09-10 12:25:00+00:00,2026-09-10 12:30:00+00:00,2026-09-10 12:35:00+00:00,0.003944,0.00391203657921234,0.003912632972201953,0.004016507839620122,stop,2,-0.008104315615532293,0.0006,-0.008704315615532294,0.007953100354474265,-1.0944556496933187,1.0,0.7710693069306929
PUMP,vwap_reversion,1,2026-09-10 14:15:00+00:00,2026-09-10 14:20:00+00:00,2026-09-10 15:15:00+00:00,0.003857,0.0038404145258475876,0.0038143991082302316,0.003955475974453306,time,12,-0.004300097006070157,0.0006,-0.0049000970060701565,0.011045084721226013,-0.443645035755438,1.0,0.7269768976897689
PUMP,vwap_reversion,1,2026-09-11 12:25:00+00:00,2026-09-11 12:30:00+00:00,2026-09-11 12:30:00+00:00,0.003608,0.0035748300633695936,0.0035753750489661436,0.0036834156476797117,stop,1,-0.009193441416409777,0.0006,-0.009793441416409778,0.009042392193419185,-1.0830586870073151,1.0,0.7367458745874585
PUMP,range_breakout,1,2026-09-11 13:55:00+00:00,2026-09-11 14:00:00+00:00,2026-09-11 14:30:00+00:00,0.003845,0.003788169589774667,0.003788747099146335,0.003975033879509559,stop,7,-0.014780340760814765,0.0006,-0.015380340760814766,0.014630143264932368,-1.0512775221880828,1.0,0.7613003300330032
PUMP,vwap_reversion,1,2026-09-11 18:50:00+00:00,2026-09-11 18:55:00+00:00,2026-09-11 19:50:00+00:00,0.003544,0.0035924523278756527,0.003495848756912575,0.0036553061343832507,time,12,0.013671650077780161,0.0006,0.01307165007778016,0.013586693873426954,0.9620920438448882,1.0,0.7094246204620461
PUMP,range_breakout,1,2026-09-12 14:45:00+00:00,2026-09-12 14:50:00+00:00,2026-09-12 15:05:00+00:00,0.003676,0.003651332352738672,0.0036518890011681595,0.0037317348451257762,stop,4,-0.006710458993832487,0.0006,-0.0073104589938324865,0.0065590312382591155,-1.1145638324132778,1.0,0.8053927392739273
PUMP,range_breakout,1,2026-09-12 17:00:00+00:00,2026-09-12 17:05:00+00:00,2026-09-12 17:05:00+00:00,0.003757,0.0037230034364446737,0.003723571011186075,0.0038342742567510297,stop,1,-0.009048859077808415,0.0006,-0.009648859077808417,0.00889778781312887,-1.084411010967392,1.0,0.9017293729372937
PUMP,range_breakout,1,2026-09-12 17:15:00+00:00,2026-09-12 17:20:00+00:00,2026-09-12 17:30:00+00:00,0.003806,0.0039020370415750773,0.0037644541951806876,0.0039020370415750773,target,3,0.02523306399765564,0.0003,0.024933063997655637,0.010915870945694309,2.2841112836250885,1.0,0.9017293729372937
PUMP,range_breakout,1,2026-09-14 16:50:00+00:00,2026-09-14 16:55:00+00:00,2026-09-14 16:55:00+00:00,0.00379,0.003750530200494779,0.003751101971712561,0.003879916456693428,stop,1,-0.010414195120111087,0.0006,-0.011014195120111089,0.010263332001962831,-1.0731597806642772,1.0,0.7977739273927393
PUMP,vwap_reversion,1,2026-09-15 14:40:00+00:00,2026-09-15 14:45:00+00:00,2026-09-15 14:50:00+00:00,0.003527,0.0034950041941509318,0.0034955370102322364,0.003599729664753019,stop,2,-0.009071677303393366,0.0006,-0.009671677303393368,0.00892060951736987,-1.0841946712902348,1.0,0.7915313531353133
PUMP,range_breakout,1,2026-09-16 18:00:00+00:00,2026-09-16 18:05:00+00:00,2026-09-16 18:25:00+00:00,0.003719,0.0036780878767467386,0.003678648604076469,0.003812276052895699,stop,5,-0.011000839809965442,0.0006,-0.011600839809965444,0.01085006612625198,-1.0691953095011053,1.0,0.7321294389438943
PUMP,vwap_reversion,-1,2026-09-17 09:35:00+00:00,2026-09-17 09:40:00+00:00,2026-09-17 09:55:00+00:00,0.003941,0.0038867409138399075,0.003964472582727563,0.0038867409138399075,target,4,0.01376784728751398,0.0003,0.013467847287513978,0.00595599663221606,2.2612247989977403,1.0,0.7367458745874585
PUMP,range_breakout,1,2026-09-20 20:00:00+00:00,2026-09-20 20:05:00+00:00,2026-09-20 20:20:00+00:00,0.004351,0.004308412935991003,0.004309069756861501,0.0044479257069650795,stop,4,-0.009787879569983239,0.0006,-0.01038787956998324,0.009636920969546867,-1.0779251591674808,1.0,0.9017293729372937
PUMP,vwap_reversion,1,2026-09-21 14:05:00+00:00,2026-09-21 14:10:00+00:00,2026-09-21 14:10:00+00:00,0.004341,0.0043049494667751305,0.0043056057596370795,0.004422817120838925,stop,1,-0.00830466095942635,0.0006,-0.008904660959426351,0.008153476241170327,-1.0921306073675638,1.0,0.7667558415841582
PUMP,vwap_reversion,1,2026-09-23 07:55:00+00:00,2026-09-23 08:00:00+00:00,2026-09-23 08:05:00+00:00,0.004354,0.004324424577680166,0.004325083839537772,0.004420842428894571,stop,2,-0.006792701497435473,0.0006,-0.007392701497435473,0.006641286279795175,-1.1131430247068754,1.0,0.7509639603960394
PUMP,vwap_reversion,1,2026-09-23 11:25:00+00:00,2026-09-23 11:30:00+00:00,2026-09-23 12:00:00+00:00,0.004219,0.00417888082872592,0.004179517902326898,0.004310266588099416,stop,7,-0.009509165981057102,0.0006,-0.010109165981057103,0.009358164890519452,-1.080250893131673,1.0,0.7269768976897689
PUMP,vwap_reversion,1,2026-09-23 14:10:00+00:00,2026-09-23 14:15:00+00:00,2026-09-23 15:10:00+00:00,0.00408,0.004091376266536925,0.004026104363440248,0.00420458484103305,time,12,0.0027883006217953228,0.0006,0.002188300621795323,0.013209714843076528,0.16565843001086844,1.0,0.7269768976897689
PUMP,vwap_reversion,1,2026-09-23 16:00:00+00:00,2026-09-23 16:05:00+00:00,2026-09-23 17:00:00+00:00,0.004013,0.0040033896801597866,0.003963142041561849,0.0041282513676939876,time,12,-0.0023947968702251474,0.0006,-0.0029947968702251472,0.012424111247981874,-0.24104717113762247,1.0,0.7474389438943893
PUMP,range_breakout,-1,2026-09-24 09:10:00+00:00,2026-09-24 09:15:00+00:00,2026-09-24 10:10:00+00:00,0.003887,0.0038405853217248795,0.003919392799764125,0.003812120991849594,time,12,0.011941002900725589,0.0006,0.011341002900725587,0.008333624842841619,1.360872743205765,1.0,0.8053927392739273
PUMP,range_breakout,-1,2026-09-24 10:30:00+00:00,2026-09-24 10:35:00+00:00,2026-09-24 11:30:00+00:00,0.003811,0.003802579529478643,0.0038435740869749136,0.0037357019293840768,time,12,0.0022095173238932007,0.0006,0.0016095173238932009,0.008547385718948707,0.1883052171525453,1.0,0.9114983498349835
PUMP,range_breakout,1,2026-09-25 10:45:00+00:00,2026-09-25 10:50:00+00:00,2026-09-25 11:45:00+00:00,0.004182,0.004183362243203933,0.004144067735157891,0.004269684003511832,time,12,0.0003257396470428261,0.0006,-0.0002742603529571739,0.009070364620303443,-0.030236971107342178,1.0,0.9017293729372937
PUMP,vwap_reversion,1,2026-09-26 13:10:00+00:00,2026-09-26 13:15:00+00:00,2026-09-26 13:30:00+00:00,0.004396,0.0043635750344049856,0.0043642402647798735,0.004469415619820436,stop,4,-0.0073760158314408976,0.0006,-0.007976015831440898,0.007224689540520047,-1.1039942667026725,1.0,0.7612920792079206
PUMP,range_breakout,1,2026-09-27 13:45:00+00:00,2026-09-27 13:50:00+00:00,2026-09-27 14:05:00+00:00,0.004595,0.004701509661387708,0.004548923720152026,0.004701509661387708,target,4,0.023179469290034366,0.0003,0.022879469290034364,0.01002748201261671,2.2816764229790802,1.0,0.9221914191419142
PUMP,range_breakout,1,2026-09-28 16:20:00+00:00,2026-09-28 16:25:00+00:00,2026-09-28 16:30:00+00:00,0.005481,0.0053551696670094484,0.005355986066749818,0.005769981483382665,stop,2,-0.02295755026282637,0.0006,-0.02355755026282637,0.02280859938883071,-1.0328363377876861,1.0,0.9017293729372937
XRP,range_breakout,1,2026-08-20 10:15:00+00:00,2026-08-20 10:20:00+00:00,2026-08-20 10:20:00+00:00,1.1664,1.1590385562352747,1.1591354689982725,1.1831926477503707,stop,1,-0.006311251512967559,0.0006,-0.006911251512967559,0.006228164439066995,-1.1096771096176923,1.0,0.929056105610561
XRP,range_breakout,1,2026-08-20 11:30:00+00:00,2026-08-20 11:35:00+00:00,2026-08-20 12:00:00+00:00,1.1801,1.1964149097008414,1.1730421393770654,1.1964149097008414,target,6,0.013825023049607225,0.0003,0.013525023049607223,0.0059807309744382515,2.2614331103360787,1.0,0.929056105610561
XRP,range_breakout,1,2026-08-20 14:10:00+00:00,2026-08-20 14:15:00+00:00,2026-08-20 14:45:00+00:00,1.239,1.2258615918599862,1.2259640920169317,1.26913372932318,stop,7,-0.010604042082335657,0.0006,-0.011204042082335658,0.010521313949207732,-1.0648900067447693,1.0,0.9468778877887788
XRP,range_breakout,1,2026-08-20 15:00:00+00:00,2026-08-20 15:05:00+00:00,2026-08-20 15:25:00+00:00,1.2492,1.2347517964782364,1.2348550399877551,1.2823597264051172,stop,5,-0.011565965035033364,0.0006,-0.012165965035033366,0.011483317332889056,-1.0594469074009787,1.0,0.9455929372937292
XRP,range_breakout,1,2026-08-20 16:40:00+00:00,2026-08-20 16:45:00+00:00,2026-08-20 17:00:00+00:00,1.2894,1.3237127634509602,1.2745562339930017,1.3237127634509602,target,4,0.026611418838963955,0.0003,0.026311418838963953,0.011512149842561216,2.2855347783685733,1.0,0.9468778877887788
XRP,range_breakout,1,2026-08-21 08:50:00+00:00,2026-08-21 08:55:00+00:00,2026-08-21 09:00:00+00:00,1.395,1.379846388269629,1.3799617638326596,1.4297622995462438,stop,2,-0.010862804107792829,0.0006,-0.01146280410779283,0.010780097610996794,-1.063330270414213,1.0,0.9468778877887788
XRP,range_breakout,1,2026-08-21 09:45:00+00:00,2026-08-21 09:50:00+00:00,2026-08-21 10:05:00+00:00,1.4113,1.3896264663707,1.3897426596928864,1.4611318228838353,stop,4,-0.01535714137979162,0.0006,-0.01595714137979162,0.015274810676053081,-1.0446703214991893,1.0,0.9468778877887788
XRP,vwap_reversion,1,2026-08-22 14:30:00+00:00,2026-08-22 14:35:00+00:00,2026-08-22 14:35:00+00:00,1.4799,1.4661145885463294,1.466237177406625,1.5114829015020772,stop,1,-0.009315096596844805,0.0006,-0.009915096596844806,0.00923226068881352,-1.0739619396643187,1.0,0.8109702970297028
XRP,vwap_reversion,1,2026-08-24 08:25:00+00:00,2026-08-24 08:30:00+00:00,2026-08-24 09:25:00+00:00,1.4561,1.4794762939035457,1.4454217251597525,1.4807838382176732,time,12,0.01605404429884334,0.0006,0.015454044298843337,0.007333476299874562,2.1073285938222335,1.0,0.9683958415841584
XRP,vwap_reversion,1,2026-08-25 07:50:00+00:00,2026-08-25 07:55:00+00:00,2026-08-25 08:50:00+00:00,1.4871,1.4890754912686945,1.4783342117288203,1.5073629453514956,time,12,0.0013284185789082452,0.0006,0.0007284185789082452,0.00589455199460685,0.12357488399028513,1.0,0.8947326732673265
XRP,vwap_reversion,1,2026-08-26 13:10:00+00:00,2026-08-26 13:15:00+00:00,2026-08-26 13:25:00+00:00,1.3948,1.3849570440990713,1.3850728469885047,1.4172852305120798,stop,3,-0.0070568941073478365,0.0006,-0.007656894107347836,0.006973869380194521,-1.0979405678421617,1.0,0.7747656765676566
XRP,vwap_reversion,1,2026-08-26 14:45:00+00:00,2026-08-26 14:50:00+00:00,2026-08-26 15:00:00+00:00,1.3747,1.3645611956303307,1.3646752931252213,1.3978730542974958,stop,3,-0.007375285058317666,0.0006,-0.007975285058317667,0.007292286953356158,-1.0936603440498416,1.0,0.7747656765676566
XRP,vwap_reversion,1,2026-08-28 14:10:00+00:00,2026-08-28 14:15:00+00:00,2026-08-28 14:30:00+00:00,1.3949,1.41910229604333,1.3844300412100956,1.41910229604333,target,4,0.017350559927829884,0.0003,0.017050559927829882,0.007505884859061175,2.2716255642059693,1.0,0.9495181518151815
XRP,vwap_reversion,1,2026-08-28 16:25:00+00:00,2026-08-28 16:30:00+00:00,2026-08-28 17:25:00+00:00,1.3888,1.388283918934633,1.375140027931627,1.4203763122450068,time,12,-0.0003716021496018481,0.0006,-0.0009716021496018481,0.009835809381028864,-0.09878212478129733,1.0,0.9125544554455444
XRP,range_breakout,1,2026-09-03 14:45:00+00:00,2026-09-03 14:50:00+00:00,2026-09-03 15:00:00+00:00,1.4341,1.4574016108385996,1.4240196793237405,1.4574016108385996,target,3,0.01624824687162661,0.0003,0.015948246871626607,0.007029022157631578,2.2689140130695438,1.0,0.929056105610561
XRP,vwap_reversion,1,2026-09-04 12:45:00+00:00,2026-09-04 12:50:00+00:00,2026-09-04 13:45:00+00:00,1.4111,1.419781285289027,1.3989015843058803,1.439297787003074,time,12,0.006152140379155983,0.0006,0.005552140379155983,0.008644614622719746,0.6422658061082176,1.0,0.9125544554455444
XRP,range_breakout,-1,2026-09-09 15:20:00+00:00,2026-09-09 15:25:00+00:00,2026-09-09 15:30:00+00:00,1.4072,1.415986876402841,1.4158684987568055,1.3871619485259352,stop,2,-0.006244227119699351,0.0006,-0.006844227119699351,0.006160104289941341,-1.111057020718804,1.0,0.9495181518151815
XRP,vwap_reversion,1,2026-09-10 12:45:00+00:00,2026-09-10 12:50:00+00:00,2026-09-10 13:10:00+00:00,1.3612,1.352283266803189,1.3523963376816655,1.3815504947793384,stop,5,-0.00655064149045766,0.0006,-0.00715064149045766,0.0064675744330990985,-1.1056141006839952,1.0,0.7543036303630362
XRP,vwap_reversion,-1,2026-09-11 12:50:00+00:00,2026-09-11 12:55:00+00:00,2026-09-11 13:45:00+00:00,1.3675,1.3782222614531772,1.37810704095944,1.342980825608251,stop,11,-0.00784077619976397,0.0006,-0.008440776199763972,0.00775651989721393,-1.0882169209410293,1.0,0.9413252805280525
XRP,range_breakout,1,2026-09-11 13:50:00+00:00,2026-09-11 13:55:00+00:00,2026-09-11 14:00:00+00:00,1.3975,1.4268426329438357,1.3848063217985913,1.4268426329438357,target,2,0.020996517312225953,0.0003,0.02069651731222595,0.00908313288115105,2.278565951091008,1.0,0.9468778877887788
XRP,vwap_reversion,-1,2026-09-15 13:05:00+00:00,2026-09-15 13:10:00+00:00,2026-09-15 13:35:00+00:00,1.4417,1.4200100382165532,1.4510831182636854,1.4200100382165532,target,6,0.015044712341989825,0.0003,0.014744712341989824,0.006508370856409367,2.2654997183311094,1.0,0.9151947194719471
XRP,vwap_reversion,1,2026-09-15 14:40:00+00:00,2026-09-15 14:45:00+00:00,2026-09-15 14:50:00+00:00,1.3869,1.3749257283484093,1.3750406924715044,1.4143139065332615,stop,2,-0.008633839246946936,0.0006,-0.009233839246946937,0.008550946375726823,-1.079861671587441,1.0,0.9630264686468644
XRP,range_breakout,-1,2026-09-15 18:35:00+00:00,2026-09-15 18:40:00+00:00,2026-09-15 18:45:00+00:00,1.3538,1.3166285790423675,1.36988042662117,1.3166285790423675,target,2,0.02745709924481635,0.0003,0.02715709924481635,0.01187799277675438,2.2863374103041787,1.0,0.9133196699669965
XRP,range_breakout,-1,2026-09-15 20:05:00+00:00,2026-09-15 20:10:00+00:00,2026-09-15 21:05:00+00:00,1.286,1.2931081048815325,1.3043108660196703,1.2436727082588783,time,12,-0.005527297730585118,0.0006,-0.006127297730585118,0.014238620544067044,-0.43032944881295004,1.0,0.9455929372937292
XRP,range_breakout,1,2026-09-17 14:20:00+00:00,2026-09-17 14:25:00+00:00,2026-09-17 14:40:00+00:00,1.3163,1.3087075665819385,1.3088169938874852,1.3335976735499437,stop,4,-0.0057680114092999194,0.0006,-0.006368011409299919,0.0056848789124932615,-1.1201665870675601,1.0,0.9495181518151815
XRP,vwap_reversion,-1,2026-09-18 13:50:00+00:00,2026-09-18 13:55:00+00:00,2026-09-18 14:05:00+00:00,1.362,1.3704424649072273,1.3703278948107622,1.3427492866330937,stop,3,-0.006198579227039075,0.0006,-0.006798579227039075,0.006114460213481678,-1.1118854305485533,1.0,0.7747656765676566
XRP,vwap_reversion,-1,2026-09-18 14:10:00+00:00,2026-09-18 14:15:00+00:00,2026-09-18 14:20:00+00:00,1.3656,1.3748550159803992,1.374740076991102,1.344471851013322,stop,2,-0.006777252475394874,0.0006,-0.007377252475394874,0.006693085084286801,-1.1022200349304203,1.0,0.732346600660066
XRP,range_breakout,1,2026-09-18 14:40:00+00:00,2026-09-18 14:45:00+00:00,2026-09-18 15:40:00+00:00,1.3837,1.3731227961141534,1.3732376094854524,1.4078848012618888,stop,12,-0.00764414532474271,0.0006,-0.00824414532474271,0.007561169700475203,-1.090326715484852,1.0,0.929056105610561
XRP,vwap_reversion,1,2026-09-23 14:10:00+00:00,2026-09-23 14:15:00+00:00,2026-09-23 14:15:00+00:00,1.5398,1.5249149967928937,1.5250425022368506,1.573913346278585,stop,1,-0.009666841932138197,0.0006,-0.010266841932138199,0.009584035435218583,-1.0712441540450173,1.0,0.9497876567656763
XRP,vwap_reversion,1,2026-09-23 20:25:00+00:00,2026-09-23 20:30:00+00:00,2026-09-23 21:25:00+00:00,1.4835,1.4930751568375065,1.4750121116215527,1.5031205535704693,time,12,0.006454436695319465,0.0006,0.005854436695319465,0.00572152907209132,1.0232293887793817,1.0,0.7530186798679867
XRP,vwap_reversion,1,2026-09-24 09:05:00+00:00,2026-09-24 09:10:00+00:00,2026-09-24 09:10:00+00:00,1.4761,1.4674443378505444,1.4675670378975458,1.495824745729586,stop,1,-0.005863872467621142,0.0006,-0.006463872467621142,0.005780747986216449,-1.118172333932136,1.0,0.7543036303630362
XRP,range_breakout,-1,2026-09-24 09:30:00+00:00,2026-09-24 09:35:00+00:00,2026-09-24 10:30:00+00:00,1.4563,1.455821707870106,1.4653824259458605,1.4353051168352933,time,12,0.00032842967101148887,0.0006,-0.0002715703289885111,0.0062366448848867094,-0.04354429889805153,1.0,0.929056105610561
XRP,range_breakout,1,2026-09-25 12:00:00+00:00,2026-09-25 12:05:00+00:00,2026-09-25 12:10:00+00:00,1.6143,1.6015059589681961,1.6016398685492073,1.6435650864695863,stop,2,-0.007925442006940423,0.0006,-0.008525442006940425,0.00784248990323534,-1.0870835808693027,1.0,0.929056105610561
XRP,vwap_reversion,1,2026-09-28 14:50:00+00:00,2026-09-28 14:55:00+00:00,2026-09-28 15:50:00+00:00,1.4839,1.495274972900353,1.4708396835698205,1.5140901517480239,time,12,0.0076655926277733955,0.0006,0.007065592627773396,0.008801345394015473,0.8027855187432693,1.0,0.928861518151815
ONDO,range_breakout,1,2026-07-01 14:10:00+00:00,2026-07-01 14:15:00+00:00,2026-07-01 15:05:00+00:00,0.3161,0.32035507834145655,0.31425924510620373,0.32035507834145655,target,11,0.013461177922988146,0.0003,0.013161177922988144,0.005823330888314651,2.2600772951779087,1.0,0.8053927392739273
ONDO,range_breakout,1,2026-07-01 15:20:00+00:00,2026-07-01 15:25:00+00:00,2026-07-01 15:45:00+00:00,0.3211,0.31895740294629066,0.31898263481338074,0.3259944890908082,stop,5,-0.006672678460633257,0.0006,-0.007272678460633257,0.006594098992897013,-1.1029070792639284,1.0,0.8053927392739273
ONDO,range_breakout,1,2026-07-04 17:05:00+00:00,2026-07-04 17:10:00+00:00,2026-07-04 17:55:00+00:00,0.3431,0.3476697625032635,0.34112311214592367,0.3476697625032635,target,10,0.01331903964810103,0.0003,0.013019039648101029,0.005761841603253716,2.2595275164713255,1.0,0.8053927392739273
ONDO,range_breakout,1,2026-07-06 11:00:00+00:00,2026-07-06 11:05:00+00:00,2026-07-06 11:25:00+00:00,0.3341,0.33220376554152226,0.33223004529292965,0.33842257646054674,stop,5,-0.005675649381854991,0.0006,-0.006275649381854991,0.00559699104181496,-1.1212541408356371,1.0,0.8053927392739273
ONDO,vwap_reversion,1,2026-07-08 08:30:00+00:00,2026-07-08 08:35:00+00:00,2026-07-08 08:35:00+00:00,0.3174,0.3155489323959532,0.3155738946280541,0.32162121459167214,stop,1,-0.005831971027242585,0.0006,-0.006431971027242585,0.0057533250533898074,-1.117957175642792,1.0,0.7367458745874585
ONDO,vwap_reversion,1,2026-07-08 14:40:00+00:00,2026-07-08 14:45:00+00:00,2026-07-08 14:45:00+00:00,0.3141,0.3121678199542409,0.3121925147155794,0.31850933192558084,stop,1,-0.006151480565931451,0.0006,-0.006751480565931451,0.0060728598676235744,-1.1117464774588046,1.0,0.7162838283828381
ONDO,range_breakout,1,2026-07-15 12:45:00+00:00,2026-07-15 12:50:00+00:00,2026-07-15 13:00:00+00:00,0.33,0.3345420726655684,0.3280350908217918,0.3345420726655684,target,3,0.013763856562328442,0.0003,0.01346385656232844,0.0059542702369947435,2.2612101947734167,1.0,0.8053927392739273
ONDO,vwap_reversion,-1,2026-07-15 20:05:00+00:00,2026-07-15 20:10:00+00:00,2026-07-15 20:10:00+00:00,0.3479,0.3509002850593333,0.3508725306674224,0.34102871534124823,stop,1,-0.008623986948356734,0.0006,-0.009223986948356735,0.008544210024209254,-1.0795599502144018,1.0,0.7833384818481847
ONDO,vwap_reversion,-1,2026-07-17 10:40:00+00:00,2026-07-17 10:45:00+00:00,2026-07-17 10:50:00+00:00,0.3765,0.3791737760323803,0.3791437853540297,0.3703886411019168,stop,2,-0.007101662768606326,0.0006,-0.007701662768606326,0.007022006252402965,-1.096789505986381,1.0,0.7628764356435642
ONDO,range_breakout,-1,2026-07-18 09:00:00+00:00,2026-07-18 09:05:00+00:00,2026-07-18 09:05:00+00:00,0.3626,0.35698623742872465,0.3650285242471348,0.35698623742872465,target,1,0.015481970687466429,0.0003,0.015181970687466427,0.006697529639092047,2.2668015679770215,1.0,0.7838796699669965
ONDO,range_breakout,-1,2026-07-18 09:15:00+00:00,2026-07-18 09:20:00+00:00,2026-07-18 09:20:00+00:00,0.344,0.34820907278862023,0.3481815312576367,0.3343339965856079,stop,1,-0.01223567671110541,0.0006,-0.012835676711105411,0.012155614121036912,-1.0559463786277619,1.0,0.9017293729372937
ONDO,range_breakout,1,2026-07-21 07:35:00+00:00,2026-07-21 07:40:00+00:00,2026-07-21 07:50:00+00:00,0.3923,0.38828962812100426,0.3883203446749977,0.40149934817880967,stop,3,-0.01022271699973419,0.0006,-0.01082271699973419,0.010144418366052252,-1.0668642212107329,1.0,0.9017293729372937
ONDO,range_breakout,1,2026-07-21 09:40:00+00:00,2026-07-21 09:45:00+00:00,2026-07-21 10:40:00+00:00,0.4038,0.4043680115280971,0.39870667636044366,0.4155736973986846,time,12,0.0014066654980116418,0.0006,0.0008066654980116418,0.01261348102911431,0.06395264686645223,1.0,0.9017293729372937
ONDO,vwap_reversion,-1,2026-07-22 10:15:00+00:00,2026-07-22 10:20:00+00:00,2026-07-22 11:00:00+00:00,0.4127,0.41629826592925306,0.41626533889637113,0.4044583832757799,stop,9,-0.00871884160226085,0.0006,-0.009318841602260852,0.008639057175602356,-1.0786873396993228,1.0,0.7080909570957094
ONDO,vwap_reversion,1,2026-07-24 13:05:00+00:00,2026-07-24 13:10:00+00:00,2026-07-24 13:55:00+00:00,0.3843,0.3897185283876513,0.3819559344279126,0.3897185283876513,target,10,0.014099735591078152,0.0003,0.01379973559107815,0.006099572136579248,2.2624104252035777,1.0,0.7367458745874585
ONDO,range_breakout,1,2026-07-26 16:10:00+00:00,2026-07-26 16:15:00+00:00,2026-07-26 17:05:00+00:00,0.4044,0.4015270510673027,0.4015588147984217,0.4109676672413295,stop,11,-0.0071042258474215995,0.0006,-0.007704225847421599,0.007025680518245016,-1.096580726580787,1.0,0.8053927392739273
ONDO,range_breakout,1,2026-07-26 17:40:00+00:00,2026-07-26 17:45:00+00:00,2026-07-26 17:50:00+00:00,0.4087,0.4051702301252141,0.40520228205848463,0.4167853045169812,stop,2,-0.008636579091719908,0.0006,-0.00923657909171991,0.00855815498291012,-1.0792722391875986,1.0,0.8053927392739273
ONDO,vwap_reversion,1,2026-07-27 14:35:00+00:00,2026-07-27 14:40:00+00:00,2026-07-27 14:40:00+00:00,0.4039,0.3993987019215319,0.3994302972846423,0.41423213888550076,stop,1,-0.011144585487665531,0.0006,-0.011744585487665533,0.011066359780534054,-1.0612871549978424,1.0,0.920672211221122
ONDO,range_breakout,1,2026-07-28 15:20:00+00:00,2026-07-28 15:25:00+00:00,2026-07-28 16:20:00+00:00,0.4109,0.41016755274190264,0.40715006332223336,0.4195683318855619,time,12,-0.001782543825985267,0.0006,-0.002382543825985267,0.009126153997971795,-0.2610676771961952,1.0,0.9017293729372937
ONDO,vwap_reversion,1,2026-07-29 14:35:00+00:00,2026-07-29 14:40:00+00:00,2026-07-29 15:20:00+00:00,0.3963,0.3936202072035959,0.3936513454454439,0.40242261451379263,stop,9,-0.006762030775685259,0.0006,-0.0073620307756852585,0.006683458376371628,-1.1015301302260851,1.0,0.7598922772277226
ONDO,range_breakout,1,2026-07-29 18:50:00+00:00,2026-07-29 18:55:00+00:00,2026-07-29 19:15:00+00:00,0.4085,0.4051901604021599,0.40522221391206137,0.4160769113192204,stop,5,-0.008102422516132416,0.0006,-0.008702422516132418,0.00802395615162456,-1.0845550937327209,1.0,0.8025984818481846
ONDO,vwap_reversion,1,2026-07-31 14:05:00+00:00,2026-07-31 14:10:00+00:00,2026-07-31 14:10:00+00:00,0.3988,0.3964417062732002,0.3964730677162934,0.4041789231775536,stop,1,-0.0059134747412231655,0.0006,-0.006513474741223165,0.005834835214911193,-1.1163082591566043,1.0,0.7330549834983497
ONDO,vwap_reversion,1,2026-07-31 16:40:00+00:00,2026-07-31 16:45:00+00:00,2026-07-31 17:40:00+00:00,0.3966,0.39876845449407794,0.394339857348993,0.40182453264979145,time,12,0.005467610928083539,0.0006,0.004867610928083539,0.005698796396890992,0.854147189876636,1.0,0.7162838283828381
ONDO,range_breakout,1,2026-08-19 15:05:00+00:00,2026-08-19 15:10:00+00:00,2026-08-19 15:15:00+00:00,0.339,0.3370714079087814,0.33709807272635783,0.34339648406008594,stop,2,-0.005689062215984219,0.0006,-0.006289062215984219,0.00561040493699758,-1.1209640456629544,1.0,0.8053927392739273
ONDO,range_breakout,1,2026-08-20 08:35:00+00:00,2026-08-20 08:40:00+00:00,2026-08-20 09:35:00+00:00,0.3508,0.34957234626662403,0.3487315480134541,0.35558142162107353,time,12,-0.0034995830483921502,0.0006,-0.00409958304839215,0.005896385366436491,-0.6952705418014008,1.0,0.9114983498349835
ONDO,range_breakout,1,2026-08-23 16:00:00+00:00,2026-08-23 16:05:00+00:00,2026-08-23 16:55:00+00:00,0.3897,0.38521064534999566,0.3852411183338969,0.40000712501077457,stop,11,-0.011520027328725506,0.0006,-0.012120027328725507,0.011441831321793978,-1.0592733792220592,1.0,0.9221914191419142
ONDO,vwap_reversion,1,2026-08-25 07:50:00+00:00,2026-08-25 07:55:00+00:00,2026-08-25 08:50:00+00:00,0.3834,0.3833696726505253,0.3806233777072535,0.3898184239955518,time,12,-7.910106800919039e-05,0.0006,-0.0006791010680091904,0.007242103006641944,-0.09377125227111062,1.0,0.9319603960396039
ONDO,vwap_reversion,1,2026-08-25 10:00:00+00:00,2026-08-25 10:05:00+00:00,2026-08-25 11:00:00+00:00,0.3789,0.37956997323458375,0.37624378831410155,0.38504008353479435,time,12,0.001768205950339751,0.0006,0.0011682059503397512,0.007010323794928695,0.16664079784514912,1.0,0.7915313531353133
ONDO,vwap_reversion,1,2026-08-25 12:40:00+00:00,2026-08-25 12:45:00+00:00,2026-08-25 13:10:00+00:00,0.3766,0.37438587852042543,0.3744154951859738,0.38164968866430693,stop,6,-0.005879239191647796,0.0006,-0.006479239191647796,0.005800596957053124,-1.1169952402518657,1.0,0.7131802640264024
ONDO,vwap_reversion,1,2026-08-28 14:05:00+00:00,2026-08-28 14:10:00+00:00,2026-08-28 14:30:00+00:00,0.363,0.36868949008145974,0.36053871588952524,0.36868949008145974,target,5,0.015673526395205917,0.0003,0.015373526395205915,0.006780396998552999,2.267349006037076,1.0,0.7367458745874585
ONDO,range_breakout,-1,2026-08-28 15:55:00+00:00,2026-08-28 16:00:00+00:00,2026-08-28 16:20:00+00:00,0.3609,0.35392632363335863,0.3639168255128417,0.35392632363335863,target,5,0.019323015701416923,0.0003,0.019023015701416922,0.008359172936663098,2.275705484926925,1.0,0.8053927392739273
ONDO,vwap_reversion,1,2026-08-28 18:30:00+00:00,2026-08-28 18:35:00+00:00,2026-08-28 18:35:00+00:00,0.3528,0.3507209809431495,0.35074872554194275,0.357541714145799,stop,1,-0.005892911158873254,0.0006,-0.006492911158873254,0.0058142700058312225,-1.1167199239735017,1.0,0.7146994719471945
ONDO,vwap_reversion,1,2026-09-01 18:35:00+00:00,2026-09-01 18:40:00+00:00,2026-09-01 18:55:00+00:00,0.3389,0.3432255287591273,0.33702876812301075,0.3432255287591273,target,4,0.01276343688146161,0.0003,0.012463436881461608,0.0055214868013846305,2.2572610113522567,1.0,0.7535170297029702
ONDO,range_breakout,1,2026-09-03 14:35:00+00:00,2026-09-03 14:40:00+00:00,2026-09-03 14:45:00+00:00,0.3624,0.36720479348168555,0.3603214373025937,0.36720479348168555,target,2,0.013258260159176473,0.0003,0.012958260159176472,0.005735548282026163,2.259288828547492,1.0,0.9114983498349835
ONDO,range_breakout,1,2026-09-03 14:55:00+00:00,2026-09-03 15:00:00+00:00,2026-09-03 15:05:00+00:00,0.3688,0.3661213007319935,0.3661502636088968,0.3749251152808835,stop,2,-0.007263284349258439,0.0006,-0.00786328434925844,0.007184751602774417,-1.0944406687938948,1.0,0.8053927392739273
ONDO,vwap_reversion,1,2026-09-04 12:35:00+00:00,2026-09-04 12:40:00+00:00,2026-09-04 12:45:00+00:00,0.3584,0.35543451731750675,0.3554626347915561,0.3651899963876348,stop,2,-0.008274226234635178,0.0006,-0.00887422623463518,0.008195773461059952,-1.0827808109629575,1.0,0.9071848844884486
ONDO,vwap_reversion,1,2026-09-07 15:45:00+00:00,2026-09-07 15:50:00+00:00,2026-09-07 15:55:00+00:00,0.3804,0.3768193880472122,0.3768491972211908,0.3886080151191314,stop,2,-0.0094127548706304,0.0006,-0.010012754870630402,0.009334392163010482,-1.0726734741559365,1.0,0.7228986798679867
ONDO,vwap_reversion,1,2026-09-08 13:40:00+00:00,2026-09-08 13:45:00+00:00,2026-09-08 14:20:00+00:00,0.3722,0.3774240743668088,0.36994005560307325,0.3774240743668088,target,8,0.014035664607224151,0.0003,0.01373566460722415,0.006071854908454334,2.262185907653833,1.0,0.9114983498349835
ONDO,range_breakout,-1,2026-09-09 15:20:00+00:00,2026-09-09 15:25:00+00:00,2026-09-09 15:30:00+00:00,0.365,0.3682618259093427,0.36823269830963046,0.3575273133277383,stop,2,-0.008936509340664955,0.0006,-0.009536509340664957,0.008856707697617674,-1.0767555694798576,1.0,0.9017293729372937
ONDO,vwap_reversion,1,2026-09-10 12:45:00+00:00,2026-09-10 12:50:00+00:00,2026-09-10 13:45:00+00:00,0.3491,0.351072227615022,0.34674060226467884,0.35455397012730044,time,12,0.005649463234093299,0.0006,0.005049463234093299,0.006758515426299557,0.7471260943556056,1.0,0.7162838283828381
ONDO,range_breakout,1,2026-09-11 12:45:00+00:00,2026-09-11 12:50:00+00:00,2026-09-11 13:15:00+00:00,0.3577,0.35460974018830915,0.3546377924164457,0.36477858129821605,stop,6,-0.008639250242356346,0.0006,-0.009239250242356348,0.008560826344854,-1.0792474780089605,1.0,0.7506072607260724
ONDO,range_breakout,1,2026-09-11 13:45:00+00:00,2026-09-11 13:50:00+00:00,2026-09-11 14:00:00+00:00,0.3612,0.3689365079663302,0.3578531721023399,0.3689365079663302,target,3,0.02141890356126851,0.0003,0.02111890356126851,0.009265857966943776,2.279217276652721,1.0,0.9017293729372937
ONDO,range_breakout,-1,2026-09-14 15:00:00+00:00,2026-09-14 15:05:00+00:00,2026-09-14 15:30:00+00:00,0.3498,0.35210859450663623,0.35208074454371735,0.3445278441344505,stop,6,-0.006599755593585563,0.0006,-0.007199755593585563,0.00652013877563565,-1.1042334897056936,1.0,0.9061539933993398
ONDO,range_breakout,-1,2026-09-15 18:40:00+00:00,2026-09-15 18:45:00+00:00,2026-09-15 18:50:00+00:00,0.3342,0.33745105020248406,0.33742435957526934,0.32674658909774695,stop,2,-0.009727858176194083,0.0006,-0.010327858176194084,0.009647993941559959,-1.0704669010731365,1.0,0.9017293729372937
ONDO,range_breakout,1,2026-09-16 14:25:00+00:00,2026-09-16 14:30:00+00:00,2026-09-16 14:50:00+00:00,0.3328,0.3305500203540565,0.3305761692821051,0.33794059419571354,stop,5,-0.006760756147666702,0.0006,-0.007360756147666702,0.0066821836475207215,-1.1015495137428242,1.0,0.8053927392739273
ONDO,range_breakout,1,2026-09-16 19:00:00+00:00,2026-09-16 19:05:00+00:00,2026-09-16 19:15:00+00:00,0.341,0.33696755236333586,0.3369942089651779,0.35025976333411785,stop,3,-0.01182535963831132,0.0006,-0.012425359638311321,0.01174718778540213,-1.0577305705244564,1.0,0.9221914191419142
ONDO,range_breakout,1,2026-09-17 14:25:00+00:00,2026-09-17 14:30:00+00:00,2026-09-17 14:45:00+00:00,0.3777,0.37301598140817366,0.3730454897048253,0.3884593390156573,stop,4,-0.012401425977829818,0.0006,-0.01300142597782982,0.01232329969598798,-1.0550279794025144,1.0,0.9017293729372937
ONDO,range_breakout,1,2026-09-18 12:35:00+00:00,2026-09-18 12:40:00+00:00,2026-09-18 12:50:00+00:00,0.3984,0.3951316580378554,0.39516291584653646,0.40588282496344097,stop,3,-0.00820366958369627,0.0006,-0.008803669583696272,0.008125211228573076,-1.0835003959943015,1.0,0.8053927392739273
ONDO,range_breakout,1,2026-09-19 14:15:00+00:00,2026-09-19 14:20:00+00:00,2026-09-19 15:15:00+00:00,0.4293,0.4402458683411132,0.4245647967677943,0.4402458683411132,target,12,0.02549701453788298,0.0003,0.025197014537882978,0.011030056445855356,2.284395792675294,1.0,0.9221914191419142
ONDO,vwap_reversion,1,2026-09-20 10:10:00+00:00,2026-09-20 10:15:00+00:00,2026-09-20 10:30:00+00:00,0.4059,0.411152788448237,0.40362763383743977,0.411152788448237,target,4,0.012941090042466153,0.0003,0.012641090042466151,0.0055983398929791055,2.258006888491958,1.0,0.9003213201320129
ONDO,vwap_reversion,1,2026-09-22 10:25:00+00:00,2026-09-22 10:30:00+00:00,2026-09-22 11:25:00+00:00,0.4279,0.4296660102710765,0.42510368291468664,0.43436395036387654,time,12,0.004127156511045756,0.0006,0.003527156511045756,0.006534977997927933,0.5397350246877837,1.0,0.9099139933993399
ONDO,vwap_reversion,1,2026-09-22 14:35:00+00:00,2026-09-22 14:40:00+00:00,2026-09-22 15:35:00+00:00,0.4252,0.43036595490032886,0.42138374430465825,0.4340216345421306,time,12,0.01214947060284299,0.0006,0.011549470602842988,0.008975201541255286,1.2868201955972636,1.0,0.9426534653465346
ONDO,vwap_reversion,1,2026-09-23 08:05:00+00:00,2026-09-23 08:10:00+00:00,2026-09-23 08:15:00+00:00,0.4341,0.4400939157928067,0.431507020754209,0.4400939157928067,target,2,0.013807684387944542,0.0003,0.01350768438794454,0.005973230236791033,2.261370121772035,1.0,0.7694849504950494
ONDO,vwap_reversion,1,2026-09-23 14:10:00+00:00,2026-09-23 14:15:00+00:00,2026-09-23 14:15:00+00:00,0.4172,0.41178105861520364,0.41181363351343525,0.4296510935450302,stop,1,-0.012988833616482195,0.0006,-0.013588833616482197,0.012910753802887783,-1.0525205440322738,1.0,0.7735695049504949
ONDO,vwap_reversion,1,2026-09-23 16:00:00+00:00,2026-09-23 16:05:00+00:00,2026-09-23 17:00:00+00:00,0.4108,0.4152671493264558,0.4061585618512201,0.4215291215178317,time,12,0.010874268078032644,0.0006,0.010274268078032642,0.011298534928870146,0.9093451622457452,1.0,0.7474389438943893
ONDO,vwap_reversion,1,2026-09-24 10:10:00+00:00,2026-09-24 10:15:00+00:00,2026-09-24 11:10:00+00:00,0.4213,0.4279661447428921,0.4172826287871615,0.43058653200648905,time,12,0.015822797870619666,0.0006,0.015222797870619665,0.009535654433511793,1.5964082986398038,1.0,0.7705853465346533
ONDO,vwap_reversion,-1,2026-09-24 12:10:00+00:00,2026-09-24 12:15:00+00:00,2026-09-24 13:10:00+00:00,0.4628,0.46913710631100314,0.4708303311831421,0.44423713298969325,time,12,-0.013692969557050884,0.0006,-0.014292969557050885,0.01735162312692761,-0.8237252188165575,1.0,0.9426534653465346
ONDO,range_breakout,1,2026-09-24 13:15:00+00:00,2026-09-24 13:20:00+00:00,2026-09-24 14:10:00+00:00,0.4802,0.5023348449297147,0.47062442445046826,0.5023348449297147,target,11,0.04609505399773986,0.0003,0.045795053997739865,0.019940807058583396,2.2965496764097955,1.0,0.9017293729372937
ONDO,vwap_reversion,1,2026-09-26 17:30:00+00:00,2026-09-26 17:35:00+00:00,2026-09-26 18:30:00+00:00,0.5356,0.535857609737654,0.5324277397396214,0.5429329784279764,time,12,0.0004809741180993007,0.0006,-0.00011902588190069931,0.005922816020124164,-0.0200961639693485,1.0,0.744998613861386
ONDO,range_breakout,1,2026-09-27 13:25:00+00:00,2026-09-27 13:30:00+00:00,2026-09-27 13:35:00+00:00,0.5481,0.543943141451848,0.5439861713389831,0.5576095024845246,stop,2,-0.007584124335252809,0.0006,-0.008184124335252809,0.007505616969561952,-1.0903999455930744,1.0,0.9114983498349835
ONDO,range_breakout,1,2026-09-27 13:45:00+00:00,2026-09-27 13:50:00+00:00,2026-09-27 14:00:00+00:00,0.5556,0.5497587624914537,0.5498022524368152,0.569002039656927,stop,3,-0.01051338644446771,0.0006,-0.011113386444467712,0.010435110804868116,-1.0649993710927508,1.0,0.9017293729372937
ONDO,range_breakout,-1,2026-09-28 07:45:00+00:00,2026-09-28 07:50:00+00:00,2026-09-28 07:50:00+00:00,0.5103,0.522231048223629,0.5221897424572971,0.4828157402617551,stop,1,-0.02338045899202235,0.0006,-0.02398045899202235,0.023299514907499812,-1.02922567646691,1.0,0.7776172937293728
ENA,vwap_reversion,1,2026-07-01 18:45:00+00:00,2026-07-01 18:50:00+00:00,2026-07-01 19:00:00+00:00,0.0715,0.07248969874462494,0.07107185446157291,0.07248969874462494,target,3,0.013841940484264927,0.0003,0.013541940484264926,0.0059880494884907735,2.261494416552999,1.0,0.7805172937293728
ENA,range_breakout,1,2026-07-04 15:05:00+00:00,2026-07-04 15:10:00+00:00,2026-07-04 15:25:00+00:00,0.0805,0.08156130876410528,0.08004087583245603,0.08156130876410528,target,4,0.013183959802550011,0.0003,0.01288395980255001,0.005703405807999659,2.2589940530759405,1.0,0.929056105610561
ENA,range_breakout,1,2026-07-05 18:40:00+00:00,2026-07-05 18:45:00+00:00,2026-07-05 18:55:00+00:00,0.0803,0.07980437211086047,0.0798099522264977,0.08143279159237125,stop,3,-0.006172202853543268,0.0006,-0.006772202853543268,0.006102711998783334,-1.109703825920903,1.0,0.929056105610561
ENA,range_breakout,-1,2026-07-06 12:00:00+00:00,2026-07-06 12:05:00+00:00,2026-07-06 12:05:00+00:00,0.0751,0.07567042740832293,0.07566513708796965,0.07379363238360637,stop,1,-0.007595571349173494,0.0006,-0.008195571349173494,0.007525127669369597,-1.0890939940504774,1.0,0.929056105610561
ENA,vwap_reversion,1,2026-07-07 14:00:00+00:00,2026-07-07 14:05:00+00:00,2026-07-07 14:15:00+00:00,0.0757,0.0752285011484204,0.07523376130803974,0.07677775465750233,stop,3,-0.006228518514922051,0.0006,-0.006828518514922051,0.006159031597889779,-1.1087000296055718,1.0,0.8904192079207921
ENA,vwap_reversion,1,2026-07-08 08:40:00+00:00,2026-07-08 08:45:00+00:00,2026-07-08 09:40:00+00:00,0.0728,0.07299489601947935,0.07227842246032543,0.07400567561707386,time,12,0.0026771431247163274,0.0006,0.0020771431247163276,0.007164526643881607,0.2899204969096144,1.0,0.7162893069306929
ENA,range_breakout,1,2026-07-10 16:55:00+00:00,2026-07-10 17:00:00+00:00,2026-07-10 17:20:00+00:00,0.0802,0.07964563801345328,0.07965120703001667,0.08146858664800491,stop,5,-0.006912244221280657,0.0006,-0.0075122442212806565,0.006842805112011414,-1.097831093873206,1.0,0.9486771617161714
ENA,range_breakout,1,2026-07-14 07:40:00+00:00,2026-07-14 07:45:00+00:00,2026-07-14 07:45:00+00:00,0.0838,0.08323345976395158,0.08323927964973082,0.08509615791112948,stop,1,-0.006760623341866601,0.0006,-0.007360623341866601,0.006691173630897138,-1.1000496695943167,1.0,0.929056105610561
ENA,vwap_reversion,1,2026-07-16 07:45:00+00:00,2026-07-16 07:50:00+00:00,2026-07-16 07:50:00+00:00,0.0828,0.08233015093256152,0.08233590765679207,0.08387279317016906,stop,1,-0.005674505645392268,0.0006,-0.006274505645392268,0.005604979990433941,-1.1194519259838591,1.0,0.9479989438943893
ENA,vwap_reversion,-1,2026-07-16 13:50:00+00:00,2026-07-16 13:55:00+00:00,2026-07-16 14:00:00+00:00,0.0842,0.0846937517021228,0.08468783053722694,0.0830723337581493,stop,2,-0.005864034467016686,0.0006,-0.006464034467016686,0.005793711843550398,-1.1156983021536524,1.0,0.8947326732673265
ENA,vwap_reversion,1,2026-07-17 13:10:00+00:00,2026-07-17 13:15:00+00:00,2026-07-17 13:45:00+00:00,0.0792,0.07875486189311372,0.07876036862444602,0.08021624933914293,stop,7,-0.005620430642503651,0.0006,-0.006220430642503651,0.005550901206489784,-1.1206163487887504,1.0,0.7747656765676566
ENA,range_breakout,1,2026-07-20 15:30:00+00:00,2026-07-20 15:35:00+00:00,2026-07-20 15:35:00+00:00,0.0834,0.08279437507007238,0.08280016425398277,0.08478657683318476,stop,1,-0.0072616898072856125,0.0006,-0.007861689807285613,0.0071922751321011145,-1.0930741195086817,1.0,0.929056105610561
ENA,vwap_reversion,1,2026-07-23 13:15:00+00:00,2026-07-23 13:20:00+00:00,2026-07-23 13:20:00+00:00,0.0895,0.08881752959090825,0.0888237399284201,0.09106323886111584,stop,1,-0.007625367699349174,0.0006,-0.008225367699349175,0.007555978453406596,-1.0885906769150178,1.0,0.9151947194719471
ENA,range_breakout,-1,2026-07-24 13:25:00+00:00,2026-07-24 13:30:00+00:00,2026-07-24 14:25:00+00:00,0.0863,0.08590600591680445,0.0868543034262739,0.08501867541317845,time,12,0.0045654007322775934,0.0006,0.003965400732277594,0.0064229829232201885,0.6173768138074893,1.0,0.929056105610561
ENA,range_breakout,1,2026-07-28 15:20:00+00:00,2026-07-28 15:25:00+00:00,2026-07-28 15:55:00+00:00,0.0849,0.0863410113255913,0.08427661579018308,0.0863410113255913,target,7,0.016973042704255547,0.0003,0.016673042704255545,0.007342570198079202,2.270736575132393,1.0,0.7886270627062705
ENA,range_breakout,-1,2026-07-29 16:00:00+00:00,2026-07-29 16:05:00+00:00,2026-07-29 17:00:00+00:00,0.0793,0.07940555145278547,0.07976489901452918,0.07822534213308106,time,12,-0.0013310397576982494,0.0006,-0.0019310397576982495,0.005862534861654405,-0.32938648609644444,1.0,0.929056105610561
ENA,vwap_reversion,1,2026-07-29 19:45:00+00:00,2026-07-29 19:50:00+00:00,2026-07-29 19:50:00+00:00,0.0786,0.0779391049046495,0.07794455459627074,0.08011512379557707,stop,1,-0.00840833454644402,0.0006,-0.009008334546444022,0.008339000047446124,-1.08026555884274,1.0,0.7925874587458744
ENA,vwap_reversion,1,2026-07-29 19:55:00+00:00,2026-07-29 20:00:00+00:00,2026-07-29 20:25:00+00:00,0.078,0.07733579518086159,0.07734120268760078,0.07952287204822717,stop,6,-0.008515446399210404,0.0006,-0.009115446399210405,0.008446119389733525,-1.0792466905322773,1.0,0.7925874587458744
ENA,range_breakout,-1,2026-07-31 13:50:00+00:00,2026-07-31 13:55:00+00:00,2026-07-31 14:10:00+00:00,0.0809,0.08146023848613505,0.08145454338472746,0.07961812072660825,stop,4,-0.006925073994252824,0.0006,-0.0075250739942528235,0.006854677190697976,-1.0978013675778342,1.0,0.9482431023102309
ENA,range_breakout,1,2026-08-03 14:10:00+00:00,2026-08-03 14:15:00+00:00,2026-08-03 14:20:00+00:00,0.0938,0.09302013634739362,0.093026640541383,0.0955876932412958,stop,2,-0.008314111435036006,0.0006,-0.008914111435036008,0.008244770347729156,-1.0811837151402532,1.0,0.9468778877887788
ENA,vwap_reversion,1,2026-08-04 07:20:00+00:00,2026-08-04 07:25:00+00:00,2026-08-04 08:10:00+00:00,0.0915,0.090943530085256,0.090949889077889,0.09277163321850296,stop,10,-0.006081638412502653,0.0006,-0.006681638412502653,0.006012141225256809,-1.1113575284015798,1.0,0.9171264686468645
ENA,vwap_reversion,1,2026-08-04 09:10:00+00:00,2026-08-04 09:15:00+00:00,2026-08-04 10:10:00+00:00,0.0907,0.09039367945425936,0.0901748223794848,0.09191399754307497,time,12,-0.0033772937788384334,0.0006,-0.003977293778838434,0.005790271450002104,-0.6868924562832004,1.0,0.8947326732673265
ENA,vwap_reversion,-1,2026-08-05 15:35:00+00:00,2026-08-05 15:40:00+00:00,2026-08-05 16:00:00+00:00,0.0931,0.09189971607372852,0.09361924508409238,0.09189971607372852,target,5,0.012892415964247976,0.0003,0.012592415964247974,0.005577283395191927,2.257804574733223,1.0,0.9151947194719471
ENA,vwap_reversion,1,2026-08-10 15:00:00+00:00,2026-08-10 15:05:00+00:00,2026-08-10 15:10:00+00:00,0.0886,0.08809780194136398,0.08810396195376952,0.08974663867208349,stop,2,-0.005668149646004763,0.0006,-0.0062681496460047625,0.0055986235466193865,-1.1195876261031439,1.0,0.7718956435643562
ENA,range_breakout,1,2026-08-19 15:25:00+00:00,2026-08-19 15:30:00+00:00,2026-08-19 15:30:00+00:00,0.0892,0.08851451153096643,0.08852070068071914,0.09077026436848257,stop,1,-0.007684848307551276,0.0006,-0.008284848307551277,0.00761546322063746,-1.0878981445409417,1.0,0.929056105610561
ENA,range_breakout,1,2026-08-19 16:25:00+00:00,2026-08-19 16:30:00+00:00,2026-08-19 17:15:00+00:00,0.0899,0.08908839816821962,0.08909462744552066,0.091761694528108,stop,10,-0.009027829052062022,0.0006,-0.009627829052062024,0.008958537869625477,-1.0747098680807974,1.0,0.9468778877887788
ENA,range_breakout,1,2026-08-20 11:00:00+00:00,2026-08-20 11:05:00+00:00,2026-08-20 12:00:00+00:00,0.1009,0.09980929852428926,0.09981627743299695,0.1034051268034346,stop,12,-0.0108097272121977,0.0006,-0.011409727212197702,0.010740560624410839,-1.062302761577082,1.0,0.9468778877887788
ENA,vwap_reversion,-1,2026-08-23 08:45:00+00:00,2026-08-23 08:50:00+00:00,2026-08-23 09:00:00+00:00,0.1634,0.16612833030807628,0.16611671583572313,0.1571200554232197,stop,3,-0.016697247907443622,0.0006,-0.017297247907443622,0.016626167905282367,-1.0403628789258192,1.0,0.9330165016501648
ENA,vwap_reversion,1,2026-08-24 10:15:00+00:00,2026-08-24 10:20:00+00:00,2026-08-24 11:00:00+00:00,0.1591,0.15736635554923953,0.1573773589872486,0.16308204697875137,stop,9,-0.010896571029292666,0.0006,-0.011496571029292668,0.010827410513836417,-1.0618024517128197,1.0,0.7888965676567656
ENA,vwap_reversion,1,2026-08-24 11:05:00+00:00,2026-08-24 11:10:00+00:00,2026-08-24 11:35:00+00:00,0.1575,0.16122551879180172,0.1558883335634212,0.16122551879180172,target,6,0.02365408756699504,0.0003,0.023354087566995037,0.010232802771928895,2.282276721980909,1.0,0.7868072607260724
ENA,vwap_reversion,1,2026-08-24 17:15:00+00:00,2026-08-24 17:20:00+00:00,2026-08-24 17:25:00+00:00,0.1566,0.15439104901058784,0.1544018444079332,0.1616812437236906,stop,2,-0.014105689587561627,0.0006,-0.014705689587561629,0.014036753461473784,-1.0476560429677597,1.0,0.9125544554455444
ENA,vwap_reversion,1,2026-08-25 08:50:00+00:00,2026-08-25 08:55:00+00:00,2026-08-25 09:50:00+00:00,0.1504,0.15068946342651424,0.1488620159453062,0.15395519502498056,time,12,0.0019246238465041915,0.0006,0.0013246238465041914,0.010225957810464013,0.12953543042674506,1.0,0.7740571617161716
ENA,vwap_reversion,1,2026-08-25 13:25:00+00:00,2026-08-25 13:30:00+00:00,2026-08-25 13:50:00+00:00,0.1472,0.14592446054787778,0.14593466394078244,0.15012494349920583,stop,5,-0.008665349538873782,0.0006,-0.009265349538873783,0.008596033010988886,-1.0778634199088422,1.0,0.8782310231023099
ENA,vwap_reversion,1,2026-08-25 20:30:00+00:00,2026-08-25 20:35:00+00:00,2026-08-25 20:35:00+00:00,0.1463,0.14539567504331147,0.1454058414622486,0.1483669316923384,stop,1,-0.006181305240523211,0.0006,-0.006781305240523211,0.00611181502222415,-1.109540327360141,1.0,0.7485234323432342
ENA,vwap_reversion,1,2026-08-26 09:40:00+00:00,2026-08-26 09:45:00+00:00,2026-08-26 09:45:00+00:00,0.1411,0.14010419108725664,0.1401139875127763,0.14337926074945193,stop,1,-0.007057469261115293,0.0006,-0.007657469261115293,0.006988040306333875,-1.0957963785890954,1.0,0.8882489108910889
ENA,vwap_reversion,1,2026-08-26 16:10:00+00:00,2026-08-26 16:15:00+00:00,2026-08-26 16:25:00+00:00,0.1372,0.1359173031030639,0.1359268067712008,0.14014310608686187,stop,3,-0.009349102747347529,0.0006,-0.00994910274734753,0.009279834029148566,-1.072120763808571,1.0,0.8950021782178217
ENA,vwap_reversion,1,2026-08-27 12:30:00+00:00,2026-08-27 12:35:00+00:00,2026-08-27 13:30:00+00:00,0.1454,0.14618977805545041,0.14394572231852654,0.1487616998578988,time,12,0.005431761041612194,0.0006,0.004831761041612194,0.010001909776296176,0.48308384595341264,1.0,0.9314321452145212
ENA,range_breakout,1,2026-08-27 15:55:00+00:00,2026-08-27 16:00:00+00:00,2026-08-27 16:55:00+00:00,0.1625,0.17003386736066756,0.15924083480949178,0.17003386736066756,target,12,0.04636226068103108,0.0003,0.046062260681031086,0.02005640117235828,2.2966363848223215,1.0,0.9468778877887788
ENA,vwap_reversion,1,2026-08-28 09:35:00+00:00,2026-08-28 09:40:00+00:00,2026-08-28 10:00:00+00:00,0.1639,0.16131274243051041,0.16132402180948066,0.1698546162519976,stop,5,-0.015785586146977282,0.0006,-0.01638558614697728,0.015716767483339483,-1.0425544670268094,1.0,0.9673399339933992
ENA,vwap_reversion,1,2026-08-28 12:55:00+00:00,2026-08-28 13:00:00+00:00,2026-08-28 13:55:00+00:00,0.1629,0.16418851953970562,0.16111694550802366,0.1670216984271047,time,12,0.007909880538401654,0.0006,0.007309880538401654,0.010945699766582755,0.6678312665507906,1.0,0.9660549834983497
ENA,range_breakout,1,2026-08-28 15:35:00+00:00,2026-08-28 15:40:00+00:00,2026-08-28 15:45:00+00:00,0.1742,0.17094552463390975,0.1709574775604211,0.18169539607409907,stop,2,-0.018682407382837246,0.0006,-0.019282407382837246,0.018613791271979943,-1.0359204689193973,1.0,0.9664989438943893
ENA,vwap_reversion,1,2026-08-29 08:15:00+00:00,2026-08-29 08:20:00+00:00,2026-08-29 08:30:00+00:00,0.1572,0.1558988449883024,0.15590974581440672,0.16018254409568303,stop,3,-0.008277067504437744,0.0006,-0.008877067504437746,0.008207723826929308,-1.0815504629081623,1.0,0.9330165016501648
ENA,vwap_reversion,-1,2026-09-01 10:35:00+00:00,2026-09-01 10:40:00+00:00,2026-09-01 11:30:00+00:00,0.1573,0.15892966951760787,0.1589185583227305,0.15355854996412296,stop,11,-0.010360263939020176,0.0006,-0.010960263939020177,0.01028962697222191,-1.065176023252226,1.0,0.9330165016501648
ENA,range_breakout,1,2026-09-01 11:35:00+00:00,2026-09-01 11:40:00+00:00,2026-09-01 11:50:00+00:00,0.1613,0.16545279732865542,0.1595034920647196,0.16545279732865542,target,3,0.025745798689742232,0.0003,0.02544579868974223,0.011137680937882224,2.284658613553409,1.0,0.9468778877887788
ENA,vwap_reversion,1,2026-09-02 09:45:00+00:00,2026-09-02 09:50:00+00:00,2026-09-02 10:00:00+00:00,0.1548,0.15337962541611397,0.15339035009226365,0.15805853855483978,stop,3,-0.00917554640753246,0.0006,-0.009775546407532462,0.009106265553852312,-1.0734967424046862,1.0,0.9125544554455444
ENA,vwap_reversion,1,2026-09-02 10:15:00+00:00,2026-09-02 10:20:00+00:00,2026-09-02 10:45:00+00:00,0.1531,0.15167830642680133,0.15168891214259275,0.1563618625109632,stop,6,-0.00928604554669291,0.0006,-0.009886045546692911,0.009216772419381252,-1.072614695997516,1.0,0.9109700990099008
ENA,range_breakout,1,2026-09-03 15:00:00+00:00,2026-09-03 15:05:00+00:00,2026-09-03 15:10:00+00:00,0.1613,0.15964851989687723,0.15965968290936355,0.16509174747763064,stop,2,-0.010238562325621644,0.0006,-0.010838562325621645,0.010169355800597947,-1.065806186561429,1.0,0.9468778877887788
ENA,range_breakout,1,2026-09-03 15:15:00+00:00,2026-09-03 15:20:00+00:00,2026-09-03 15:35:00+00:00,0.1616,0.16562183243744696,0.15986014772298532,0.16562183243744696,target,4,0.024887576964399572,0.0003,0.02458757696439957,0.01076641260528885,2.283729768290811,1.0,0.9673399339933992
ENA,range_breakout,1,2026-09-03 15:55:00+00:00,2026-09-03 16:00:00+00:00,2026-09-03 16:55:00+00:00,0.1696,0.17248793922411215,0.16719420514206695,0.1751612214469612,time,12,0.01702794353839712,0.0006,0.01642794353839712,0.01418511119064301,1.1581117213401584,1.0,0.9468778877887788
ENA,range_breakout,1,2026-09-03 17:00:00+00:00,2026-09-03 17:05:00+00:00,2026-09-03 18:00:00+00:00,0.1749,0.17898748476009319,0.17216825661174803,0.18121468218008968,time,12,0.02337041029212799,0.0006,0.02277041029212799,0.015618887297038064,1.4578765989588853,1.0,0.9455929372937292
ENA,vwap_reversion,1,2026-09-04 12:30:00+00:00,2026-09-04 12:35:00+00:00,2026-09-04 13:30:00+00:00,0.1634,0.16408852653145975,0.16090312766182222,0.1691717556223095,time,12,0.004213748662544431,0.0006,0.0036137486625444307,0.015280736463756295,0.236490477478996,1.0,0.7590947194719471
ENA,range_breakout,1,2026-09-05 18:20:00+00:00,2026-09-05 18:25:00+00:00,2026-09-05 18:25:00+00:00,0.1674,0.16610468940446801,0.16611630384801598,0.17036738458320938,stop,1,-0.0077378171776103875,0.0006,-0.008337817177610389,0.007668435794408611,-1.0872904724180976,1.0,0.929056105610561
ENA,vwap_reversion,1,2026-09-07 07:40:00+00:00,2026-09-07 07:45:00+00:00,2026-09-07 08:40:00+00:00,0.1693,0.17178798816639113,0.1677826071973025,0.17280759640623553,time,12,0.014695736363798699,0.0006,0.014095736363798697,0.008962745438260459,1.572702969296256,1.0,0.9330165016501648
ENA,vwap_reversion,1,2026-09-07 14:30:00+00:00,2026-09-07 14:35:00+00:00,2026-09-07 15:15:00+00:00,0.168,0.16695094434387855,0.16696261795962844,0.170398006310714,stop,9,-0.0062443789054848564,0.0006,-0.006844378905484856,0.0061748930974498285,-1.108420631332309,1.0,0.7543036303630362
ENA,vwap_reversion,1,2026-09-08 11:10:00+00:00,2026-09-08 11:15:00+00:00,2026-09-08 11:45:00+00:00,0.1607,0.15978324753925713,0.15979441997222762,0.16279333354245934,stop,7,-0.005704744621922098,0.0006,-0.006304744621922098,0.005635221081346454,-1.1188105188617854,1.0,0.9151947194719471
ENA,vwap_reversion,1,2026-09-08 13:40:00+00:00,2026-09-08 13:45:00+00:00,2026-09-08 13:55:00+00:00,0.1576,0.15995025591694867,0.15658327486978393,0.15995025591694867,target,3,0.014912791351197203,0.0003,0.014612791351197202,0.006451301587665258,2.2650919589833665,1.0,0.7747656765676566
ENA,range_breakout,-1,2026-09-09 15:20:00+00:00,2026-09-09 15:25:00+00:00,2026-09-09 15:25:00+00:00,0.1539,0.15602792356380144,0.15601701523768277,0.14900631984912466,stop,1,-0.01382666383236794,0.0006,-0.014426663832367941,0.01375578452035579,-1.0487707052272726,1.0,0.9468778877887788
ENA,vwap_reversion,1,2026-09-09 15:35:00+00:00,2026-09-09 15:40:00+00:00,2026-09-09 16:35:00+00:00,0.1574,0.15698902294600353,0.15516627606516437,0.16256346329864182,time,12,-0.002611035921197463,0.0006,-0.003211035921197463,0.014191384592348442,-0.22626657041827722,1.0,0.9097502970297028
ENA,vwap_reversion,1,2026-09-10 12:45:00+00:00,2026-09-10 12:50:00+00:00,2026-09-10 13:45:00+00:00,0.1467,0.14718970813790905,0.14524129057584048,0.1500719442486006,time,12,0.0033381604492777823,0.0006,0.0027381604492777824,0.009943486190589709,0.2753722785746025,1.0,0.7706062046204619
ENA,vwap_reversion,1,2026-09-10 19:35:00+00:00,2026-09-10 19:40:00+00:00,2026-09-10 19:45:00+00:00,0.1447,0.14380169914762153,0.1438117541118904,0.1467532640457026,stop,2,-0.006208022476699822,0.0006,-0.0068080224766998215,0.0061385341265348435,-1.1090632285110222,1.0,0.7470042244224421
ENA,range_breakout,1,2026-09-11 13:55:00+00:00,2026-09-11 14:00:00+00:00,2026-09-11 14:10:00+00:00,0.1558,0.1533136419180545,0.15332436198047764,0.16152267049440314,stop,3,-0.01595865264406611,0.0006,-0.01655865264406611,0.015889846081658318,-1.042090185076103,1.0,0.9468778877887788
ENA,vwap_reversion,1,2026-09-11 18:05:00+00:00,2026-09-11 18:10:00+00:00,2026-09-11 18:50:00+00:00,0.1444,0.14284009639574619,0.14285008412241376,0.14798277655760878,stop,9,-0.010802656539153844,0.0006,-0.011402656539153845,0.010733489456968406,-1.062343852376079,1.0,0.9109700990099008
ENA,vwap_reversion,1,2026-09-14 13:05:00+00:00,2026-09-14 13:10:00+00:00,2026-09-14 13:30:00+00:00,0.1386,0.14068293578053756,0.1376989180635919,0.14068293578053756,target,5,0.015028396684975175,0.0003,0.014728396684975173,0.0065013126724971036,2.2654496756142186,1.0,0.969980198019802
ENA,vwap_reversion,1,2026-09-15 14:50:00+00:00,2026-09-15 14:55:00+00:00,2026-09-15 15:15:00+00:00,0.1401,0.1432172665618229,0.13875146462215812,0.1432172665618229,target,5,0.02225029665826482,0.0003,0.02195029665826482,0.009625520184453142,2.28042705616246,1.0,0.965820726072607
ENA,range_breakout,1,2026-09-15 17:30:00+00:00,2026-09-15 17:35:00+00:00,2026-09-15 17:40:00+00:00,0.1465,0.1449733182014751,0.14498345508819546,0.15000563642656262,stop,2,-0.010421036167405372,0.0006,-0.011021036167405374,0.010351842401396019,-1.0646448950883478,1.0,0.9415335313531351
ENA,range_breakout,1,2026-09-16 13:45:00+00:00,2026-09-16 13:50:00+00:00,2026-09-16 13:50:00+00:00,0.1469,0.14552387129106487,0.1455340466737952,0.15005752979028505,stop,1,-0.00936779243659045,0.0006,-0.009967792436590451,0.009298525025219984,-1.07197565307995,1.0,0.9253648184818479
ENA,range_breakout,1,2026-09-17 14:20:00+00:00,2026-09-17 14:25:00+00:00,2026-09-17 14:40:00+00:00,0.1548,0.15316316255424633,0.15317387209478667,0.15855894783886268,stop,4,-0.010573885308486165,0.0006,-0.011173885308486167,0.010504702230060215,-1.0637031934623544,1.0,0.9673399339933992
ENA,vwap_reversion,-1,2026-09-19 08:40:00+00:00,2026-09-19 08:45:00+00:00,2026-09-19 09:40:00+00:00,0.1921,0.18891320742356646,0.19517872410559894,0.1849832392051734,time,12,0.016589237774250566,0.0006,0.015989237774250566,0.016026674157204376,0.9976641202917961,1.0,0.8782310231023099
ENA,range_breakout,1,2026-09-20 17:45:00+00:00,2026-09-20 17:50:00+00:00,2026-09-20 18:40:00+00:00,0.2271,0.2229598194655293,0.22297540935793955,0.23663437981751653,stop,11,-0.01823064964540151,0.0006,-0.01883064964540151,0.01816200194654533,-1.0368157486616374,1.0,0.9468778877887788
ENA,vwap_reversion,1,2026-09-23 11:25:00+00:00,2026-09-23 11:30:00+00:00,2026-09-23 12:25:00+00:00,0.2098,0.21388391032286289,0.20803329271299348,0.21388391032286289,target,12,0.019465730804875594,0.0003,0.019165730804875592,0.008420911758849006,2.275968606930898,1.0,0.9094508910891088
ENA,vwap_reversion,1,2026-09-23 14:10:00+00:00,2026-09-23 14:15:00+00:00,2026-09-23 14:15:00+00:00,0.2064,0.20342144146767585,0.20343566518921463,0.2132523391640618,stop,1,-0.014431000641105375,0.0006,-0.015031000641105376,0.014362087261556954,-1.0465749418845898,1.0,0.9673399339933992
ENA,vwap_reversion,1,2026-09-23 16:00:00+00:00,2026-09-23 16:05:00+00:00,2026-09-23 16:55:00+00:00,0.2013,0.2087408936615739,0.19808105540659188,0.2087408936615739,target,11,0.03696420100136057,0.0003,0.03666420100136058,0.01599078287833154,2.2928333953581936,1.0,0.772125412541254
ENA,vwap_reversion,1,2026-09-24 08:35:00+00:00,2026-09-24 08:40:00+00:00,2026-09-24 08:45:00+00:00,0.2042,0.2025287811644532,0.20254294246901425,0.208030444582496,stop,2,-0.008184225443422137,0.0006,-0.008784225443422139,0.008114875274171094,-1.0824843446924595,1.0,0.9082409900990098
ENA,range_breakout,1,2026-09-24 14:20:00+00:00,2026-09-24 14:25:00+00:00,2026-09-24 14:45:00+00:00,0.2219,0.21914223380741618,0.21915755676495977,0.22823941588389732,stop,5,-0.012427968420837337,0.0006,-0.013027968420837338,0.012358914984408421,-1.0541352891635691,1.0,0.9468778877887788
ENA,range_breakout,1,2026-09-25 12:35:00+00:00,2026-09-25 12:40:00+00:00,2026-09-25 13:35:00+00:00,0.2444,0.24698273036727944,0.24045022710021166,0.2535302721379165,time,12,0.010567636527329928,0.0006,0.009967636527329926,0.01616110024463311,0.6167671987951469,1.0,0.9468778877887788
ENA,range_breakout,1,2026-09-25 15:10:00+00:00,2026-09-25 15:15:00+00:00,2026-09-25 15:30:00+00:00,0.2557,0.25104428037826676,0.2510618340044344,0.2664215576274306,stop,4,-0.018207741970016518,0.0006,-0.018807741970016518,0.018139092669400014,-1.0368623344509669,1.0,0.9468778877887788
ENA,vwap_reversion,1,2026-09-26 17:05:00+00:00,2026-09-26 17:10:00+00:00,2026-09-26 18:05:00+00:00,0.2689,0.27158101039576155,0.2663684076038214,0.27475201430710844,time,12,0.009970287823583392,0.0006,0.00937028782358339,0.009414624009589343,0.995290710923687,1.0,0.9110352475247524
ENA,vwap_reversion,1,2026-09-26 20:40:00+00:00,2026-09-26 20:45:00+00:00,2026-09-26 21:25:00+00:00,0.2672,0.270644977775139,0.2657096961348928,0.270644977775139,target,9,0.012892880894981378,0.0003,0.012592880894981376,0.005577484525101695,2.2578065144433133,1.0,0.8008962376237622
ENA,range_breakout,1,2026-09-27 18:50:00+00:00,2026-09-27 18:55:00+00:00,2026-09-27 19:00:00+00:00,0.2938,0.2905860217750942,0.290606340255914,0.3011824453504598,stop,2,-0.010939340452368353,0.0006,-0.011539340452368355,0.010870182927454208,-1.06155899393598,1.0,0.9468778877887788
ENA,vwap_reversion,1,2026-09-28 14:55:00+00:00,2026-09-28 15:00:00+00:00,2026-09-28 15:10:00+00:00,0.2609,0.2572215849092319,0.2572395704675443,0.2693614276873433,stop,3,-0.014098946304208913,0.0006,-0.014698946304208914,0.014030009706614438,-1.0476789832354219,1.0,0.7740571617161716
ENA,vwap_reversion,1,2026-09-28 15:15:00+00:00,2026-09-28 15:20:00+00:00,2026-09-28 16:15:00+00:00,0.2567,0.2607817655052084,0.2529875202031323,0.2652817467768172,time,12,0.01590091743361274,0.0006,0.015300917433612738,0.014462328776266652,1.0579843447289243,1.0,0.7803781518151814
