coin,ts,setup,direction,r,win,setup_valid,regime,cost,htf_against,exhaustion,quality,p_take,action,q_bin,sv_bin
BTC,2026-07-01 12:05:00+00:00,vwap_reversion,1,-1.716479487860479,0,0.63,0.87,0.13,2.52,2.66,1.18,0.05,wait,"(1.0, 1.5]","(0.6, 0.8]"
BTC,2026-07-01 12:45:00+00:00,vwap_reversion,1,1.1103462106037156,1,0.56,0.85,0.31,2.49,2.27,1.46,0.07,wait,"(1.0, 1.5]","(0.4, 0.6]"
BTC,2026-07-02 00:40:00+00:00,vwap_reversion,1,1.181678454156116,1,0.61,0.85,0.37,2.46,2.65,1.45,0.13,wait,"(1.0, 1.5]","(0.6, 0.8]"
BTC,2026-07-02 07:20:00+00:00,vwap_reversion,1,-1.6278786888601904,0,0.43,0.22,0.27,2.12,2.13,1.3,0.06,wait,"(1.0, 1.5]","(0.4, 0.6]"
BTC,2026-07-02 07:30:00+00:00,vwap_reversion,1,1.099748953884589,1,0.7,0.21,0.24,2.07,2.64,1.61,0.17,wait,"(1.5, 2.0]","(0.6, 0.8]"
BTC,2026-07-02 07:45:00+00:00,vwap_reversion,1,-1.6628245104695378,0,0.41,0.21,0.25,2.15,0.96,1.13,0.06,wait,"(1.0, 1.5]","(0.4, 0.6]"
BTC,2026-07-02 07:55:00+00:00,vwap_reversion,1,1.0772491057157545,1,0.68,0.22,0.27,2.09,2.43,1.52,0.16,wait,"(1.5, 2.0]","(0.6, 0.8]"
BTC,2026-07-04 05:55:00+00:00,vwap_reversion,1,0.7959127224258945,1,0.55,0.27,0.15,0.33,2.51,1.23,0.04,wait,"(1.0, 1.5]","(0.4, 0.6]"
BTC,2026-07-05 02:15:00+00:00,vwap_reversion,1,-1.8407891918437636,0,0.61,0.86,0.14,2.14,2.68,1.22,0.05,wait,"(1.0, 1.5]","(0.6, 0.8]"
BTC,2026-07-05 02:30:00+00:00,vwap_reversion,1,-1.8642146831507223,0,0.44,0.3,0.14,2.1,1.98,0.85,0.02,skip,"(-0.1, 1.0]","(0.4, 0.6]"
BTC,2026-07-05 02:45:00+00:00,vwap_reversion,1,0.9940854557974247,1,0.66,0.82,0.15,2.92,2.74,1.19,0.06,wait,"(1.0, 1.5]","(0.6, 0.8]"
BTC,2026-07-05 02:50:00+00:00,vwap_reversion,1,0.9948527072671021,1,0.63,0.83,0.15,2.93,2.55,1.14,0.06,wait,"(1.0, 1.5]","(0.6, 0.8]"
BTC,2026-07-05 09:40:00+00:00,vwap_reversion,1,0.9970914814139413,1,0.61,0.65,0.14,0.55,3.0,1.43,0.05,wait,"(1.0, 1.5]","(0.6, 0.8]"
BTC,2026-07-05 10:00:00+00:00,vwap_reversion,1,1.0109323415560172,1,0.4,0.81,0.14,2.13,1.92,0.94,0.02,skip,"(-0.1, 1.0]","(0.2, 0.4]"
BTC,2026-07-05 11:25:00+00:00,vwap_reversion,1,0.803577119248104,1,0.43,0.87,0.14,0.4,2.44,1.0,0.03,wait,"(-0.1, 1.0]","(0.4, 0.6]"
BTC,2026-07-05 21:05:00+00:00,vwap_reversion,1,0.5873424706598346,1,0.51,0.27,0.14,0.66,2.42,1.14,0.03,wait,"(1.0, 1.5]","(0.4, 0.6]"
BTC,2026-07-06 03:20:00+00:00,vwap_reversion,1,-1.603899840823293,0,0.57,0.87,0.31,0.32,2.44,1.89,0.16,wait,"(1.5, 2.0]","(0.4, 0.6]"
BTC,2026-07-06 03:30:00+00:00,vwap_reversion,1,1.1162361583103213,1,0.71,0.88,0.31,0.35,2.93,1.97,0.2,wait,"(1.5, 2.0]","(0.6, 0.8]"
BTC,2026-07-06 05:30:00+00:00,vwap_reversion,1,1.0680697343829089,1,0.67,0.3,0.26,2.02,2.88,1.5,0.12,wait,"(1.0, 1.5]","(0.6, 0.8]"
BTC,2026-07-06 06:20:00+00:00,vwap_reversion,1,-1.7714730196403174,0,0.39,0.23,0.13,1.9,2.1,0.91,0.02,wait,"(-0.1, 1.0]","(0.2, 0.4]"
BTC,2026-07-06 06:25:00+00:00,vwap_reversion,1,-1.8007113179657845,0,0.52,0.26,0.15,1.87,2.8,1.05,0.03,wait,"(1.0, 1.5]","(0.4, 0.6]"
BTC,2026-07-06 08:35:00+00:00,vwap_reversion,1,-1.7707867564488602,0,0.53,0.27,0.14,0.43,2.64,1.38,0.06,wait,"(1.0, 1.5]","(0.4, 0.6]"
BTC,2026-07-06 09:20:00+00:00,vwap_reversion,1,-1.945519363864257,0,0.54,0.19,0.13,2.2,2.27,1.06,0.02,wait,"(1.0, 1.5]","(0.4, 0.6]"
BTC,2026-07-06 12:05:00+00:00,vwap_reversion,1,-1.4344782347897462,0,0.63,0.32,0.32,2.94,3.0,1.66,0.13,wait,"(1.5, 2.0]","(0.6, 0.8]"
BTC,2026-07-06 12:10:00+00:00,vwap_reversion,1,-1.4133628224721735,0,0.53,0.3,0.3,2.95,3.0,1.54,0.07,wait,"(1.5, 2.0]","(0.4, 0.6]"
BTC,2026-07-06 12:15:00+00:00,vwap_reversion,1,-1.3955148502223387,0,0.47,0.33,0.29,2.99,2.93,1.32,0.08,wait,"(1.0, 1.5]","(0.4, 0.6]"
BTC,2026-07-06 12:20:00+00:00,vwap_reversion,1,-1.395118964608799,0,0.5,0.37,0.31,2.99,2.57,1.3,0.09,wait,"(1.0, 1.5]","(0.4, 0.6]"
BTC,2026-07-06 12:25:00+00:00,vwap_reversion,1,-1.4005717289548254,0,0.42,0.31,0.33,2.99,2.84,1.38,0.07,wait,"(1.0, 1.5]","(0.4, 0.6]"
BTC,2026-07-06 12:30:00+00:00,vwap_reversion,1,-1.4027507375220976,0,0.38,0.34,0.32,3.0,2.4,1.07,0.06,wait,"(1.0, 1.5]","(0.2, 0.4]"
BTC,2026-07-06 13:20:00+00:00,vwap_reversion,1,-1.3652592729555608,0,0.65,0.35,0.29,3.0,3.0,1.57,0.16,wait,"(1.5, 2.0]","(0.6, 0.8]"
BTC,2026-07-06 13:30:00+00:00,vwap_reversion,1,-1.353921874685419,0,0.38,0.3,0.33,2.99,2.77,0.98,0.04,wait,"(-0.1, 1.0]","(0.2, 0.4]"
BTC,2026-07-06 13:35:00+00:00,vwap_reversion,1,1.290615026908877,1,0.64,0.38,0.86,2.99,2.99,1.84,0.22,wait,"(1.5, 2.0]","(0.6, 0.8]"
BTC,2026-07-07 01:35:00+00:00,vwap_reversion,1,-1.5542707000168468,0,0.39,0.87,0.28,0.42,2.16,1.24,0.07,wait,"(1.0, 1.5]","(0.2, 0.4]"
BTC,2026-07-07 02:30:00+00:00,vwap_reversion,1,-1.559251797601472,0,0.57,0.86,0.28,2.19,2.5,1.49,0.09,wait,"(1.0, 1.5]","(0.4, 0.6]"
BTC,2026-07-07 02:35:00+00:00,vwap_reversion,1,-1.5589227810926976,0,0.54,0.31,0.28,2.18,2.57,1.36,0.05,wait,"(1.0, 1.5]","(0.4, 0.6]"
BTC,2026-07-07 02:50:00+00:00,vwap_reversion,1,-1.5250675042660216,0,0.6,0.86,0.33,2.09,2.49,1.6,0.11,wait,"(1.5, 2.0]","(0.4, 0.6]"
BTC,2026-07-07 02:55:00+00:00,vwap_reversion,1,-1.5441343204723785,0,0.54,0.82,0.28,2.17,2.43,1.5,0.06,wait,"(1.0, 1.5]","(0.4, 0.6]"
BTC,2026-07-07 03:00:00+00:00,vwap_reversion,1,-1.5420014026485005,0,0.63,0.86,0.29,2.93,2.86,1.47,0.17,wait,"(1.0, 1.5]","(0.6, 0.8]"
BTC,2026-07-07 03:05:00+00:00,vwap_reversion,1,-1.5500745456030776,0,0.53,0.83,0.31,2.9,2.43,1.48,0.12,wait,"(1.0, 1.5]","(0.4, 0.6]"
BTC,2026-07-07 03:55:00+00:00,vwap_reversion,1,-1.6802583098796164,0,0.68,0.29,0.24,2.94,2.51,1.53,0.19,wait,"(1.5, 2.0]","(0.6, 0.8]"
BTC,2026-07-07 04:00:00+00:00,vwap_reversion,1,-1.6884610702315748,0,0.66,0.87,0.32,2.93,2.65,1.64,0.15,wait,"(1.5, 2.0]","(0.6, 0.8]"
BTC,2026-07-07 04:35:00+00:00,vwap_reversion,1,-1.7478316835562613,0,0.39,0.24,0.13,2.93,1.24,0.88,0.02,skip,"(-0.1, 1.0]","(0.2, 0.4]"
BTC,2026-07-07 05:25:00+00:00,vwap_reversion,1,1.0926422880185558,1,0.53,0.84,0.27,2.95,2.27,1.4,0.14,wait,"(1.0, 1.5]","(0.4, 0.6]"
BTC,2026-07-07 13:25:00+00:00,vwap_reversion,1,-1.5687478362048952,0,0.57,0.79,0.33,0.8,2.5,1.61,0.09,wait,"(1.5, 2.0]","(0.4, 0.6]"
BTC,2026-07-07 14:35:00+00:00,vwap_reversion,1,1.3058230076290633,1,0.44,0.36,0.84,1.98,2.68,1.43,0.1,wait,"(1.0, 1.5]","(0.4, 0.6]"
BTC,2026-07-07 22:00:00+00:00,vwap_reversion,1,1.1773090296281574,1,0.33,0.27,0.28,2.15,2.17,0.8,0.02,wait,"(-0.1, 1.0]","(0.2, 0.4]"
BTC,2026-07-07 23:55:00+00:00,vwap_reversion,1,1.016276125665067,1,0.43,0.24,0.14,0.69,2.41,0.88,0.02,wait,"(-0.1, 1.0]","(0.4, 0.6]"
BTC,2026-07-08 01:55:00+00:00,vwap_reversion,1,-1.496583429827557,0,0.48,0.8,0.34,2.19,2.4,1.39,0.07,wait,"(1.0, 1.5]","(0.4, 0.6]"
BTC,2026-07-08 02:00:00+00:00,vwap_reversion,1,-1.4782773136799843,0,0.51,0.66,0.35,2.12,2.84,1.62,0.08,wait,"(1.5, 2.0]","(0.4, 0.6]"
BTC,2026-07-08 02:15:00+00:00,vwap_reversion,1,-1.4697708431934624,0,0.64,0.66,0.28,2.93,3.0,1.57,0.2,wait,"(1.5, 2.0]","(0.6, 0.8]"
BTC,2026-07-08 02:20:00+00:00,vwap_reversion,1,-1.471727663644397,0,0.45,0.65,0.33,2.94,2.86,1.35,0.1,wait,"(1.0, 1.5]","(0.4, 0.6]"
BTC,2026-07-08 02:35:00+00:00,vwap_reversion,1,1.2343867989829582,1,0.61,0.67,0.28,2.93,3.0,1.5,0.15,wait,"(1.0, 1.5]","(0.6, 0.8]"
BTC,2026-07-08 05:45:00+00:00,vwap_reversion,1,-1.687805275466784,0,0.68,0.13,0.25,2.93,2.6,1.44,0.1,wait,"(1.0, 1.5]","(0.6, 0.8]"
BTC,2026-07-08 05:50:00+00:00,vwap_reversion,1,-1.694411710037674,0,0.57,0.12,0.24,2.93,2.37,1.18,0.1,wait,"(1.0, 1.5]","(0.4, 0.6]"
BTC,2026-07-08 06:35:00+00:00,vwap_reversion,1,1.0818742709743494,1,0.68,0.87,0.31,3.0,2.72,1.57,0.18,wait,"(1.5, 2.0]","(0.6, 0.8]"
BTC,2026-07-08 08:30:00+00:00,vwap_reversion,1,-1.427042456402363,0,0.64,0.66,0.28,2.91,3.0,1.69,0.17,wait,"(1.5, 2.0]","(0.6, 0.8]"
BTC,2026-07-08 08:35:00+00:00,vwap_reversion,1,1.2473138735665186,1,0.51,0.77,0.31,2.95,2.66,1.48,0.08,wait,"(1.0, 1.5]","(0.4, 0.6]"
BTC,2026-07-08 08:40:00+00:00,vwap_reversion,1,1.2546465010731138,1,0.66,0.67,0.3,2.95,3.0,1.6,0.17,wait,"(1.5, 2.0]","(0.6, 0.8]"
BTC,2026-07-08 09:00:00+00:00,vwap_reversion,1,-1.3648144539403775,0,0.41,0.79,0.3,2.99,2.45,1.05,0.05,wait,"(1.0, 1.5]","(0.4, 0.6]"
BTC,2026-07-08 09:25:00+00:00,vwap_reversion,1,1.258422185152669,1,0.56,0.68,0.26,2.99,2.31,1.26,0.16,wait,"(1.0, 1.5]","(0.4, 0.6]"
BTC,2026-07-08 13:20:00+00:00,vwap_reversion,1,-1.6307981284885467,0,0.6,0.33,0.31,2.92,2.35,1.49,0.09,wait,"(1.0, 1.5]","(0.4, 0.6]"
BTC,2026-07-08 13:25:00+00:00,vwap_reversion,1,1.1105158792093923,1,0.66,0.86,0.29,2.89,2.96,1.56,0.17,wait,"(1.5, 2.0]","(0.6, 0.8]"
BTC,2026-07-08 21:10:00+00:00,vwap_reversion,1,1.0497814143148216,1,0.32,0.21,0.14,0.74,2.68,0.73,0.01,skip,"(-0.1, 1.0]","(0.2, 0.4]"
BTC,2026-07-09 01:50:00+00:00,vwap_reversion,1,-1.4439121947957958,0,0.43,0.63,0.3,0.41,2.81,1.33,0.08,wait,"(1.0, 1.5]","(0.4, 0.6]"
BTC,2026-07-09 01:55:00+00:00,vwap_reversion,1,1.2124276481642156,1,0.54,0.79,0.25,0.68,2.78,1.27,0.07,wait,"(1.0, 1.5]","(0.4, 0.6]"
BTC,2026-07-09 02:00:00+00:00,vwap_reversion,1,-1.4539526721172278,0,0.52,0.81,0.27,0.73,2.65,1.2,0.07,wait,"(1.0, 1.5]","(0.4, 0.6]"
BTC,2026-07-09 02:50:00+00:00,vwap_reversion,1,1.1903674104192725,1,0.37,0.79,0.3,2.25,2.05,0.97,0.02,wait,"(-0.1, 1.0]","(0.2, 0.4]"
BTC,2026-07-10 20:25:00+00:00,vwap_reversion,1,1.077681165145945,1,0.59,0.88,0.36,0.43,2.85,1.76,0.19,wait,"(1.5, 2.0]","(0.4, 0.6]"
BTC,2026-07-11 23:25:00+00:00,vwap_reversion,1,-1.864741364250403,0,0.63,0.65,0.14,2.05,3.0,1.35,0.07,wait,"(1.0, 1.5]","(0.6, 0.8]"
BTC,2026-07-11 23:35:00+00:00,vwap_reversion,1,0.9818297182619465,1,0.62,0.64,0.14,2.13,3.0,1.34,0.04,wait,"(1.0, 1.5]","(0.6, 0.8]"
BTC,2026-07-12 06:10:00+00:00,vwap_reversion,1,-2.2574226135144535,0,0.55,0.29,0.14,2.08,2.57,1.18,0.03,wait,"(1.0, 1.5]","(0.4, 0.6]"
BTC,2026-07-12 06:15:00+00:00,vwap_reversion,1,-2.2548460556418455,0,0.65,0.28,0.14,2.12,2.95,1.32,0.05,wait,"(1.0, 1.5]","(0.6, 0.8]"
BTC,2026-07-12 06:30:00+00:00,vwap_reversion,1,0.8340743111399326,1,0.45,0.8,0.14,2.94,2.3,0.98,0.01,wait,"(-0.1, 1.0]","(0.4, 0.6]"
BTC,2026-07-12 09:15:00+00:00,vwap_reversion,1,-2.2774383123386532,0,0.35,0.76,0.13,1.43,2.74,0.81,0.02,wait,"(-0.1, 1.0]","(0.2, 0.4]"
BTC,2026-07-12 09:20:00+00:00,vwap_reversion,1,0.7335495059272084,1,0.52,0.77,0.14,1.58,2.82,1.23,0.04,wait,"(1.0, 1.5]","(0.4, 0.6]"
BTC,2026-07-12 22:05:00+00:00,vwap_reversion,1,-1.9765712439429322,0,0.46,0.76,0.14,2.12,2.45,1.02,0.02,wait,"(1.0, 1.5]","(0.4, 0.6]"
BTC,2026-07-12 22:25:00+00:00,vwap_reversion,1,-1.857380278687337,0,0.48,0.34,0.14,2.93,2.48,0.81,0.01,skip,"(-0.1, 1.0]","(0.4, 0.6]"
BTC,2026-07-12 22:35:00+00:00,vwap_reversion,1,-1.857733372848606,0,0.5,0.19,0.13,2.94,2.38,0.81,0.02,skip,"(-0.1, 1.0]","(0.4, 0.6]"
BTC,2026-07-13 02:05:00+00:00,vwap_reversion,1,-1.3944656412218328,0,0.65,0.37,0.32,2.95,2.95,1.58,0.12,wait,"(1.5, 2.0]","(0.6, 0.8]"
BTC,2026-07-13 02:10:00+00:00,vwap_reversion,1,-1.389344521015684,0,0.37,0.35,0.28,2.93,2.04,0.89,0.03,wait,"(-0.1, 1.0]","(0.2, 0.4]"
BTC,2026-07-13 03:10:00+00:00,vwap_reversion,1,-1.4390852766416162,0,0.66,0.38,0.32,2.94,2.97,1.65,0.15,wait,"(1.5, 2.0]","(0.6, 0.8]"
BTC,2026-07-13 03:15:00+00:00,vwap_reversion,1,-1.4011743426166041,0,0.62,0.33,0.3,2.94,2.98,1.6,0.12,wait,"(1.5, 2.0]","(0.6, 0.8]"
BTC,2026-07-13 03:20:00+00:00,vwap_reversion,1,-1.410532093875248,0,0.46,0.37,0.36,2.96,2.49,1.33,0.06,wait,"(1.0, 1.5]","(0.4, 0.6]"
BTC,2026-07-13 04:05:00+00:00,vwap_reversion,1,-1.4628433805175216,0,0.44,0.79,0.26,3.0,2.31,1.26,0.06,wait,"(1.0, 1.5]","(0.4, 0.6]"
BTC,2026-07-13 04:35:00+00:00,vwap_reversion,1,-1.5084418993724684,0,0.67,0.81,0.29,3.0,2.75,1.42,0.13,wait,"(1.0, 1.5]","(0.6, 0.8]"
BTC,2026-07-13 11:55:00+00:00,vwap_reversion,1,-2.004682901628211,0,0.38,0.25,0.14,1.63,2.33,0.78,0.02,wait,"(-0.1, 1.0]","(0.2, 0.4]"
BTC,2026-07-13 12:05:00+00:00,vwap_reversion,1,-1.9106378833332076,0,0.63,0.2,0.14,1.68,2.65,1.16,0.04,wait,"(1.0, 1.5]","(0.6, 0.8]"
BTC,2026-07-13 12:55:00+00:00,vwap_reversion,1,-1.845026585433181,0,0.65,0.29,0.14,2.99,2.66,1.13,0.05,wait,"(1.0, 1.5]","(0.6, 0.8]"
BTC,2026-07-13 13:20:00+00:00,vwap_reversion,1,1.0067502819682617,1,0.63,0.76,0.14,2.99,2.99,1.21,0.07,wait,"(1.0, 1.5]","(0.6, 0.8]"
BTC,2026-07-13 13:25:00+00:00,vwap_reversion,1,1.0149055063694115,1,0.49,0.86,0.14,2.99,2.37,1.0,0.01,skip,"(-0.1, 1.0]","(0.4, 0.6]"
BTC,2026-07-13 13:45:00+00:00,vwap_reversion,1,-1.5106803140739544,0,0.67,0.66,0.28,3.0,3.0,1.59,0.14,wait,"(1.5, 2.0]","(0.6, 0.8]"
BTC,2026-07-13 13:50:00+00:00,vwap_reversion,1,1.1928844860907744,1,0.49,0.31,0.39,2.99,2.87,1.33,0.05,wait,"(1.0, 1.5]","(0.4, 0.6]"
BTC,2026-07-13 13:55:00+00:00,vwap_reversion,1,-1.4786111070117136,0,0.44,0.31,0.29,2.99,2.85,1.33,0.07,wait,"(1.0, 1.5]","(0.4, 0.6]"
BTC,2026-07-13 14:05:00+00:00,vwap_reversion,1,-1.4930285694075427,0,0.47,0.36,0.3,2.99,2.43,1.33,0.07,wait,"(1.0, 1.5]","(0.4, 0.6]"
BTC,2026-07-13 16:25:00+00:00,vwap_reversion,1,-1.5293014887960856,0,0.38,0.84,0.28,1.76,2.11,1.03,0.04,wait,"(1.0, 1.5]","(0.2, 0.4]"
BTC,2026-07-13 16:35:00+00:00,vwap_reversion,1,-1.5449786706685489,0,0.68,0.84,0.31,2.93,2.76,1.56,0.17,wait,"(1.5, 2.0]","(0.6, 0.8]"
BTC,2026-07-13 16:55:00+00:00,vwap_reversion,1,-1.596942184069999,0,0.57,0.34,0.32,2.91,2.52,1.27,0.06,wait,"(1.0, 1.5]","(0.4, 0.6]"
BTC,2026-07-13 17:15:00+00:00,vwap_reversion,1,-1.6266688640390954,0,0.41,0.31,0.26,2.94,1.74,0.98,0.04,wait,"(-0.1, 1.0]","(0.4, 0.6]"
BTC,2026-07-13 17:30:00+00:00,vwap_reversion,1,-1.6667477244500262,0,0.64,0.84,0.26,2.93,2.65,1.43,0.07,wait,"(1.0, 1.5]","(0.6, 0.8]"
BTC,2026-07-13 17:35:00+00:00,vwap_reversion,1,-1.6141766632125056,0,0.52,0.8,0.3,2.93,2.81,1.45,0.08,wait,"(1.0, 1.5]","(0.4, 0.6]"
BTC,2026-07-13 17:40:00+00:00,vwap_reversion,1,-1.6181006178619233,0,0.68,0.85,0.29,2.93,2.65,1.55,0.17,wait,"(1.5, 2.0]","(0.6, 0.8]"
BTC,2026-07-13 17:50:00+00:00,vwap_reversion,1,-1.6025974109346777,0,0.69,0.83,0.32,2.89,2.64,1.67,0.23,wait,"(1.5, 2.0]","(0.6, 0.8]"
BTC,2026-07-13 18:10:00+00:00,vwap_reversion,1,-1.5935798806350805,0,0.51,0.84,0.32,3.0,2.14,1.29,0.04,wait,"(1.0, 1.5]","(0.4, 0.6]"
BTC,2026-07-13 18:20:00+00:00,vwap_reversion,1,1.1491757791394663,1,0.61,0.86,0.32,3.0,2.39,1.26,0.17,wait,"(1.0, 1.5]","(0.6, 0.8]"
BTC,2026-07-13 18:25:00+00:00,vwap_reversion,1,1.148637201661146,1,0.44,0.31,0.31,3.0,2.03,0.95,0.04,wait,"(-0.1, 1.0]","(0.4, 0.6]"
BTC,2026-07-13 21:35:00+00:00,vwap_reversion,1,0.9978592044938569,1,0.35,0.18,0.13,2.95,1.94,0.68,0.01,skip,"(-0.1, 1.0]","(0.2, 0.4]"
BTC,2026-07-13 21:40:00+00:00,vwap_reversion,1,0.9986511905631716,1,0.54,0.19,0.13,2.92,2.39,0.88,0.02,skip,"(-0.1, 1.0]","(0.4, 0.6]"
BTC,2026-07-15 01:15:00+00:00,vwap_reversion,1,0.8961459826477505,1,0.41,0.26,0.13,0.42,2.48,0.78,0.01,skip,"(-0.1, 1.0]","(0.4, 0.6]"
BTC,2026-07-15 01:50:00+00:00,vwap_reversion,1,-1.9528063266173632,0,0.52,0.12,0.14,0.44,2.24,0.96,0.01,wait,"(-0.1, 1.0]","(0.4, 0.6]"
BTC,2026-07-15 02:00:00+00:00,vwap_reversion,1,-2.021722336905979,0,0.48,0.19,0.14,0.66,2.04,0.87,0.01,wait,"(-0.1, 1.0]","(0.4, 0.6]"
BTC,2026-07-15 07:30:00+00:00,vwap_reversion,1,1.1252619021136607,1,0.46,0.76,0.27,0.49,2.89,1.26,0.06,wait,"(1.0, 1.5]","(0.4, 0.6]"
BTC,2026-07-15 19:20:00+00:00,vwap_reversion,1,1.058768388478054,1,0.47,0.12,0.13,2.08,2.16,0.77,0.01,skip,"(-0.1, 1.0]","(0.4, 0.6]"
BTC,2026-07-15 23:45:00+00:00,vwap_reversion,1,0.778337332119152,1,0.51,0.26,0.14,2.11,2.53,0.91,0.02,wait,"(-0.1, 1.0]","(0.4, 0.6]"
BTC,2026-07-16 00:30:00+00:00,vwap_reversion,1,-1.9635644673715007,0,0.66,0.29,0.14,2.09,2.57,1.29,0.08,wait,"(1.0, 1.5]","(0.6, 0.8]"
BTC,2026-07-16 00:40:00+00:00,vwap_reversion,1,0.8921129538923217,1,0.65,0.29,0.15,2.16,2.79,1.24,0.05,wait,"(1.0, 1.5]","(0.6, 0.8]"
BTC,2026-07-16 07:20:00+00:00,vwap_reversion,1,-1.933379865221672,0,0.6,0.78,0.14,0.65,3.0,1.3,0.06,wait,"(1.0, 1.5]","(0.4, 0.6]"
BTC,2026-07-16 07:30:00+00:00,vwap_reversion,1,-1.913564681388609,0,0.54,0.84,0.14,2.15,2.65,1.15,0.03,wait,"(1.0, 1.5]","(0.4, 0.6]"
BTC,2026-07-16 07:40:00+00:00,vwap_reversion,1,-1.7804364716718153,0,0.49,0.62,0.14,2.19,2.89,1.13,0.03,wait,"(1.0, 1.5]","(0.4, 0.6]"
BTC,2026-07-16 08:00:00+00:00,vwap_reversion,1,-1.6830653889109322,0,0.64,0.66,0.29,2.95,3.0,1.48,0.13,wait,"(1.0, 1.5]","(0.6, 0.8]"
BTC,2026-07-16 08:15:00+00:00,vwap_reversion,1,1.11683493592358,1,0.66,0.67,0.26,2.95,3.0,1.61,0.16,wait,"(1.5, 2.0]","(0.6, 0.8]"
BTC,2026-07-16 08:25:00+00:00,vwap_reversion,1,1.1356334031006596,1,0.44,0.7,0.32,2.95,2.05,1.23,0.11,skip,"(1.0, 1.5]","(0.4, 0.6]"
BTC,2026-07-16 12:45:00+00:00,vwap_reversion,1,1.0523973671968858,1,0.36,0.86,0.14,2.96,2.36,0.77,0.02,skip,"(-0.1, 1.0]","(0.2, 0.4]"
BTC,2026-07-16 17:50:00+00:00,vwap_reversion,1,-1.5913177016515487,0,0.67,0.85,0.27,2.06,2.61,1.58,0.12,wait,"(1.5, 2.0]","(0.6, 0.8]"
BTC,2026-07-16 17:55:00+00:00,vwap_reversion,1,1.1300127393960937,1,0.64,0.88,0.36,2.08,2.58,1.67,0.11,wait,"(1.5, 2.0]","(0.6, 0.8]"
BTC,2026-07-16 22:55:00+00:00,vwap_reversion,1,-2.0216673968703183,0,0.54,0.11,0.14,2.92,2.65,1.11,0.02,wait,"(1.0, 1.5]","(0.4, 0.6]"
BTC,2026-07-16 23:10:00+00:00,vwap_reversion,1,-2.0742370487562343,0,0.5,0.28,0.14,2.92,2.37,1.08,0.03,wait,"(1.0, 1.5]","(0.4, 0.6]"
BTC,2026-07-16 23:35:00+00:00,vwap_reversion,1,0.893859500989668,1,0.63,0.21,0.14,2.98,2.69,1.11,0.03,wait,"(1.0, 1.5]","(0.6, 0.8]"
BTC,2026-07-16 23:45:00+00:00,vwap_reversion,1,-1.9243941176988981,0,0.54,0.26,0.14,2.99,2.43,0.94,0.03,skip,"(-0.1, 1.0]","(0.4, 0.6]"
BTC,2026-07-17 01:55:00+00:00,vwap_reversion,1,-1.6112976594068065,0,0.45,0.78,0.26,1.65,2.38,1.26,0.05,wait,"(1.0, 1.5]","(0.4, 0.6]"
BTC,2026-07-17 02:00:00+00:00,vwap_reversion,1,-1.612440546212326,0,0.52,0.81,0.29,2.9,2.44,1.08,0.07,wait,"(1.0, 1.5]","(0.4, 0.6]"
BTC,2026-07-17 02:40:00+00:00,vwap_reversion,1,1.1196717697440584,1,0.46,0.81,0.31,2.99,2.54,0.97,0.04,wait,"(-0.1, 1.0]","(0.4, 0.6]"
BTC,2026-07-17 02:45:00+00:00,vwap_reversion,1,1.114118762446328,1,0.59,0.82,0.32,2.92,2.54,1.28,0.08,wait,"(1.0, 1.5]","(0.4, 0.6]"
BTC,2026-07-17 04:20:00+00:00,vwap_reversion,1,1.0240318825943697,1,0.55,0.87,0.14,2.9,2.73,1.02,0.06,wait,"(1.0, 1.5]","(0.4, 0.6]"
BTC,2026-07-17 04:25:00+00:00,vwap_reversion,1,1.0142453707771872,1,0.52,0.27,0.14,2.92,2.51,0.87,0.02,wait,"(-0.1, 1.0]","(0.4, 0.6]"
BTC,2026-07-17 05:45:00+00:00,vwap_reversion,1,-1.696320579906644,0,0.52,0.61,0.28,2.99,2.89,1.35,0.05,wait,"(1.0, 1.5]","(0.4, 0.6]"
BTC,2026-07-17 05:50:00+00:00,vwap_reversion,1,1.0673574496935252,1,0.52,0.75,0.3,2.99,2.71,1.33,0.06,wait,"(1.0, 1.5]","(0.4, 0.6]"
BTC,2026-07-17 05:55:00+00:00,vwap_reversion,1,1.0617195876823993,1,0.66,0.87,0.32,2.99,2.96,1.56,0.1,wait,"(1.5, 2.0]","(0.6, 0.8]"
BTC,2026-07-17 06:00:00+00:00,vwap_reversion,1,-1.6853498046365276,0,0.66,0.67,0.29,3.0,3.0,1.61,0.17,wait,"(1.5, 2.0]","(0.6, 0.8]"
BTC,2026-07-17 06:10:00+00:00,vwap_reversion,1,-1.6399599611149354,0,0.68,0.78,0.32,3.0,2.98,1.56,0.14,wait,"(1.5, 2.0]","(0.6, 0.8]"
BTC,2026-07-17 06:15:00+00:00,vwap_reversion,1,1.105482494672748,1,0.65,0.78,0.26,3.0,2.95,1.53,0.13,wait,"(1.5, 2.0]","(0.6, 0.8]"
BTC,2026-07-17 06:20:00+00:00,vwap_reversion,1,1.1142951715046494,1,0.67,0.78,0.27,3.0,2.96,1.51,0.13,wait,"(1.5, 2.0]","(0.6, 0.8]"
BTC,2026-07-17 06:30:00+00:00,vwap_reversion,1,-1.618531278981269,0,0.65,0.83,0.29,3.0,2.41,1.35,0.19,wait,"(1.0, 1.5]","(0.6, 0.8]"
BTC,2026-07-17 06:35:00+00:00,vwap_reversion,1,-1.652205226726555,0,0.63,0.83,0.28,3.0,2.36,1.29,0.19,wait,"(1.0, 1.5]","(0.6, 0.8]"
BTC,2026-07-17 06:45:00+00:00,vwap_reversion,1,-1.6776901202556613,0,0.36,0.82,0.24,3.0,1.41,0.93,0.03,wait,"(-0.1, 1.0]","(0.2, 0.4]"
BTC,2026-07-17 07:20:00+00:00,vwap_reversion,1,1.0236898838116533,1,0.41,0.86,0.14,3.0,2.42,0.78,0.02,skip,"(-0.1, 1.0]","(0.4, 0.6]"
BTC,2026-07-17 08:35:00+00:00,vwap_reversion,1,1.056424974506882,1,0.39,0.86,0.14,2.99,2.58,0.67,0.01,skip,"(-0.1, 1.0]","(0.2, 0.4]"
BTC,2026-07-17 13:10:00+00:00,vwap_reversion,1,1.0264241378143764,1,0.67,0.86,0.15,1.73,2.92,1.32,0.07,wait,"(1.0, 1.5]","(0.6, 0.8]"
BTC,2026-07-17 13:25:00+00:00,vwap_reversion,1,-1.7338825781239802,0,0.66,0.84,0.14,2.95,2.72,1.2,0.05,wait,"(1.0, 1.5]","(0.6, 0.8]"
BTC,2026-07-19 03:20:00+00:00,vwap_reversion,1,0.6435859393717794,1,0.55,0.86,0.15,0.45,2.45,1.22,0.03,wait,"(1.0, 1.5]","(0.4, 0.6]"
BTC,2026-07-19 03:35:00+00:00,vwap_reversion,1,-2.49228446692598,0,0.56,0.83,0.14,0.4,2.57,1.23,0.03,wait,"(1.0, 1.5]","(0.4, 0.6]"
BTC,2026-07-19 03:40:00+00:00,vwap_reversion,1,-2.5203545618808567,0,0.48,0.82,0.14,0.33,2.57,1.2,0.02,wait,"(1.0, 1.5]","(0.4, 0.6]"
BTC,2026-07-19 08:35:00+00:00,vwap_reversion,1,0.0850896475052912,1,0.53,0.21,0.14,0.53,2.32,1.02,0.03,wait,"(1.0, 1.5]","(0.4, 0.6]"
BTC,2026-07-19 09:15:00+00:00,vwap_reversion,1,-2.823399782485862,0,0.57,0.86,0.15,1.87,2.47,1.32,0.06,wait,"(1.0, 1.5]","(0.4, 0.6]"
BTC,2026-07-19 09:40:00+00:00,vwap_reversion,1,-2.7934202527025036,0,0.51,0.82,0.13,2.16,2.41,1.11,0.02,wait,"(1.0, 1.5]","(0.4, 0.6]"
BTC,2026-07-19 09:45:00+00:00,vwap_reversion,1,-2.7696376521707426,0,0.51,0.83,0.15,2.12,2.45,1.15,0.06,wait,"(1.0, 1.5]","(0.4, 0.6]"
BTC,2026-07-19 09:55:00+00:00,vwap_reversion,1,0.35185312916527334,1,0.68,0.86,0.14,2.14,2.84,1.41,0.09,wait,"(1.0, 1.5]","(0.6, 0.8]"
BTC,2026-07-19 11:55:00+00:00,vwap_reversion,1,-2.6439220568802577,0,0.66,0.33,0.14,2.02,2.78,1.27,0.05,wait,"(1.0, 1.5]","(0.6, 0.8]"
BTC,2026-07-19 13:15:00+00:00,vwap_reversion,1,0.8182146063324067,1,0.39,0.19,0.13,1.9,2.25,0.9,0.01,wait,"(-0.1, 1.0]","(0.2, 0.4]"
BTC,2026-07-19 18:05:00+00:00,vwap_reversion,1,-1.857473067195686,0,0.57,0.67,0.14,0.37,2.6,1.35,0.08,wait,"(1.0, 1.5]","(0.4, 0.6]"
BTC,2026-07-19 19:00:00+00:00,vwap_reversion,1,0.8911491481274948,1,0.5,0.33,0.13,2.09,2.46,0.92,0.02,wait,"(-0.1, 1.0]","(0.4, 0.6]"
BTC,2026-07-20 05:10:00+00:00,vwap_reversion,1,-1.576181573189417,0,0.54,0.79,0.27,0.61,2.92,1.72,0.09,wait,"(1.5, 2.0]","(0.4, 0.6]"
BTC,2026-07-20 05:15:00+00:00,vwap_reversion,1,-1.5433416753986458,0,0.44,0.87,0.36,2.16,2.35,1.41,0.08,wait,"(1.0, 1.5]","(0.4, 0.6]"
BTC,2026-07-20 05:20:00+00:00,vwap_reversion,1,-1.4871279819216912,0,0.49,0.65,0.31,2.2,2.81,1.46,0.09,wait,"(1.0, 1.5]","(0.4, 0.6]"
BTC,2026-07-20 05:30:00+00:00,vwap_reversion,1,-1.5027749301297888,0,0.64,0.81,0.32,2.08,2.91,1.59,0.12,wait,"(1.5, 2.0]","(0.6, 0.8]"
BTC,2026-07-20 05:35:00+00:00,vwap_reversion,1,-1.5147923593113468,0,0.48,0.79,0.27,2.14,2.43,1.4,0.09,wait,"(1.0, 1.5]","(0.4, 0.6]"
BTC,2026-07-20 05:40:00+00:00,vwap_reversion,1,-1.5272678536395763,0,0.55,0.88,0.36,2.03,2.56,1.5,0.1,wait,"(1.0, 1.5]","(0.4, 0.6]"
BTC,2026-07-20 05:45:00+00:00,vwap_reversion,1,-1.5462615348202446,0,0.56,0.83,0.32,2.93,2.33,1.34,0.07,wait,"(1.0, 1.5]","(0.4, 0.6]"
BTC,2026-07-20 06:00:00+00:00,vwap_reversion,1,-1.5882287459828746,0,0.68,0.82,0.26,2.94,2.48,1.5,0.19,wait,"(1.0, 1.5]","(0.6, 0.8]"
BTC,2026-07-20 06:05:00+00:00,vwap_reversion,1,-1.592679540948014,0,0.7,0.83,0.27,2.94,2.63,1.6,0.27,wait,"(1.5, 2.0]","(0.6, 0.8]"
BTC,2026-07-20 06:15:00+00:00,vwap_reversion,1,-1.6139409572906112,0,0.54,0.87,0.29,2.92,2.34,1.23,0.1,wait,"(1.0, 1.5]","(0.4, 0.6]"
BTC,2026-07-20 06:30:00+00:00,vwap_reversion,1,-1.5707353090594542,0,0.5,0.78,0.27,2.94,2.74,1.32,0.07,wait,"(1.0, 1.5]","(0.4, 0.6]"
BTC,2026-07-20 06:35:00+00:00,vwap_reversion,1,-1.529763286330995,0,0.62,0.75,0.3,2.94,2.99,1.62,0.16,wait,"(1.5, 2.0]","(0.6, 0.8]"
BTC,2026-07-20 06:40:00+00:00,vwap_reversion,1,1.1804348333607826,1,0.56,0.77,0.26,2.91,2.86,1.51,0.08,wait,"(1.5, 2.0]","(0.4, 0.6]"
BTC,2026-07-20 06:45:00+00:00,vwap_reversion,1,1.1777206987912174,1,0.5,0.87,0.32,2.94,2.47,1.41,0.08,wait,"(1.0, 1.5]","(0.4, 0.6]"
BTC,2026-07-20 06:50:00+00:00,vwap_reversion,1,1.1707391181941318,1,0.51,0.86,0.31,2.94,2.35,1.54,0.14,wait,"(1.5, 2.0]","(0.4, 0.6]"
BTC,2026-07-20 06:55:00+00:00,vwap_reversion,1,1.1581832773447038,1,0.68,0.83,0.32,2.91,2.64,1.6,0.25,wait,"(1.5, 2.0]","(0.6, 0.8]"
BTC,2026-07-20 07:05:00+00:00,vwap_reversion,1,1.132094905039293,1,0.33,0.32,0.32,2.99,2.12,0.84,0.02,wait,"(-0.1, 1.0]","(0.2, 0.4]"
BTC,2026-07-20 08:35:00+00:00,vwap_reversion,1,1.2702397145468092,1,0.51,0.72,0.29,1.39,2.37,1.51,0.13,wait,"(1.5, 2.0]","(0.4, 0.6]"
BTC,2026-07-22 01:40:00+00:00,vwap_reversion,1,0.9845842775303318,1,0.55,0.85,0.14,0.54,2.43,1.09,0.04,wait,"(1.0, 1.5]","(0.4, 0.6]"
BTC,2026-07-22 02:35:00+00:00,vwap_reversion,1,-1.8413447759867494,0,0.41,0.83,0.14,0.29,2.07,1.0,0.03,wait,"(-0.1, 1.0]","(0.4, 0.6]"
BTC,2026-07-22 03:00:00+00:00,vwap_reversion,1,-1.8798243844117166,0,0.4,0.3,0.14,0.37,2.2,0.91,0.01,wait,"(-0.1, 1.0]","(0.2, 0.4]"
BTC,2026-07-22 05:30:00+00:00,vwap_reversion,1,-1.8747290774667427,0,0.48,0.82,0.13,2.21,2.31,1.05,0.02,wait,"(1.0, 1.5]","(0.4, 0.6]"
BTC,2026-07-22 05:45:00+00:00,vwap_reversion,1,-1.8527174975896357,0,0.68,0.83,0.14,2.04,2.78,1.31,0.08,wait,"(1.0, 1.5]","(0.6, 0.8]"
BTC,2026-07-22 05:55:00+00:00,vwap_reversion,1,-1.8890575624764345,0,0.54,0.81,0.13,2.1,2.68,1.15,0.02,wait,"(1.0, 1.5]","(0.4, 0.6]"
BTC,2026-07-22 06:00:00+00:00,vwap_reversion,1,-1.889174399560822,0,0.54,0.82,0.14,2.93,2.69,1.11,0.02,wait,"(1.0, 1.5]","(0.4, 0.6]"
BTC,2026-07-22 06:10:00+00:00,vwap_reversion,1,-1.8492982070383497,0,0.47,0.82,0.13,2.94,2.21,1.02,0.02,skip,"(1.0, 1.5]","(0.4, 0.6]"
BTC,2026-07-22 06:20:00+00:00,vwap_reversion,1,0.972319648617062,1,0.51,0.85,0.13,2.92,2.42,1.15,0.02,wait,"(1.0, 1.5]","(0.4, 0.6]"
BTC,2026-07-22 06:25:00+00:00,vwap_reversion,1,0.9585313997620767,1,0.65,0.83,0.14,2.94,2.7,1.18,0.04,wait,"(1.0, 1.5]","(0.6, 0.8]"
BTC,2026-07-22 06:30:00+00:00,vwap_reversion,1,-1.8287020923578674,0,0.34,0.82,0.13,2.93,1.38,0.74,0.01,skip,"(-0.1, 1.0]","(0.2, 0.4]"
BTC,2026-07-22 06:45:00+00:00,vwap_reversion,1,-1.8891385641369982,0,0.38,0.28,0.13,2.93,1.55,0.78,0.01,skip,"(-0.1, 1.0]","(0.2, 0.4]"
BTC,2026-07-22 06:55:00+00:00,vwap_reversion,1,-1.9523604956830727,0,0.46,0.81,0.14,2.94,1.26,0.88,0.02,skip,"(-0.1, 1.0]","(0.4, 0.6]"
BTC,2026-07-22 07:10:00+00:00,vwap_reversion,1,-2.013951246420809,0,0.4,0.85,0.13,2.93,1.54,0.92,0.02,wait,"(-0.1, 1.0]","(0.2, 0.4]"
BTC,2026-07-22 07:40:00+00:00,vwap_reversion,1,0.9459209308501377,1,0.49,0.87,0.13,2.11,2.27,1.07,0.02,wait,"(1.0, 1.5]","(0.4, 0.6]"
BTC,2026-07-22 12:55:00+00:00,vwap_reversion,1,-1.790074803487348,0,0.48,0.8,0.13,2.1,2.42,1.07,0.02,wait,"(1.0, 1.5]","(0.4, 0.6]"
BTC,2026-07-22 13:05:00+00:00,vwap_reversion,1,-1.8028838813741215,0,0.54,0.81,0.13,2.94,2.63,0.97,0.04,wait,"(-0.1, 1.0]","(0.4, 0.6]"
BTC,2026-07-22 13:15:00+00:00,vwap_reversion,1,0.9738103609368582,1,0.49,0.81,0.14,2.99,2.31,0.95,0.02,skip,"(-0.1, 1.0]","(0.4, 0.6]"
BTC,2026-07-22 13:25:00+00:00,vwap_reversion,1,0.9573542113938798,1,0.4,0.31,0.14,2.99,2.05,0.76,0.01,skip,"(-0.1, 1.0]","(0.2, 0.4]"
BTC,2026-07-22 19:10:00+00:00,vwap_reversion,1,1.0425941186902605,1,0.53,0.29,0.15,1.87,2.53,1.05,0.02,wait,"(1.0, 1.5]","(0.4, 0.6]"
BTC,2026-07-23 01:40:00+00:00,vwap_reversion,1,-1.7677409224074327,0,0.46,0.8,0.13,0.92,2.41,1.12,0.02,wait,"(1.0, 1.5]","(0.4, 0.6]"
BTC,2026-07-23 02:05:00+00:00,vwap_reversion,1,-1.828422716411453,0,0.41,0.83,0.14,2.09,1.91,0.85,0.02,wait,"(-0.1, 1.0]","(0.4, 0.6]"
BTC,2026-07-23 02:15:00+00:00,vwap_reversion,1,-1.8314128202031537,0,0.52,0.27,0.14,2.21,2.22,1.08,0.02,wait,"(1.0, 1.5]","(0.4, 0.6]"
BTC,2026-07-23 02:20:00+00:00,vwap_reversion,1,-1.847264109816321,0,0.66,0.86,0.14,2.05,2.73,1.28,0.07,wait,"(1.0, 1.5]","(0.6, 0.8]"
BTC,2026-07-23 02:25:00+00:00,vwap_reversion,1,-1.8277440754689203,0,0.65,0.85,0.14,2.08,2.4,1.26,0.06,wait,"(1.0, 1.5]","(0.6, 0.8]"
BTC,2026-07-23 03:25:00+00:00,vwap_reversion,1,-1.8502105340698218,0,0.65,0.31,0.14,2.13,2.41,1.23,0.05,wait,"(1.0, 1.5]","(0.6, 0.8]"
BTC,2026-07-23 03:30:00+00:00,vwap_reversion,1,-1.8638380780316905,0,0.37,0.32,0.13,2.12,1.8,0.95,0.02,skip,"(-0.1, 1.0]","(0.2, 0.4]"
BTC,2026-07-23 04:00:00+00:00,vwap_reversion,1,-2.0099032170888362,0,0.5,0.29,0.14,2.93,2.13,0.96,0.02,wait,"(-0.1, 1.0]","(0.4, 0.6]"
BTC,2026-07-23 04:05:00+00:00,vwap_reversion,1,0.8748553859829019,1,0.49,0.74,0.13,2.94,2.98,1.0,0.03,wait,"(-0.1, 1.0]","(0.4, 0.6]"
BTC,2026-07-23 05:00:00+00:00,vwap_reversion,1,0.7600464065311442,1,0.35,0.26,0.14,2.95,2.04,0.76,0.01,skip,"(-0.1, 1.0]","(0.2, 0.4]"
BTC,2026-07-23 07:10:00+00:00,vwap_reversion,1,-1.84172349817511,0,0.51,0.66,0.14,1.38,2.88,1.19,0.04,wait,"(1.0, 1.5]","(0.4, 0.6]"
BTC,2026-07-23 07:15:00+00:00,vwap_reversion,1,-1.842001785327676,0,0.64,0.77,0.13,1.68,2.98,1.43,0.09,wait,"(1.0, 1.5]","(0.6, 0.8]"
BTC,2026-07-23 07:20:00+00:00,vwap_reversion,1,-1.8506752863537104,0,0.62,0.86,0.15,1.63,2.87,1.23,0.06,wait,"(1.0, 1.5]","(0.6, 0.8]"
BTC,2026-07-23 07:25:00+00:00,vwap_reversion,1,0.948371685968157,1,0.66,0.86,0.14,1.76,2.78,1.31,0.07,wait,"(1.0, 1.5]","(0.6, 0.8]"
BTC,2026-07-23 07:45:00+00:00,vwap_reversion,1,0.9036696377350298,1,0.65,0.86,0.13,3.0,2.92,1.15,0.04,wait,"(1.0, 1.5]","(0.6, 0.8]"
BTC,2026-07-23 07:50:00+00:00,vwap_reversion,1,0.8955971933929531,1,0.64,0.85,0.13,2.99,2.82,1.23,0.05,wait,"(1.0, 1.5]","(0.6, 0.8]"
BTC,2026-07-23 11:45:00+00:00,vwap_reversion,1,0.5540171957440877,1,0.45,0.11,0.14,0.74,2.6,0.86,0.02,wait,"(-0.1, 1.0]","(0.4, 0.6]"
BTC,2026-07-23 11:55:00+00:00,vwap_reversion,1,-2.4730147433346854,0,0.58,0.12,0.13,0.78,2.14,1.2,0.04,wait,"(1.0, 1.5]","(0.4, 0.6]"
BTC,2026-07-23 12:00:00+00:00,vwap_reversion,1,-2.402549882463647,0,0.58,0.24,0.14,2.94,2.67,0.95,0.03,skip,"(-0.1, 1.0]","(0.4, 0.6]"
BTC,2026-07-23 12:10:00+00:00,vwap_reversion,1,-2.2786539835833453,0,0.64,0.31,0.14,2.91,2.49,1.11,0.05,wait,"(1.0, 1.5]","(0.6, 0.8]"
BTC,2026-07-23 12:20:00+00:00,vwap_reversion,1,-2.0638812020326798,0,0.58,0.86,0.14,2.94,2.72,1.06,0.02,wait,"(1.0, 1.5]","(0.4, 0.6]"
BTC,2026-07-23 12:45:00+00:00,vwap_reversion,1,-1.7731494113367685,0,0.59,0.62,0.13,3.0,3.0,1.17,0.04,wait,"(1.0, 1.5]","(0.4, 0.6]"
BTC,2026-07-23 12:55:00+00:00,vwap_reversion,1,-1.7350032052001563,0,0.49,0.78,0.13,2.99,2.43,1.0,0.02,wait,"(-0.1, 1.0]","(0.4, 0.6]"
BTC,2026-07-23 13:10:00+00:00,vwap_reversion,1,-1.7296799719645977,0,0.51,0.77,0.13,2.99,2.86,1.05,0.02,wait,"(1.0, 1.5]","(0.4, 0.6]"
BTC,2026-07-23 13:15:00+00:00,vwap_reversion,1,-1.7343629023791332,0,0.63,0.78,0.13,2.99,2.91,1.23,0.06,wait,"(1.0, 1.5]","(0.6, 0.8]"
BTC,2026-07-23 13:25:00+00:00,vwap_reversion,1,1.0534988090329533,1,0.64,0.78,0.14,2.99,2.9,1.26,0.06,wait,"(1.0, 1.5]","(0.6, 0.8]"
BTC,2026-07-23 13:45:00+00:00,vwap_reversion,1,1.1583338722929246,1,0.47,0.32,0.33,2.99,2.77,1.29,0.05,wait,"(1.0, 1.5]","(0.4, 0.6]"
BTC,2026-07-23 14:05:00+00:00,vwap_reversion,1,1.2081396149724208,1,0.53,0.36,0.29,2.99,2.82,1.25,0.08,wait,"(1.0, 1.5]","(0.4, 0.6]"
BTC,2026-07-23 15:10:00+00:00,vwap_reversion,1,1.1693703668204425,1,0.45,0.34,0.34,2.99,2.54,1.07,0.04,wait,"(1.0, 1.5]","(0.4, 0.6]"
BTC,2026-07-24 00:30:00+00:00,vwap_reversion,1,-1.9552208577495171,0,0.58,0.86,0.14,2.08,2.58,1.11,0.04,wait,"(1.0, 1.5]","(0.4, 0.6]"
BTC,2026-07-24 09:15:00+00:00,vwap_reversion,1,0.9688666384456215,1,0.55,0.84,0.13,2.12,2.53,1.18,0.03,wait,"(1.0, 1.5]","(0.4, 0.6]"
BTC,2026-07-24 09:20:00+00:00,vwap_reversion,1,0.9649771079584706,1,0.55,0.83,0.13,2.15,2.59,1.08,0.03,wait,"(1.0, 1.5]","(0.4, 0.6]"
BTC,2026-07-24 10:25:00+00:00,vwap_reversion,1,-1.995362910311228,0,0.54,0.86,0.14,2.08,2.06,0.96,0.02,skip,"(-0.1, 1.0]","(0.4, 0.6]"
BTC,2026-07-24 10:35:00+00:00,vwap_reversion,1,-2.061564965762005,0,0.57,0.85,0.14,2.11,2.48,1.06,0.05,wait,"(1.0, 1.5]","(0.4, 0.6]"
BTC,2026-07-24 10:40:00+00:00,vwap_reversion,1,-2.09459000172029,0,0.45,0.25,0.14,2.06,2.43,1.01,0.03,wait,"(1.0, 1.5]","(0.4, 0.6]"
BTC,2026-07-24 10:55:00+00:00,vwap_reversion,1,0.8175462912427051,1,0.67,0.84,0.14,2.1,2.68,1.26,0.1,wait,"(1.0, 1.5]","(0.6, 0.8]"
BTC,2026-07-24 11:45:00+00:00,vwap_reversion,1,0.8509977030179965,1,0.45,0.86,0.14,1.89,2.18,1.04,0.03,wait,"(1.0, 1.5]","(0.4, 0.6]"
BTC,2026-07-24 12:50:00+00:00,vwap_reversion,1,-1.8517057420920913,0,0.55,0.86,0.14,2.9,2.8,0.99,0.04,wait,"(-0.1, 1.0]","(0.4, 0.6]"
BTC,2026-07-24 13:25:00+00:00,vwap_reversion,1,-1.5891813867049094,0,0.6,0.78,0.25,2.99,2.84,1.42,0.09,wait,"(1.0, 1.5]","(0.4, 0.6]"
BTC,2026-07-24 13:40:00+00:00,vwap_reversion,1,-1.5415233751172521,0,0.45,0.35,0.32,2.99,2.64,1.34,0.06,wait,"(1.0, 1.5]","(0.4, 0.6]"
BTC,2026-07-24 13:55:00+00:00,vwap_reversion,1,-1.4403504790345607,0,0.49,0.35,0.29,3.0,2.55,1.3,0.08,wait,"(1.0, 1.5]","(0.4, 0.6]"
BTC,2026-07-24 14:15:00+00:00,vwap_reversion,1,1.2575243910675038,1,0.53,0.34,0.35,2.99,2.69,1.36,0.08,wait,"(1.0, 1.5]","(0.4, 0.6]"
BTC,2026-07-24 14:20:00+00:00,vwap_reversion,1,1.255019597632456,1,0.53,0.34,0.33,2.99,2.68,1.35,0.06,wait,"(1.0, 1.5]","(0.4, 0.6]"
BTC,2026-07-24 14:25:00+00:00,vwap_reversion,1,1.2517586539342218,1,0.47,0.37,0.36,3.0,2.46,1.25,0.07,wait,"(1.0, 1.5]","(0.4, 0.6]"
BTC,2026-07-24 14:30:00+00:00,vwap_reversion,1,1.2425324521655632,1,0.53,0.39,0.34,2.99,2.48,1.34,0.07,wait,"(1.0, 1.5]","(0.4, 0.6]"
BTC,2026-07-24 14:45:00+00:00,vwap_reversion,1,1.219045515385812,1,0.66,0.37,0.32,2.99,2.85,1.52,0.19,wait,"(1.5, 2.0]","(0.6, 0.8]"
BTC,2026-07-25 00:55:00+00:00,vwap_reversion,1,0.11005517996053432,1,0.56,0.17,0.14,2.91,2.46,0.95,0.03,wait,"(-0.1, 1.0]","(0.4, 0.6]"
BTC,2026-07-25 01:20:00+00:00,vwap_reversion,1,0.32712888534048046,1,0.47,0.12,0.13,2.94,2.27,0.99,0.02,wait,"(-0.1, 1.0]","(0.4, 0.6]"
BTC,2026-07-25 05:40:00+00:00,vwap_reversion,1,-3.1941678025810067,0,0.39,0.84,0.14,1.56,2.36,0.79,0.01,wait,"(-0.1, 1.0]","(0.2, 0.4]"
BTC,2026-07-25 05:50:00+00:00,vwap_reversion,1,0.21254401211858356,1,0.5,0.85,0.14,1.7,2.42,1.06,0.02,wait,"(1.0, 1.5]","(0.4, 0.6]"
BTC,2026-07-25 05:55:00+00:00,vwap_reversion,1,-3.111662616554528,0,0.37,0.83,0.13,1.71,2.06,0.81,0.01,skip,"(-0.1, 1.0]","(0.2, 0.4]"
BTC,2026-07-25 06:25:00+00:00,vwap_reversion,1,-3.0090181641163984,0,0.54,0.86,0.13,2.91,2.5,0.92,0.03,skip,"(-0.1, 1.0]","(0.4, 0.6]"
BTC,2026-07-25 06:30:00+00:00,vwap_reversion,1,-2.945189724592863,0,0.51,0.86,0.14,2.93,2.19,1.03,0.02,skip,"(1.0, 1.5]","(0.4, 0.6]"
BTC,2026-07-25 08:10:00+00:00,vwap_reversion,1,-3.26836156875358,0,0.31,0.86,0.14,2.98,1.99,0.61,0.01,skip,"(-0.1, 1.0]","(0.2, 0.4]"
BTC,2026-07-25 09:05:00+00:00,vwap_reversion,1,0.5269500212897024,1,0.38,0.65,0.13,2.99,2.86,0.85,0.01,skip,"(-0.1, 1.0]","(0.2, 0.4]"
BTC,2026-07-26 13:10:00+00:00,vwap_reversion,1,0.06245816182813242,1,0.63,0.81,0.14,0.58,2.7,1.22,0.06,wait,"(1.0, 1.5]","(0.6, 0.8]"
BTC,2026-07-27 08:10:00+00:00,vwap_reversion,1,-1.965644398584231,0,0.65,0.83,0.14,0.63,2.56,1.19,0.06,wait,"(1.0, 1.5]","(0.6, 0.8]"
BTC,2026-07-27 08:50:00+00:00,vwap_reversion,1,-2.00064227503384,0,0.52,0.82,0.14,2.02,1.67,0.96,0.02,skip,"(-0.1, 1.0]","(0.4, 0.6]"
BTC,2026-07-27 09:00:00+00:00,vwap_reversion,1,0.8526687492966103,1,0.67,0.82,0.14,2.07,2.37,1.24,0.04,wait,"(1.0, 1.5]","(0.6, 0.8]"
BTC,2026-07-27 09:05:00+00:00,vwap_reversion,1,0.8384433011462888,1,0.51,0.86,0.14,2.09,2.48,1.05,0.03,wait,"(1.0, 1.5]","(0.4, 0.6]"
BTC,2026-07-27 12:20:00+00:00,vwap_reversion,1,-2.006732401275691,0,0.61,0.3,0.14,1.91,2.6,1.17,0.05,wait,"(1.0, 1.5]","(0.6, 0.8]"
BTC,2026-07-27 13:25:00+00:00,vwap_reversion,1,0.9719619042657528,1,0.52,0.81,0.13,2.04,2.15,0.97,0.02,wait,"(-0.1, 1.0]","(0.4, 0.6]"
BTC,2026-07-27 14:35:00+00:00,vwap_reversion,1,-1.3321271144358129,0,0.69,0.46,0.86,0.66,2.98,2.11,0.3,wait,"(2.0, 2.5]","(0.6, 0.8]"
BTC,2026-07-27 15:35:00+00:00,vwap_reversion,1,1.2708835679309523,1,0.55,0.39,0.28,1.96,2.39,1.43,0.12,wait,"(1.0, 1.5]","(0.4, 0.6]"
BTC,2026-07-27 22:05:00+00:00,vwap_reversion,1,-2.1615213972345817,0,0.4,0.2,0.14,2.14,2.34,0.82,0.01,skip,"(-0.1, 1.0]","(0.2, 0.4]"
BTC,2026-07-27 22:10:00+00:00,vwap_reversion,1,-2.1872077919531474,0,0.64,0.18,0.13,2.18,2.5,1.15,0.04,wait,"(1.0, 1.5]","(0.6, 0.8]"
BTC,2026-07-27 22:35:00+00:00,vwap_reversion,1,-2.069096879750996,0,0.61,0.17,0.13,2.13,2.9,1.19,0.03,wait,"(1.0, 1.5]","(0.6, 0.8]"
BTC,2026-07-27 22:45:00+00:00,vwap_reversion,1,-1.709133130550819,0,0.52,0.77,0.14,2.94,2.89,1.09,0.02,wait,"(1.0, 1.5]","(0.4, 0.6]"
BTC,2026-07-27 23:00:00+00:00,vwap_reversion,1,1.1584899624105693,1,0.49,0.59,0.26,2.99,2.87,1.29,0.04,wait,"(1.0, 1.5]","(0.4, 0.6]"
BTC,2026-07-27 23:40:00+00:00,vwap_reversion,1,-1.5032412427304445,0,0.54,0.76,0.3,3.0,2.62,1.38,0.07,wait,"(1.0, 1.5]","(0.4, 0.6]"
BTC,2026-07-27 23:45:00+00:00,vwap_reversion,1,-1.5119339305025377,0,0.51,0.79,0.34,2.99,2.79,1.4,0.07,wait,"(1.0, 1.5]","(0.4, 0.6]"
BTC,2026-07-28 01:05:00+00:00,vwap_reversion,1,-0.6785170048109179,0,0.48,0.62,0.27,3.0,2.87,1.19,0.04,wait,"(1.0, 1.5]","(0.4, 0.6]"
BTC,2026-07-28 01:10:00+00:00,vwap_reversion,1,1.2003425912698231,1,0.57,0.63,0.27,3.0,3.0,1.53,0.11,wait,"(1.5, 2.0]","(0.4, 0.6]"
BTC,2026-07-28 01:15:00+00:00,vwap_reversion,1,1.202094175621808,1,0.58,0.65,0.31,3.0,3.0,1.34,0.11,wait,"(1.0, 1.5]","(0.4, 0.6]"
BTC,2026-07-28 01:20:00+00:00,vwap_reversion,1,0.28550802462741265,0,0.47,0.77,0.31,3.0,2.83,1.25,0.07,wait,"(1.0, 1.5]","(0.4, 0.6]"
BTC,2026-07-28 02:00:00+00:00,vwap_reversion,1,1.1664786897265136,1,0.43,0.81,0.27,3.0,1.76,0.95,0.03,wait,"(-0.1, 1.0]","(0.4, 0.6]"
BTC,2026-07-28 13:30:00+00:00,vwap_reversion,1,-1.7561536242152245,0,0.48,0.63,0.13,1.58,2.81,1.2,0.03,wait,"(1.0, 1.5]","(0.4, 0.6]"
BTC,2026-07-28 13:40:00+00:00,vwap_reversion,1,-1.522852888642543,0,0.5,0.31,0.3,1.74,2.99,1.53,0.07,wait,"(1.5, 2.0]","(0.4, 0.6]"
BTC,2026-07-28 13:45:00+00:00,vwap_reversion,1,1.2012658766323971,1,0.62,0.33,0.3,2.93,3.0,1.67,0.13,wait,"(1.5, 2.0]","(0.6, 0.8]"
BTC,2026-07-29 02:00:00+00:00,vwap_reversion,1,1.0896018630977988,1,0.61,0.83,0.29,0.87,2.45,1.39,0.09,wait,"(1.0, 1.5]","(0.6, 0.8]"
BTC,2026-07-29 17:05:00+00:00,vwap_reversion,1,1.1859054138835947,1,0.55,0.35,0.31,2.06,2.41,1.31,0.09,wait,"(1.0, 1.5]","(0.4, 0.6]"
BTC,2026-07-29 19:45:00+00:00,vwap_reversion,1,-1.3057031230779765,0,0.66,0.44,0.86,0.6,2.96,2.05,0.24,wait,"(2.0, 2.5]","(0.6, 0.8]"
BTC,2026-07-29 19:50:00+00:00,vwap_reversion,1,-1.3089305167172338,0,0.57,0.82,0.86,0.52,2.41,1.85,0.13,wait,"(1.5, 2.0]","(0.4, 0.6]"
BTC,2026-07-29 20:00:00+00:00,vwap_reversion,1,-1.314303211038156,0,0.68,0.83,0.85,2.19,2.96,1.96,0.18,wait,"(1.5, 2.0]","(0.6, 0.8]"
BTC,2026-07-29 20:25:00+00:00,vwap_reversion,1,-1.3202131127190713,0,0.6,0.37,0.86,2.23,2.44,1.57,0.13,wait,"(1.5, 2.0]","(0.4, 0.6]"
BTC,2026-07-29 21:05:00+00:00,vwap_reversion,1,1.2652662282340965,1,0.67,0.85,0.26,2.07,2.66,1.6,0.15,wait,"(1.5, 2.0]","(0.6, 0.8]"
BTC,2026-07-30 05:10:00+00:00,vwap_reversion,1,-1.9521831834278387,0,0.48,0.21,0.14,0.76,2.96,0.96,0.02,wait,"(-0.1, 1.0]","(0.4, 0.6]"
BTC,2026-07-31 01:55:00+00:00,vwap_reversion,1,-1.4769681106596153,0,0.54,0.39,0.35,0.33,2.95,1.51,0.1,wait,"(1.5, 2.0]","(0.4, 0.6]"
BTC,2026-07-31 02:00:00+00:00,vwap_reversion,1,-1.47888610960735,0,0.55,0.38,0.3,0.62,2.95,1.45,0.12,wait,"(1.0, 1.5]","(0.4, 0.6]"
BTC,2026-07-31 02:15:00+00:00,vwap_reversion,1,-1.495603883212518,0,0.52,0.35,0.33,2.14,2.67,1.43,0.08,wait,"(1.0, 1.5]","(0.4, 0.6]"
BTC,2026-07-31 02:30:00+00:00,vwap_reversion,1,-1.5361360151593084,0,0.54,0.41,0.31,2.13,2.85,1.43,0.06,wait,"(1.0, 1.5]","(0.4, 0.6]"
BTC,2026-07-31 02:50:00+00:00,vwap_reversion,1,-1.5500627133361293,0,0.67,0.82,0.3,2.1,2.72,1.66,0.16,wait,"(1.5, 2.0]","(0.6, 0.8]"
BTC,2026-07-31 03:00:00+00:00,vwap_reversion,1,1.1395849155892368,1,0.56,0.82,0.27,2.17,2.3,1.43,0.08,wait,"(1.0, 1.5]","(0.4, 0.6]"
BTC,2026-07-31 03:10:00+00:00,vwap_reversion,1,1.1244632623343287,1,0.68,0.83,0.3,2.19,2.7,1.62,0.18,wait,"(1.5, 2.0]","(0.6, 0.8]"
BTC,2026-07-31 07:05:00+00:00,vwap_reversion,1,-1.8590952686654694,0,0.6,0.8,0.13,2.94,3.0,1.28,0.07,wait,"(1.0, 1.5]","(0.4, 0.6]"
BTC,2026-07-31 07:15:00+00:00,vwap_reversion,1,-1.8433539212842205,0,0.67,0.83,0.14,2.92,2.7,1.23,0.06,wait,"(1.0, 1.5]","(0.6, 0.8]"
BTC,2026-07-31 07:30:00+00:00,vwap_reversion,1,-1.8810386794815277,0,0.63,0.26,0.14,2.99,3.0,1.17,0.05,wait,"(1.0, 1.5]","(0.6, 0.8]"
BTC,2026-07-31 07:35:00+00:00,vwap_reversion,1,-1.8700483561662762,0,0.64,0.24,0.13,2.99,2.99,1.18,0.05,wait,"(1.0, 1.5]","(0.6, 0.8]"
BTC,2026-07-31 07:40:00+00:00,vwap_reversion,1,-1.830619126072999,0,0.49,0.77,0.13,2.99,2.84,1.0,0.02,wait,"(-0.1, 1.0]","(0.4, 0.6]"
BTC,2026-07-31 07:50:00+00:00,vwap_reversion,1,-1.8541920123781295,0,0.46,0.86,0.13,2.99,2.66,1.07,0.02,wait,"(1.0, 1.5]","(0.4, 0.6]"
BTC,2026-07-31 08:00:00+00:00,vwap_reversion,1,-1.882690904151088,0,0.64,0.26,0.14,2.99,2.56,1.12,0.05,skip,"(1.0, 1.5]","(0.6, 0.8]"
BTC,2026-07-31 08:40:00+00:00,vwap_reversion,1,-1.827518324561948,0,0.64,0.82,0.13,2.99,2.71,1.15,0.05,wait,"(1.0, 1.5]","(0.6, 0.8]"
BTC,2026-07-31 08:50:00+00:00,vwap_reversion,1,-1.8178550512084337,0,0.5,0.86,0.14,2.99,2.21,0.99,0.02,wait,"(-0.1, 1.0]","(0.4, 0.6]"
BTC,2026-07-31 08:55:00+00:00,vwap_reversion,1,-1.8423146898348621,0,0.38,0.3,0.15,2.99,2.09,0.72,0.01,skip,"(-0.1, 1.0]","(0.2, 0.4]"
BTC,2026-07-31 09:10:00+00:00,vwap_reversion,1,-1.8869215536476758,0,0.63,0.23,0.14,2.99,2.47,1.11,0.05,wait,"(1.0, 1.5]","(0.6, 0.8]"
BTC,2026-07-31 09:30:00+00:00,vwap_reversion,1,-1.9513958453747307,0,0.6,0.27,0.13,2.99,2.7,1.11,0.03,wait,"(1.0, 1.5]","(0.4, 0.6]"
BTC,2026-07-31 10:05:00+00:00,vwap_reversion,1,0.8541395291757483,1,0.34,0.18,0.13,2.99,1.16,0.73,0.02,skip,"(-0.1, 1.0]","(0.2, 0.4]"
BTC,2026-07-31 12:10:00+00:00,vwap_reversion,1,-2.2103827441535215,0,0.43,0.11,0.13,2.95,2.24,0.77,0.01,skip,"(-0.1, 1.0]","(0.4, 0.6]"
BTC,2026-07-31 12:40:00+00:00,vwap_reversion,1,0.8264363029710563,1,0.41,0.86,0.13,2.92,2.66,0.82,0.01,skip,"(-0.1, 1.0]","(0.4, 0.6]"
BTC,2026-07-31 13:45:00+00:00,vwap_reversion,1,-1.6365844664744214,0,0.62,0.66,0.3,2.94,3.0,1.59,0.12,wait,"(1.5, 2.0]","(0.6, 0.8]"
BTC,2026-07-31 13:55:00+00:00,vwap_reversion,1,-1.6023611141257013,0,0.58,0.36,0.32,2.94,2.99,1.49,0.06,wait,"(1.0, 1.5]","(0.4, 0.6]"
BTC,2026-07-31 14:10:00+00:00,vwap_reversion,1,-1.37220704514012,0,0.64,0.35,0.3,2.99,3.0,1.6,0.13,wait,"(1.5, 2.0]","(0.6, 0.8]"
BTC,2026-07-31 14:15:00+00:00,vwap_reversion,1,1.2721634527042003,1,0.5,0.32,0.28,3.0,2.88,1.35,0.05,wait,"(1.0, 1.5]","(0.4, 0.6]"
BTC,2026-07-31 14:20:00+00:00,vwap_reversion,1,1.26787861692971,1,0.66,0.34,0.32,2.99,3.0,1.66,0.18,wait,"(1.5, 2.0]","(0.6, 0.8]"
BTC,2026-07-31 14:25:00+00:00,vwap_reversion,1,1.264726702159551,1,0.66,0.34,0.33,2.99,3.0,1.65,0.19,wait,"(1.5, 2.0]","(0.6, 0.8]"
BTC,2026-07-31 14:30:00+00:00,vwap_reversion,1,-1.3770517308638022,0,0.54,0.34,0.35,3.0,2.96,1.63,0.18,wait,"(1.5, 2.0]","(0.4, 0.6]"
BTC,2026-07-31 14:40:00+00:00,vwap_reversion,1,-1.3875973546194906,0,0.64,0.4,0.32,2.99,2.98,1.67,0.15,wait,"(1.5, 2.0]","(0.6, 0.8]"
BTC,2026-07-31 14:45:00+00:00,vwap_reversion,1,-1.3873517733351906,0,0.68,0.39,0.37,2.99,2.95,1.74,0.31,wait,"(1.5, 2.0]","(0.6, 0.8]"
BTC,2026-07-31 15:00:00+00:00,vwap_reversion,1,-1.3926400205390663,0,0.63,0.38,0.32,3.0,2.82,1.47,0.13,wait,"(1.0, 1.5]","(0.6, 0.8]"
BTC,2026-07-31 15:10:00+00:00,vwap_reversion,1,1.2362789192609789,1,0.64,0.42,0.29,3.0,2.66,1.39,0.1,wait,"(1.0, 1.5]","(0.6, 0.8]"
BTC,2026-07-31 15:25:00+00:00,vwap_reversion,1,1.227156132360806,1,0.68,0.4,0.32,3.0,2.06,1.54,0.22,wait,"(1.5, 2.0]","(0.6, 0.8]"
BTC,2026-08-01 16:00:00+00:00,vwap_reversion,1,-4.160834413236257,0,0.64,0.77,0.14,2.94,2.96,1.23,0.05,wait,"(1.0, 1.5]","(0.6, 0.8]"
BTC,2026-08-01 16:20:00+00:00,vwap_reversion,1,-0.37441267437470865,1,0.51,0.33,0.14,2.99,2.47,1.1,0.02,wait,"(1.0, 1.5]","(0.4, 0.6]"
BTC,2026-08-01 16:40:00+00:00,vwap_reversion,1,-3.5194704386114695,0,0.42,0.79,0.14,2.99,2.1,0.88,0.03,skip,"(-0.1, 1.0]","(0.4, 0.6]"
BTC,2026-08-01 16:55:00+00:00,vwap_reversion,1,0.06726061589146234,1,0.62,0.79,0.14,2.99,2.79,1.14,0.04,wait,"(1.0, 1.5]","(0.6, 0.8]"
BTC,2026-08-01 17:15:00+00:00,vwap_reversion,1,-2.739209019519973,0,0.64,0.39,0.14,2.92,2.82,1.14,0.04,wait,"(1.0, 1.5]","(0.6, 0.8]"
BTC,2026-08-01 17:20:00+00:00,vwap_reversion,1,-2.7928019587734694,0,0.66,0.38,0.14,2.95,2.87,1.13,0.06,skip,"(1.0, 1.5]","(0.6, 0.8]"
BTC,2026-08-01 17:25:00+00:00,vwap_reversion,1,-2.6052473069982103,0,0.48,0.37,0.14,2.95,2.52,1.05,0.02,wait,"(1.0, 1.5]","(0.4, 0.6]"
BTC,2026-08-01 17:35:00+00:00,vwap_reversion,1,-2.373259484702512,0,0.5,0.33,0.14,2.99,2.93,0.99,0.02,wait,"(-0.1, 1.0]","(0.4, 0.6]"
BTC,2026-08-01 17:45:00+00:00,vwap_reversion,1,-2.3249585038989533,0,0.63,0.37,0.15,3.0,2.72,1.11,0.05,skip,"(1.0, 1.5]","(0.6, 0.8]"
BTC,2026-08-01 17:50:00+00:00,vwap_reversion,1,-2.1558011053144712,0,0.48,0.35,0.13,2.99,2.61,0.97,0.02,wait,"(-0.1, 1.0]","(0.4, 0.6]"
BTC,2026-08-01 18:00:00+00:00,vwap_reversion,1,-2.1432240930333926,0,0.61,0.32,0.14,3.0,3.0,1.15,0.04,wait,"(1.0, 1.5]","(0.6, 0.8]"
BTC,2026-08-01 18:05:00+00:00,vwap_reversion,1,-2.169814216880749,0,0.65,0.37,0.15,3.0,2.77,1.19,0.08,skip,"(1.0, 1.5]","(0.6, 0.8]"
BTC,2026-08-01 18:30:00+00:00,vwap_reversion,1,-1.7900913059828627,0,0.5,0.31,0.14,3.0,2.88,1.01,0.02,wait,"(1.0, 1.5]","(0.4, 0.6]"
BTC,2026-08-01 18:45:00+00:00,vwap_reversion,1,1.0541003034447456,1,0.64,0.35,0.14,3.0,2.97,1.21,0.05,wait,"(1.0, 1.5]","(0.6, 0.8]"
BTC,2026-08-02 08:45:00+00:00,vwap_reversion,1,-2.771055788581451,0,0.66,0.21,0.14,2.15,2.92,1.31,0.05,wait,"(1.0, 1.5]","(0.6, 0.8]"
BTC,2026-08-02 08:50:00+00:00,vwap_reversion,1,-2.844612560574972,0,0.66,0.12,0.14,2.17,2.85,1.34,0.05,wait,"(1.0, 1.5]","(0.6, 0.8]"
BTC,2026-08-02 08:55:00+00:00,vwap_reversion,1,-2.784587988352175,0,0.53,0.2,0.14,2.15,2.53,1.2,0.03,wait,"(1.0, 1.5]","(0.4, 0.6]"
BTC,2026-08-02 10:25:00+00:00,vwap_reversion,1,0.6840858167456525,1,0.64,0.32,0.14,2.06,2.49,1.25,0.05,wait,"(1.0, 1.5]","(0.6, 0.8]"
BTC,2026-08-02 11:55:00+00:00,vwap_reversion,1,0.7807331765164228,1,0.62,0.77,0.14,2.09,2.9,1.26,0.05,wait,"(1.0, 1.5]","(0.6, 0.8]"
BTC,2026-08-03 01:10:00+00:00,vwap_reversion,1,-1.7284611383144175,0,0.49,0.34,0.14,2.16,2.1,0.93,0.01,wait,"(-0.1, 1.0]","(0.4, 0.6]"
BTC,2026-08-03 01:15:00+00:00,vwap_reversion,1,-1.7336881094739625,0,0.62,0.82,0.14,2.03,2.47,1.16,0.04,wait,"(1.0, 1.5]","(0.6, 0.8]"
BTC,2026-08-03 01:20:00+00:00,vwap_reversion,1,-1.75752964351962,0,0.58,0.33,0.14,2.07,2.58,1.1,0.03,wait,"(1.0, 1.5]","(0.4, 0.6]"
BTC,2026-08-03 01:25:00+00:00,vwap_reversion,1,-1.7130834830434645,0,0.57,0.79,0.13,2.11,2.46,1.08,0.04,wait,"(1.0, 1.5]","(0.4, 0.6]"
BTC,2026-08-03 03:10:00+00:00,vwap_reversion,1,-2.0175864006055235,0,0.46,0.84,0.13,1.86,2.06,0.98,0.03,wait,"(-0.1, 1.0]","(0.4, 0.6]"
BTC,2026-08-03 03:20:00+00:00,vwap_reversion,1,-2.0432116330086703,0,0.57,0.85,0.13,2.07,2.53,1.06,0.03,wait,"(1.0, 1.5]","(0.4, 0.6]"
BTC,2026-08-03 03:25:00+00:00,vwap_reversion,1,-2.080162199555899,0,0.55,0.82,0.13,2.1,2.11,1.05,0.03,wait,"(1.0, 1.5]","(0.4, 0.6]"
BTC,2026-08-03 03:30:00+00:00,vwap_reversion,1,-2.0968182462786094,0,0.65,0.86,0.15,2.1,2.46,1.22,0.05,wait,"(1.0, 1.5]","(0.6, 0.8]"
BTC,2026-08-03 03:40:00+00:00,vwap_reversion,1,-2.1804657145889963,0,0.66,0.21,0.13,2.04,2.52,1.19,0.04,wait,"(1.0, 1.5]","(0.6, 0.8]"
BTC,2026-08-03 03:45:00+00:00,vwap_reversion,1,-1.8924208455809828,0,0.51,0.78,0.14,2.04,2.87,1.23,0.03,wait,"(1.0, 1.5]","(0.4, 0.6]"
BTC,2026-08-03 03:50:00+00:00,vwap_reversion,1,-1.9077142950989845,0,0.42,0.83,0.13,2.18,2.11,0.98,0.02,wait,"(-0.1, 1.0]","(0.4, 0.6]"
BTC,2026-08-03 04:00:00+00:00,vwap_reversion,1,-1.8799778711741189,0,0.61,0.86,0.15,2.93,2.43,1.2,0.08,skip,"(1.0, 1.5]","(0.6, 0.8]"
BTC,2026-08-03 04:10:00+00:00,vwap_reversion,1,0.9510998976696394,1,0.63,0.28,0.13,2.9,2.56,1.11,0.03,wait,"(1.0, 1.5]","(0.6, 0.8]"
BTC,2026-08-03 05:05:00+00:00,vwap_reversion,1,-1.9447531650191234,0,0.43,0.86,0.14,2.93,2.22,0.85,0.02,skip,"(-0.1, 1.0]","(0.4, 0.6]"
BTC,2026-08-03 05:20:00+00:00,vwap_reversion,1,-1.9657942838983233,0,0.4,0.86,0.14,2.99,2.08,0.73,0.01,skip,"(-0.1, 1.0]","(0.2, 0.4]"
BTC,2026-08-03 05:35:00+00:00,vwap_reversion,1,-2.042503449564114,0,0.37,0.18,0.14,2.99,2.05,0.76,0.02,skip,"(-0.1, 1.0]","(0.2, 0.4]"
BTC,2026-08-03 06:25:00+00:00,vwap_reversion,1,-2.257878939904913,0,0.5,0.18,0.14,2.94,2.47,0.92,0.03,wait,"(-0.1, 1.0]","(0.4, 0.6]"
BTC,2026-08-03 06:45:00+00:00,vwap_reversion,1,-2.1148850358186064,0,0.46,0.2,0.13,2.99,2.37,0.93,0.01,skip,"(-0.1, 1.0]","(0.4, 0.6]"
BTC,2026-08-03 06:50:00+00:00,vwap_reversion,1,-2.139485457374443,0,0.65,0.2,0.14,2.99,2.71,1.12,0.06,wait,"(1.0, 1.5]","(0.6, 0.8]"
BTC,2026-08-03 07:00:00+00:00,vwap_reversion,1,-2.148186226272749,0,0.62,0.21,0.14,2.99,2.66,1.08,0.04,wait,"(1.0, 1.5]","(0.6, 0.8]"
BTC,2026-08-03 07:15:00+00:00,vwap_reversion,1,0.8161583343876567,1,0.63,0.26,0.14,2.98,3.0,1.21,0.05,wait,"(1.0, 1.5]","(0.6, 0.8]"
BTC,2026-08-03 07:35:00+00:00,vwap_reversion,1,-2.0439581240563016,0,0.4,0.86,0.14,2.99,1.3,0.82,0.03,skip,"(-0.1, 1.0]","(0.2, 0.4]"
BTC,2026-08-03 07:55:00+00:00,vwap_reversion,1,-2.14983703770761,0,0.53,0.25,0.13,2.99,2.0,0.9,0.03,skip,"(-0.1, 1.0]","(0.4, 0.6]"
BTC,2026-08-03 08:10:00+00:00,vwap_reversion,1,-2.077351588341766,0,0.46,0.83,0.13,2.99,2.21,0.93,0.02,wait,"(-0.1, 1.0]","(0.4, 0.6]"
BTC,2026-08-03 08:20:00+00:00,vwap_reversion,1,-1.9345388063145188,0,0.49,0.86,0.14,3.0,2.58,1.02,0.03,wait,"(1.0, 1.5]","(0.4, 0.6]"
BTC,2026-08-03 12:05:00+00:00,vwap_reversion,1,0.9326129244861255,1,0.52,0.86,0.15,1.71,2.49,1.01,0.03,wait,"(1.0, 1.5]","(0.4, 0.6]"
BTC,2026-08-04 06:50:00+00:00,vwap_reversion,1,-2.2167017887333373,0,0.63,0.22,0.13,0.51,2.48,1.19,0.03,wait,"(1.0, 1.5]","(0.6, 0.8]"
BTC,2026-08-04 06:55:00+00:00,vwap_reversion,1,-2.2943565849855045,0,0.65,0.3,0.15,0.42,2.71,1.32,0.08,wait,"(1.0, 1.5]","(0.6, 0.8]"
BTC,2026-08-04 07:20:00+00:00,vwap_reversion,1,0.6616545454093562,1,0.62,0.26,0.14,2.09,3.0,1.28,0.06,wait,"(1.0, 1.5]","(0.6, 0.8]"
BTC,2026-08-04 10:15:00+00:00,vwap_reversion,1,-2.440140261840924,0,0.45,0.27,0.14,1.88,2.14,0.99,0.02,wait,"(-0.1, 1.0]","(0.4, 0.6]"
BTC,2026-08-05 07:30:00+00:00,vwap_reversion,1,-2.2799383413847463,0,0.68,0.3,0.14,2.07,2.92,1.43,0.12,wait,"(1.0, 1.5]","(0.6, 0.8]"
BTC,2026-08-05 07:50:00+00:00,vwap_reversion,1,0.7097100473346054,1,0.51,0.26,0.14,2.08,2.39,1.12,0.03,wait,"(1.0, 1.5]","(0.4, 0.6]"
BTC,2026-08-05 10:50:00+00:00,vwap_reversion,1,0.7541641342771187,1,0.71,0.83,0.15,0.44,2.76,1.51,0.13,wait,"(1.5, 2.0]","(0.6, 0.8]"
BTC,2026-08-06 11:05:00+00:00,vwap_reversion,1,0.5435488282928942,1,0.65,0.28,0.15,2.04,2.67,1.23,0.06,wait,"(1.0, 1.5]","(0.6, 0.8]"
BTC,2026-08-06 12:15:00+00:00,vwap_reversion,1,0.574325962415712,1,0.56,0.83,0.13,2.14,2.37,1.14,0.04,wait,"(1.0, 1.5]","(0.4, 0.6]"
BTC,2026-08-06 12:55:00+00:00,vwap_reversion,1,-2.3026716930231665,0,0.38,0.85,0.14,2.12,2.47,0.76,0.01,skip,"(-0.1, 1.0]","(0.2, 0.4]"
BTC,2026-08-06 13:25:00+00:00,vwap_reversion,1,-2.0269559715457337,0,0.46,0.78,0.14,2.94,2.57,1.14,0.03,wait,"(1.0, 1.5]","(0.4, 0.6]"
BTC,2026-08-06 13:30:00+00:00,vwap_reversion,1,0.8655961358694247,1,0.59,0.64,0.14,2.94,2.99,1.16,0.04,wait,"(1.0, 1.5]","(0.4, 0.6]"
BTC,2026-08-06 18:05:00+00:00,vwap_reversion,1,-1.899850918995038,0,0.42,0.86,0.13,0.79,2.37,0.96,0.02,wait,"(-0.1, 1.0]","(0.4, 0.6]"
BTC,2026-08-06 19:15:00+00:00,vwap_reversion,1,-2.2708084543990736,0,0.41,0.19,0.13,2.09,2.04,0.76,0.01,skip,"(-0.1, 1.0]","(0.4, 0.6]"
BTC,2026-08-06 19:30:00+00:00,vwap_reversion,1,0.6806054132675435,1,0.52,0.2,0.14,2.14,1.98,0.91,0.02,skip,"(-0.1, 1.0]","(0.4, 0.6]"
BTC,2026-08-06 22:30:00+00:00,vwap_reversion,1,-2.6202308553844698,0,0.43,0.18,0.12,2.16,2.43,0.83,0.01,skip,"(-0.1, 1.0]","(0.4, 0.6]"
BTC,2026-08-06 23:20:00+00:00,vwap_reversion,1,-2.863625039050846,0,0.62,0.22,0.14,2.95,2.91,1.18,0.06,wait,"(1.0, 1.5]","(0.6, 0.8]"
BTC,2026-08-06 23:25:00+00:00,vwap_reversion,1,-2.813822137818538,0,0.54,0.17,0.13,2.94,2.48,1.07,0.03,wait,"(1.0, 1.5]","(0.4, 0.6]"
BTC,2026-08-06 23:30:00+00:00,vwap_reversion,1,-2.8725787011973916,0,0.62,0.11,0.14,2.99,2.57,0.98,0.03,skip,"(-0.1, 1.0]","(0.6, 0.8]"
BTC,2026-08-06 23:35:00+00:00,vwap_reversion,1,0.371765308869705,1,0.51,0.18,0.13,2.99,2.85,1.08,0.03,wait,"(1.0, 1.5]","(0.4, 0.6]"
BTC,2026-08-06 23:40:00+00:00,vwap_reversion,1,0.3282118653968911,1,0.63,0.24,0.14,2.99,2.97,1.2,0.05,wait,"(1.0, 1.5]","(0.6, 0.8]"
BTC,2026-08-06 23:45:00+00:00,vwap_reversion,1,0.35423331366378297,1,0.63,0.24,0.14,2.99,2.9,1.24,0.05,wait,"(1.0, 1.5]","(0.6, 0.8]"
BTC,2026-08-07 04:50:00+00:00,vwap_reversion,1,0.7331595952021669,1,0.51,0.86,0.14,0.51,2.21,1.28,0.06,wait,"(1.0, 1.5]","(0.4, 0.6]"
BTC,2026-08-07 17:25:00+00:00,vwap_reversion,1,1.0072382716308703,1,0.58,0.83,0.14,2.08,2.33,1.17,0.03,wait,"(1.0, 1.5]","(0.4, 0.6]"
BTC,2026-08-07 17:30:00+00:00,vwap_reversion,1,1.005650495527074,1,0.68,0.83,0.13,2.12,2.7,1.26,0.05,wait,"(1.0, 1.5]","(0.6, 0.8]"
BTC,2026-08-07 17:35:00+00:00,vwap_reversion,1,1.0304816054374435,1,0.37,0.83,0.13,2.12,2.0,0.75,0.01,skip,"(-0.1, 1.0]","(0.2, 0.4]"
BTC,2026-08-08 00:15:00+00:00,vwap_reversion,1,-0.061171458129301665,1,0.47,0.2,0.14,0.41,2.77,1.2,0.04,wait,"(1.0, 1.5]","(0.4, 0.6]"
BTC,2026-08-09 01:30:00+00:00,vwap_reversion,1,-4.348356004536799,0,0.67,0.8,0.15,2.12,2.88,1.26,0.08,skip,"(1.0, 1.5]","(0.6, 0.8]"
BTC,2026-08-09 01:40:00+00:00,vwap_reversion,1,-4.584819133631551,0,0.69,0.34,0.14,2.05,2.71,1.32,0.09,wait,"(1.0, 1.5]","(0.6, 0.8]"
BTC,2026-08-09 01:45:00+00:00,vwap_reversion,1,-4.860234990640838,0,0.49,0.32,0.13,2.93,2.3,1.0,0.02,wait,"(-0.1, 1.0]","(0.4, 0.6]"
BTC,2026-08-09 01:50:00+00:00,vwap_reversion,1,-4.33595252728957,0,0.45,0.62,0.13,2.94,2.81,0.97,0.02,wait,"(-0.1, 1.0]","(0.4, 0.6]"
BTC,2026-08-09 02:00:00+00:00,vwap_reversion,1,-4.5027508776897,0,0.51,0.32,0.13,3.0,2.44,0.99,0.02,wait,"(-0.1, 1.0]","(0.4, 0.6]"
BTC,2026-08-09 02:05:00+00:00,vwap_reversion,1,-4.187790448881585,0,0.51,0.75,0.14,2.99,2.55,0.97,0.02,wait,"(-0.1, 1.0]","(0.4, 0.6]"
BTC,2026-08-09 02:30:00+00:00,vwap_reversion,1,-4.4704307870261815,0,0.64,0.76,0.13,2.99,2.85,1.23,0.06,wait,"(1.0, 1.5]","(0.6, 0.8]"
BTC,2026-08-09 23:55:00+00:00,vwap_reversion,1,0.8782574702581856,1,0.51,0.39,0.13,2.11,2.35,0.9,0.02,skip,"(-0.1, 1.0]","(0.4, 0.6]"
BTC,2026-08-10 09:40:00+00:00,vwap_reversion,1,-2.4918422165609075,0,0.49,0.19,0.13,0.87,2.32,0.93,0.02,wait,"(-0.1, 1.0]","(0.4, 0.6]"
BTC,2026-08-10 10:05:00+00:00,vwap_reversion,1,-2.357979964920837,0,0.41,0.22,0.14,2.03,2.19,0.83,0.01,skip,"(-0.1, 1.0]","(0.4, 0.6]"
BTC,2026-08-10 12:50:00+00:00,vwap_reversion,1,-2.1720395920510898,0,0.44,0.77,0.13,0.74,2.48,0.98,0.02,wait,"(-0.1, 1.0]","(0.4, 0.6]"
BTC,2026-08-10 13:00:00+00:00,vwap_reversion,1,0.7981444122352296,1,0.54,0.78,0.13,2.18,2.84,1.18,0.03,wait,"(1.0, 1.5]","(0.4, 0.6]"
BTC,2026-08-10 13:05:00+00:00,vwap_reversion,1,0.7843776541511709,1,0.67,0.8,0.14,2.1,2.9,1.33,0.06,wait,"(1.0, 1.5]","(0.6, 0.8]"
BTC,2026-08-10 13:10:00+00:00,vwap_reversion,1,0.7527192503121254,1,0.61,0.81,0.14,2.1,2.75,1.05,0.03,wait,"(1.0, 1.5]","(0.6, 0.8]"
BTC,2026-08-10 13:40:00+00:00,vwap_reversion,1,-1.7714801846388806,0,0.52,0.34,0.14,2.05,2.75,1.13,0.02,wait,"(1.0, 1.5]","(0.4, 0.6]"
BTC,2026-08-10 13:55:00+00:00,vwap_reversion,1,1.050742246002237,1,0.53,0.33,0.14,2.94,2.93,1.1,0.02,wait,"(1.0, 1.5]","(0.4, 0.6]"
BTC,2026-08-10 14:05:00+00:00,vwap_reversion,1,1.0855993310511487,1,0.57,0.4,0.3,3.0,2.88,1.27,0.13,wait,"(1.0, 1.5]","(0.4, 0.6]"
BTC,2026-08-10 15:25:00+00:00,vwap_reversion,1,-1.5962882480034364,0,0.63,0.39,0.31,2.94,2.96,1.52,0.13,wait,"(1.5, 2.0]","(0.6, 0.8]"
BTC,2026-08-10 15:35:00+00:00,vwap_reversion,1,-1.6038786332049,0,0.56,0.39,0.34,2.92,2.67,1.57,0.1,wait,"(1.5, 2.0]","(0.4, 0.6]"
BTC,2026-08-10 15:55:00+00:00,vwap_reversion,1,-1.598044764308558,0,0.67,0.41,0.35,2.99,2.87,1.59,0.28,wait,"(1.5, 2.0]","(0.6, 0.8]"
BTC,2026-08-10 16:00:00+00:00,vwap_reversion,1,-1.5825294579193507,0,0.58,0.38,0.29,3.0,2.77,1.27,0.13,wait,"(1.0, 1.5]","(0.4, 0.6]"
BTC,2026-08-10 16:20:00+00:00,vwap_reversion,1,-1.5727166730798867,0,0.65,0.38,0.32,2.99,2.96,1.51,0.14,wait,"(1.5, 2.0]","(0.6, 0.8]"
BTC,2026-08-10 16:25:00+00:00,vwap_reversion,1,-1.6041231436203278,0,0.51,0.4,0.34,2.99,2.74,1.28,0.06,wait,"(1.0, 1.5]","(0.4, 0.6]"
BTC,2026-08-10 16:30:00+00:00,vwap_reversion,1,-1.618579757862401,0,0.51,0.81,0.28,2.99,2.27,1.3,0.05,wait,"(1.0, 1.5]","(0.4, 0.6]"
BTC,2026-08-10 16:45:00+00:00,vwap_reversion,1,-1.5899386962374051,0,0.54,0.36,0.33,2.99,2.58,1.24,0.05,wait,"(1.0, 1.5]","(0.4, 0.6]"
BTC,2026-08-10 17:45:00+00:00,vwap_reversion,1,-1.7008452922526343,0,0.51,0.81,0.13,3.0,2.51,0.91,0.02,skip,"(-0.1, 1.0]","(0.4, 0.6]"
BTC,2026-08-11 14:40:00+00:00,vwap_reversion,1,-1.6626604945016017,0,0.59,0.4,0.35,2.12,2.51,1.31,0.11,wait,"(1.0, 1.5]","(0.4, 0.6]"
BTC,2026-08-11 14:55:00+00:00,vwap_reversion,1,-1.6291314460311717,0,0.65,0.39,0.35,2.14,2.96,1.57,0.14,wait,"(1.5, 2.0]","(0.6, 0.8]"
BTC,2026-08-11 15:10:00+00:00,vwap_reversion,1,-1.6479305595742004,0,0.66,0.41,0.31,2.89,2.68,1.5,0.1,wait,"(1.0, 1.5]","(0.6, 0.8]"
BTC,2026-08-11 15:15:00+00:00,vwap_reversion,1,-1.6589320941785037,0,0.65,0.4,0.29,2.99,2.87,1.48,0.12,wait,"(1.0, 1.5]","(0.6, 0.8]"
BTC,2026-08-11 15:20:00+00:00,vwap_reversion,1,-1.6511931602372407,0,0.67,0.41,0.32,3.0,2.73,1.47,0.16,wait,"(1.0, 1.5]","(0.6, 0.8]"
BTC,2026-08-11 15:40:00+00:00,vwap_reversion,1,-1.5781810942716195,0,0.65,0.35,0.27,2.99,2.98,1.5,0.14,wait,"(1.0, 1.5]","(0.6, 0.8]"
BTC,2026-08-11 16:00:00+00:00,vwap_reversion,1,-1.571551004433565,0,0.55,0.38,0.37,2.99,2.72,1.26,0.1,wait,"(1.0, 1.5]","(0.4, 0.6]"
BTC,2026-08-11 16:05:00+00:00,vwap_reversion,1,-1.5817473681190468,0,0.57,0.37,0.38,2.99,2.67,1.21,0.09,wait,"(1.0, 1.5]","(0.4, 0.6]"
BTC,2026-08-11 16:45:00+00:00,vwap_reversion,1,-1.7094987136916724,0,0.42,0.81,0.14,2.99,1.64,0.96,0.02,skip,"(-0.1, 1.0]","(0.4, 0.6]"
BTC,2026-08-11 18:30:00+00:00,vwap_reversion,1,-1.8689118104622686,0,0.61,0.86,0.14,2.98,2.64,1.1,0.05,skip,"(1.0, 1.5]","(0.6, 0.8]"
BTC,2026-08-11 18:40:00+00:00,vwap_reversion,1,1.0035556294413754,1,0.5,0.76,0.13,2.98,2.49,0.95,0.02,wait,"(-0.1, 1.0]","(0.4, 0.6]"
BTC,2026-08-12 06:25:00+00:00,vwap_reversion,1,0.59215483739576,1,0.68,0.86,0.15,0.59,2.92,1.42,0.07,wait,"(1.0, 1.5]","(0.6, 0.8]"
BTC,2026-08-12 06:30:00+00:00,vwap_reversion,1,0.6112937065503994,1,0.32,0.85,0.14,1.03,2.25,0.75,0.02,wait,"(-0.1, 1.0]","(0.2, 0.4]"
BTC,2026-08-12 06:40:00+00:00,vwap_reversion,1,0.5513401471019842,1,0.66,0.86,0.15,0.77,2.79,1.34,0.08,wait,"(1.0, 1.5]","(0.6, 0.8]"
BTC,2026-08-12 14:05:00+00:00,vwap_reversion,1,1.161120190268654,1,0.33,0.37,0.27,2.21,1.99,0.75,0.01,wait,"(-0.1, 1.0]","(0.2, 0.4]"
BTC,2026-08-12 14:35:00+00:00,vwap_reversion,1,-1.521384046556458,0,0.66,0.39,0.3,2.12,2.95,1.6,0.13,wait,"(1.5, 2.0]","(0.6, 0.8]"
BTC,2026-08-12 14:40:00+00:00,vwap_reversion,1,-1.525386635347919,0,0.64,0.39,0.38,2.15,2.53,1.57,0.17,wait,"(1.5, 2.0]","(0.6, 0.8]"
BTC,2026-08-12 14:45:00+00:00,vwap_reversion,1,-1.543190886005345,0,0.68,0.23,0.31,2.11,2.51,1.57,0.17,wait,"(1.5, 2.0]","(0.6, 0.8]"
BTC,2026-08-12 15:00:00+00:00,vwap_reversion,1,-0.06337963199684955,0,0.46,0.33,0.32,2.93,2.6,1.3,0.08,wait,"(1.0, 1.5]","(0.4, 0.6]"
BTC,2026-08-12 15:15:00+00:00,vwap_reversion,1,-1.5568494971299758,0,0.43,0.21,0.27,2.19,2.28,1.11,0.07,wait,"(1.0, 1.5]","(0.4, 0.6]"
BTC,2026-08-12 15:20:00+00:00,vwap_reversion,1,-1.561205249774775,0,0.42,0.34,0.28,2.17,1.5,1.08,0.06,wait,"(1.0, 1.5]","(0.4, 0.6]"
BTC,2026-08-12 15:25:00+00:00,vwap_reversion,1,-1.578861392067233,0,0.58,0.83,0.32,2.1,2.28,1.31,0.09,wait,"(1.0, 1.5]","(0.4, 0.6]"
BTC,2026-08-12 15:30:00+00:00,vwap_reversion,1,-0.5051144653787031,0,0.57,0.84,0.35,2.11,2.46,1.33,0.09,wait,"(1.0, 1.5]","(0.4, 0.6]"
BTC,2026-08-13 11:35:00+00:00,vwap_reversion,1,-2.249243468739723,0,0.46,0.83,0.14,2.14,2.31,1.05,0.02,wait,"(1.0, 1.5]","(0.4, 0.6]"
BTC,2026-08-13 11:40:00+00:00,vwap_reversion,1,0.7305045824265055,1,0.64,0.81,0.14,2.17,2.73,1.27,0.06,wait,"(1.0, 1.5]","(0.6, 0.8]"
BTC,2026-08-13 12:00:00+00:00,vwap_reversion,1,0.644802188619454,1,0.31,0.82,0.13,2.95,2.03,0.75,0.01,skip,"(-0.1, 1.0]","(0.2, 0.4]"
BTC,2026-08-13 16:00:00+00:00,vwap_reversion,1,-1.6555089094953703,0,0.45,0.35,0.29,2.14,2.62,1.27,0.06,wait,"(1.0, 1.5]","(0.4, 0.6]"
BTC,2026-08-13 16:05:00+00:00,vwap_reversion,1,-1.6470104226747175,0,0.61,0.39,0.3,2.06,2.81,1.48,0.12,wait,"(1.0, 1.5]","(0.6, 0.8]"
BTC,2026-08-13 16:10:00+00:00,vwap_reversion,1,-1.6705059360307433,0,0.44,0.39,0.29,2.15,2.31,1.3,0.07,wait,"(1.0, 1.5]","(0.4, 0.6]"
BTC,2026-08-13 16:40:00+00:00,vwap_reversion,1,1.2100053251289982,1,0.63,0.34,0.33,2.14,3.0,1.71,0.12,wait,"(1.5, 2.0]","(0.6, 0.8]"
BTC,2026-08-13 16:45:00+00:00,vwap_reversion,1,-0.2399878285734016,0,0.52,0.41,0.3,2.2,2.57,1.39,0.16,wait,"(1.0, 1.5]","(0.4, 0.6]"
BTC,2026-08-13 17:00:00+00:00,vwap_reversion,1,1.2207314485313805,1,0.34,0.35,0.3,2.15,2.02,1.0,0.03,wait,"(-0.1, 1.0]","(0.2, 0.4]"
BTC,2026-08-13 17:05:00+00:00,vwap_reversion,1,1.2084206373495765,1,0.48,0.39,0.33,2.12,2.31,1.14,0.08,wait,"(1.0, 1.5]","(0.4, 0.6]"
BTC,2026-08-13 17:10:00+00:00,vwap_reversion,1,1.1939367303646626,1,0.37,0.38,0.28,2.16,2.43,1.0,0.02,wait,"(-0.1, 1.0]","(0.2, 0.4]"
BTC,2026-08-14 06:15:00+00:00,vwap_reversion,1,-2.6349339026939127,0,0.52,0.85,0.14,1.89,2.49,1.24,0.04,wait,"(1.0, 1.5]","(0.4, 0.6]"
BTC,2026-08-14 06:20:00+00:00,vwap_reversion,1,-2.632285043228568,0,0.53,0.85,0.14,2.16,2.53,1.16,0.03,wait,"(1.0, 1.5]","(0.4, 0.6]"
BTC,2026-08-14 06:35:00+00:00,vwap_reversion,1,-2.5055205739436417,0,0.64,0.83,0.14,2.09,2.71,1.24,0.05,wait,"(1.0, 1.5]","(0.6, 0.8]"
BTC,2026-08-14 07:00:00+00:00,vwap_reversion,1,-2.031482809461408,0,0.65,0.76,0.14,2.99,2.93,1.27,0.08,skip,"(1.0, 1.5]","(0.6, 0.8]"
BTC,2026-08-14 07:45:00+00:00,vwap_reversion,1,-2.1719769164153973,0,0.44,0.78,0.14,2.99,1.81,1.02,0.02,skip,"(1.0, 1.5]","(0.4, 0.6]"
BTC,2026-08-14 07:50:00+00:00,vwap_reversion,1,-2.1675470119306595,0,0.49,0.78,0.13,2.99,2.41,0.99,0.02,wait,"(-0.1, 1.0]","(0.4, 0.6]"
BTC,2026-08-14 08:00:00+00:00,vwap_reversion,1,-2.1473077351863674,0,0.65,0.78,0.14,2.99,2.9,1.2,0.05,wait,"(1.0, 1.5]","(0.6, 0.8]"
BTC,2026-08-14 08:05:00+00:00,vwap_reversion,1,-2.1854597362044923,0,0.48,0.82,0.14,2.99,2.4,0.93,0.02,wait,"(-0.1, 1.0]","(0.4, 0.6]"
BTC,2026-08-14 08:10:00+00:00,vwap_reversion,1,0.7448019827595349,1,0.56,0.86,0.13,2.99,2.46,1.12,0.03,wait,"(1.0, 1.5]","(0.4, 0.6]"
BTC,2026-08-14 08:25:00+00:00,vwap_reversion,1,-1.964724212865622,0,0.64,0.78,0.14,2.99,2.96,1.17,0.04,skip,"(1.0, 1.5]","(0.6, 0.8]"
BTC,2026-08-14 08:30:00+00:00,vwap_reversion,1,0.9195012029126598,1,0.62,0.79,0.14,2.99,2.9,1.24,0.07,wait,"(1.0, 1.5]","(0.6, 0.8]"
BTC,2026-08-14 08:40:00+00:00,vwap_reversion,1,-1.9341973153569056,0,0.55,0.82,0.14,2.99,2.26,1.07,0.04,skip,"(1.0, 1.5]","(0.4, 0.6]"
BTC,2026-08-14 09:40:00+00:00,vwap_reversion,1,0.816061285207496,1,0.48,0.29,0.13,2.99,2.15,0.96,0.02,skip,"(-0.1, 1.0]","(0.4, 0.6]"
BTC,2026-08-14 13:00:00+00:00,vwap_reversion,1,-2.0282608696137268,0,0.52,0.77,0.14,2.99,2.88,0.91,0.02,skip,"(-0.1, 1.0]","(0.4, 0.6]"
BTC,2026-08-14 13:05:00+00:00,vwap_reversion,1,-1.9329313405249398,0,0.48,0.77,0.14,2.98,2.49,0.96,0.02,wait,"(-0.1, 1.0]","(0.4, 0.6]"
BTC,2026-08-14 13:10:00+00:00,vwap_reversion,1,0.9372634329998613,1,0.65,0.8,0.13,2.99,2.78,1.16,0.05,wait,"(1.0, 1.5]","(0.6, 0.8]"
BTC,2026-08-15 12:25:00+00:00,vwap_reversion,1,-6.075841324870615,0,0.63,0.27,0.13,0.75,2.71,1.22,0.07,wait,"(1.0, 1.5]","(0.6, 0.8]"
BTC,2026-08-15 12:45:00+00:00,vwap_reversion,1,-1.7742635657946244,1,0.54,0.28,0.14,2.05,2.46,1.18,0.04,wait,"(1.0, 1.5]","(0.4, 0.6]"
BTC,2026-08-16 09:45:00+00:00,vwap_reversion,1,-7.797466325239398,0,0.6,0.77,0.13,2.11,3.0,1.3,0.07,wait,"(1.0, 1.5]","(0.4, 0.6]"
BTC,2026-08-16 21:05:00+00:00,vwap_reversion,1,-3.595999963713488,0,0.63,0.79,0.14,2.14,2.63,1.12,0.03,wait,"(1.0, 1.5]","(0.6, 0.8]"
BTC,2026-08-16 21:10:00+00:00,vwap_reversion,1,-3.590189771973749,0,0.5,0.79,0.14,2.04,2.25,0.85,0.01,skip,"(-0.1, 1.0]","(0.4, 0.6]"
BTC,2026-08-16 21:30:00+00:00,vwap_reversion,1,-3.7070359257655867,0,0.63,0.8,0.14,2.07,2.59,1.13,0.05,wait,"(1.0, 1.5]","(0.6, 0.8]"
BTC,2026-08-16 21:40:00+00:00,vwap_reversion,1,-2.524071139835569,0,0.57,0.3,0.14,2.17,2.99,1.15,0.04,wait,"(1.0, 1.5]","(0.4, 0.6]"
BTC,2026-08-16 21:45:00+00:00,vwap_reversion,1,-2.411146689220223,0,0.51,0.37,0.14,2.12,2.16,1.04,0.03,wait,"(1.0, 1.5]","(0.4, 0.6]"
BTC,2026-08-16 22:00:00+00:00,vwap_reversion,1,0.7394145373573049,1,0.44,0.28,0.14,2.95,2.85,0.97,0.02,skip,"(-0.1, 1.0]","(0.4, 0.6]"
BTC,2026-08-16 22:10:00+00:00,vwap_reversion,1,-2.2430074442303227,0,0.57,0.37,0.15,2.95,2.55,1.14,0.04,skip,"(1.0, 1.5]","(0.4, 0.6]"
BTC,2026-08-16 22:25:00+00:00,vwap_reversion,1,-2.2747903978452375,0,0.49,0.35,0.13,2.94,2.51,0.98,0.02,wait,"(-0.1, 1.0]","(0.4, 0.6]"
BTC,2026-08-16 22:30:00+00:00,vwap_reversion,1,-2.237858958357307,0,0.48,0.29,0.14,2.93,2.87,1.06,0.02,wait,"(1.0, 1.5]","(0.4, 0.6]"
BTC,2026-08-16 22:40:00+00:00,vwap_reversion,1,0.7926489615018385,1,0.42,0.31,0.14,2.92,2.55,0.97,0.02,skip,"(-0.1, 1.0]","(0.4, 0.6]"
BTC,2026-08-16 22:45:00+00:00,vwap_reversion,1,0.8050650431492883,1,0.62,0.36,0.14,2.89,2.81,1.17,0.04,skip,"(1.0, 1.5]","(0.6, 0.8]"
BTC,2026-08-16 22:50:00+00:00,vwap_reversion,1,0.7753375801442298,1,0.49,0.37,0.14,2.93,2.19,1.1,0.06,skip,"(1.0, 1.5]","(0.4, 0.6]"
BTC,2026-08-17 09:45:00+00:00,vwap_reversion,1,0.2655744494328635,1,0.52,0.18,0.14,2.12,2.24,1.05,0.02,wait,"(1.0, 1.5]","(0.4, 0.6]"
BTC,2026-08-18 01:40:00+00:00,vwap_reversion,1,-2.5576661426525718,0,0.32,0.26,0.14,0.65,1.91,0.77,0.01,wait,"(-0.1, 1.0]","(0.2, 0.4]"
BTC,2026-08-18 02:15:00+00:00,vwap_reversion,1,-2.456097525183395,0,0.55,0.26,0.15,2.18,2.72,1.02,0.03,wait,"(1.0, 1.5]","(0.4, 0.6]"
BTC,2026-08-18 02:30:00+00:00,vwap_reversion,1,-2.5985765120965083,0,0.68,0.21,0.14,2.13,2.65,1.21,0.04,wait,"(1.0, 1.5]","(0.6, 0.8]"
BTC,2026-08-18 02:45:00+00:00,vwap_reversion,1,-2.3408206953005384,0,0.64,0.86,0.15,2.15,2.77,1.36,0.07,wait,"(1.0, 1.5]","(0.6, 0.8]"
BTC,2026-08-18 02:50:00+00:00,vwap_reversion,1,-2.386030385222903,0,0.64,0.83,0.14,2.07,2.63,1.2,0.04,wait,"(1.0, 1.5]","(0.6, 0.8]"
BTC,2026-08-18 02:55:00+00:00,vwap_reversion,1,-2.3617077152648096,0,0.66,0.86,0.15,2.18,2.84,1.29,0.05,wait,"(1.0, 1.5]","(0.6, 0.8]"
BTC,2026-08-18 03:00:00+00:00,vwap_reversion,1,-2.377957620668119,0,0.38,0.82,0.13,2.14,2.08,0.89,0.02,wait,"(-0.1, 1.0]","(0.2, 0.4]"
BTC,2026-08-18 08:05:00+00:00,vwap_reversion,1,0.6573345512735747,1,0.49,0.84,0.14,0.58,2.33,1.0,0.03,wait,"(-0.1, 1.0]","(0.4, 0.6]"
BTC,2026-08-18 13:20:00+00:00,vwap_reversion,1,-2.8861083825172815,0,0.53,0.28,0.14,0.67,2.7,1.29,0.04,wait,"(1.0, 1.5]","(0.4, 0.6]"
BTC,2026-08-18 13:30:00+00:00,vwap_reversion,1,-2.5652040359699577,0,0.51,0.78,0.13,2.08,2.99,1.13,0.02,wait,"(1.0, 1.5]","(0.4, 0.6]"
BTC,2026-08-19 00:50:00+00:00,vwap_reversion,1,-2.4993576073528434,0,0.51,0.82,0.14,2.19,2.18,0.93,0.02,skip,"(-0.1, 1.0]","(0.4, 0.6]"
BTC,2026-08-19 01:30:00+00:00,vwap_reversion,1,-2.250850612668051,0,0.31,0.33,0.13,2.14,1.72,0.55,0.01,skip,"(-0.1, 1.0]","(0.2, 0.4]"
BTC,2026-08-19 01:40:00+00:00,vwap_reversion,1,-2.278982371568445,0,0.52,0.77,0.13,2.15,2.28,1.12,0.03,wait,"(1.0, 1.5]","(0.4, 0.6]"
BTC,2026-08-19 01:45:00+00:00,vwap_reversion,1,-2.3213789446794033,0,0.64,0.8,0.14,2.1,2.63,1.21,0.04,wait,"(1.0, 1.5]","(0.6, 0.8]"
BTC,2026-08-19 01:50:00+00:00,vwap_reversion,1,-2.365834089808838,0,0.45,0.33,0.14,2.13,1.96,1.04,0.02,wait,"(1.0, 1.5]","(0.4, 0.6]"
BTC,2026-08-19 02:20:00+00:00,vwap_reversion,1,-2.404944132890029,0,0.38,0.79,0.14,2.94,1.86,0.86,0.02,skip,"(-0.1, 1.0]","(0.2, 0.4]"
BTC,2026-08-19 03:00:00+00:00,vwap_reversion,1,-2.728879794097645,0,0.56,0.27,0.13,2.07,2.4,0.99,0.02,wait,"(-0.1, 1.0]","(0.4, 0.6]"
BTC,2026-08-19 06:10:00+00:00,vwap_reversion,1,0.19661382592908933,1,0.64,0.86,0.14,2.95,2.93,1.16,0.04,wait,"(1.0, 1.5]","(0.6, 0.8]"
BTC,2026-08-20 03:10:00+00:00,vwap_reversion,1,1.1550240721464617,1,0.68,0.32,0.28,0.32,2.92,1.82,0.16,wait,"(1.5, 2.0]","(0.6, 0.8]"
BTC,2026-08-22 05:10:00+00:00,vwap_reversion,1,-1.2643281107945616,0,0.66,0.7,0.86,0.23,2.95,2.41,0.31,wait,"(2.0, 2.5]","(0.6, 0.8]"
BTC,2026-08-22 05:20:00+00:00,vwap_reversion,1,1.3606075230055528,1,0.52,0.4,0.84,0.43,2.99,1.95,0.11,wait,"(1.5, 2.0]","(0.4, 0.6]"
BTC,2026-08-22 05:40:00+00:00,vwap_reversion,1,0.4902359817980888,0,0.63,0.46,0.84,2.14,2.83,1.71,0.2,wait,"(1.5, 2.0]","(0.6, 0.8]"
BTC,2026-08-22 06:05:00+00:00,vwap_reversion,1,-1.2470235993709808,0,0.34,0.85,0.83,2.12,1.61,1.16,0.03,wait,"(1.0, 1.5]","(0.2, 0.4]"
BTC,2026-08-22 06:30:00+00:00,vwap_reversion,1,1.3266304751700555,1,0.51,0.86,0.85,2.07,1.79,1.71,0.14,wait,"(1.5, 2.0]","(0.4, 0.6]"
BTC,2026-08-22 09:45:00+00:00,vwap_reversion,1,-1.4986205492559017,0,0.38,0.27,0.25,1.91,2.02,1.16,0.04,wait,"(1.0, 1.5]","(0.2, 0.4]"
BTC,2026-08-22 10:00:00+00:00,vwap_reversion,1,-1.473791715718369,0,0.43,0.28,0.28,2.12,2.07,1.06,0.06,wait,"(1.0, 1.5]","(0.4, 0.6]"
BTC,2026-08-22 10:20:00+00:00,vwap_reversion,1,1.2208799530092151,1,0.57,0.29,0.27,2.13,2.47,1.47,0.09,wait,"(1.0, 1.5]","(0.4, 0.6]"
BTC,2026-08-22 21:40:00+00:00,vwap_reversion,1,-1.8502813151280637,0,0.53,0.86,0.14,0.77,2.78,1.0,0.03,wait,"(-0.1, 1.0]","(0.4, 0.6]"
BTC,2026-08-22 21:45:00+00:00,vwap_reversion,1,-1.8200767770258321,0,0.37,0.86,0.14,2.13,2.24,0.8,0.01,skip,"(-0.1, 1.0]","(0.2, 0.4]"
BTC,2026-08-23 03:30:00+00:00,vwap_reversion,1,-1.9668132894071808,0,0.36,0.85,0.13,1.92,2.34,0.95,0.03,wait,"(-0.1, 1.0]","(0.2, 0.4]"
BTC,2026-08-23 04:05:00+00:00,vwap_reversion,1,0.9745333770045916,1,0.62,0.77,0.13,2.06,3.0,1.29,0.06,wait,"(1.0, 1.5]","(0.6, 0.8]"
BTC,2026-08-23 04:55:00+00:00,vwap_reversion,1,-1.5999862722560636,0,0.65,0.79,0.3,2.04,2.86,1.61,0.15,wait,"(1.5, 2.0]","(0.6, 0.8]"
BTC,2026-08-23 05:00:00+00:00,vwap_reversion,1,-1.558710390746919,0,0.58,0.66,0.33,2.94,2.99,1.51,0.1,wait,"(1.5, 2.0]","(0.4, 0.6]"
BTC,2026-08-23 05:15:00+00:00,vwap_reversion,1,1.0156279342669339,0,0.58,0.33,0.27,2.99,2.94,1.34,0.1,wait,"(1.0, 1.5]","(0.4, 0.6]"
BTC,2026-08-23 05:25:00+00:00,vwap_reversion,1,-1.3535415747688468,0,0.36,0.34,0.31,2.99,2.03,0.96,0.04,wait,"(-0.1, 1.0]","(0.2, 0.4]"
BTC,2026-08-23 05:30:00+00:00,vwap_reversion,1,-1.3621509187128438,0,0.25,0.33,0.31,3.0,2.02,0.83,0.01,skip,"(-0.1, 1.0]","(0.2, 0.4]"
BTC,2026-08-23 05:35:00+00:00,vwap_reversion,1,-1.371639347759923,0,0.41,0.4,0.3,3.0,1.99,0.88,0.03,wait,"(-0.1, 1.0]","(0.4, 0.6]"
BTC,2026-08-23 05:40:00+00:00,vwap_reversion,1,-1.3747904005518714,0,0.39,0.35,0.29,2.99,2.0,1.04,0.03,wait,"(1.0, 1.5]","(0.2, 0.4]"
BTC,2026-08-23 05:45:00+00:00,vwap_reversion,1,-1.3900315798115768,0,0.52,0.39,0.31,2.99,2.1,1.24,0.06,wait,"(1.0, 1.5]","(0.4, 0.6]"
BTC,2026-08-23 05:50:00+00:00,vwap_reversion,1,-1.3853973356005884,0,0.56,0.37,0.36,2.99,2.13,1.33,0.09,wait,"(1.0, 1.5]","(0.4, 0.6]"
BTC,2026-08-23 06:00:00+00:00,vwap_reversion,1,-1.4036798284722436,0,0.54,0.38,0.3,2.99,1.97,1.36,0.1,wait,"(1.0, 1.5]","(0.4, 0.6]"
BTC,2026-08-24 03:35:00+00:00,vwap_reversion,1,-1.530005031099357,0,0.32,0.86,0.25,0.74,2.14,0.78,0.02,wait,"(-0.1, 1.0]","(0.2, 0.4]"
BTC,2026-08-24 04:50:00+00:00,vwap_reversion,1,1.1456662247324063,1,0.56,0.86,0.31,1.91,2.55,1.66,0.15,wait,"(1.5, 2.0]","(0.4, 0.6]"
BTC,2026-08-24 04:55:00+00:00,vwap_reversion,1,1.1446127671875714,1,0.33,0.85,0.28,1.88,1.28,1.09,0.04,wait,"(1.0, 1.5]","(0.2, 0.4]"
BTC,2026-08-24 08:25:00+00:00,vwap_reversion,1,1.1368016180778509,1,0.67,0.87,0.31,0.65,2.9,1.82,0.18,wait,"(1.5, 2.0]","(0.6, 0.8]"
BTC,2026-08-25 07:50:00+00:00,vwap_reversion,1,1.256533095777584,1,0.67,0.8,0.32,0.22,3.0,2.04,0.21,wait,"(2.0, 2.5]","(0.6, 0.8]"
BTC,2026-08-25 07:55:00+00:00,vwap_reversion,1,1.2506300201395462,1,0.59,0.88,0.3,0.2,2.71,1.8,0.12,wait,"(1.5, 2.0]","(0.4, 0.6]"
BTC,2026-08-25 08:00:00+00:00,vwap_reversion,1,1.2559359976318507,1,0.43,0.87,0.31,0.69,2.04,1.41,0.06,wait,"(1.0, 1.5]","(0.4, 0.6]"
BTC,2026-08-25 08:05:00+00:00,vwap_reversion,1,1.2456352777168829,1,0.62,0.35,0.31,0.5,2.11,1.56,0.14,wait,"(1.5, 2.0]","(0.6, 0.8]"
BTC,2026-08-25 09:05:00+00:00,vwap_reversion,1,-1.447013953209184,0,0.37,0.86,0.27,2.17,2.44,1.06,0.03,wait,"(1.0, 1.5]","(0.2, 0.4]"
BTC,2026-08-25 09:55:00+00:00,vwap_reversion,1,-0.736287231298021,0,0.46,0.87,0.27,2.11,2.6,1.46,0.09,wait,"(1.0, 1.5]","(0.4, 0.6]"
BTC,2026-08-25 10:00:00+00:00,vwap_reversion,1,-1.3724443419253474,0,0.65,0.87,0.3,2.09,2.89,1.66,0.16,wait,"(1.5, 2.0]","(0.6, 0.8]"
BTC,2026-08-25 10:05:00+00:00,vwap_reversion,1,-1.3788768024726092,0,0.68,0.86,0.34,2.14,2.7,1.62,0.17,wait,"(1.5, 2.0]","(0.6, 0.8]"
BTC,2026-08-25 10:15:00+00:00,vwap_reversion,1,-1.3952980478988621,0,0.42,0.33,0.33,2.16,1.85,1.25,0.09,wait,"(1.0, 1.5]","(0.4, 0.6]"
BTC,2026-08-25 10:20:00+00:00,vwap_reversion,1,-1.4033232603450156,0,0.37,0.86,0.3,2.14,2.02,1.02,0.03,wait,"(1.0, 1.5]","(0.2, 0.4]"
BTC,2026-08-25 10:25:00+00:00,vwap_reversion,1,-1.417575750794464,0,0.61,0.31,0.28,2.04,2.34,1.53,0.13,wait,"(1.5, 2.0]","(0.6, 0.8]"
BTC,2026-08-25 10:30:00+00:00,vwap_reversion,1,-1.4380503106496223,0,0.37,0.31,0.29,2.91,2.11,0.88,0.02,wait,"(-0.1, 1.0]","(0.2, 0.4]"
BTC,2026-08-25 10:35:00+00:00,vwap_reversion,1,-1.4613262469148829,0,0.62,0.85,0.32,2.95,2.37,1.48,0.14,wait,"(1.0, 1.5]","(0.6, 0.8]"
BTC,2026-08-25 12:05:00+00:00,vwap_reversion,1,-1.481936800261439,0,0.51,0.88,0.27,2.2,2.41,1.45,0.09,wait,"(1.0, 1.5]","(0.4, 0.6]"
BTC,2026-08-25 12:20:00+00:00,vwap_reversion,1,-1.44305972850109,0,0.59,0.87,0.31,2.1,2.55,1.35,0.12,wait,"(1.0, 1.5]","(0.4, 0.6]"
BTC,2026-08-25 12:25:00+00:00,vwap_reversion,1,-1.4225200657472261,0,0.52,0.88,0.3,2.19,2.72,1.26,0.07,wait,"(1.0, 1.5]","(0.4, 0.6]"
BTC,2026-08-25 13:10:00+00:00,vwap_reversion,1,-1.4409539549339867,0,0.57,0.88,0.33,1.9,2.56,1.49,0.14,wait,"(1.0, 1.5]","(0.4, 0.6]"
BTC,2026-08-25 13:15:00+00:00,vwap_reversion,1,1.2227073392910779,1,0.57,0.86,0.32,1.94,2.23,1.7,0.16,wait,"(1.5, 2.0]","(0.4, 0.6]"
BTC,2026-08-25 13:20:00+00:00,vwap_reversion,1,1.2314009026283674,1,0.54,0.88,0.28,1.91,2.35,1.39,0.11,wait,"(1.0, 1.5]","(0.4, 0.6]"
BTC,2026-08-25 13:45:00+00:00,vwap_reversion,1,-1.337670005565808,0,0.42,0.81,0.85,2.92,2.52,1.31,0.07,wait,"(1.0, 1.5]","(0.4, 0.6]"
BTC,2026-08-25 13:50:00+00:00,vwap_reversion,1,1.2984559202165133,1,0.65,0.73,0.87,2.93,3.0,2.04,0.26,wait,"(2.0, 2.5]","(0.6, 0.8]"
BTC,2026-08-25 17:20:00+00:00,vwap_reversion,1,1.195640418358637,1,0.49,0.31,0.27,0.79,2.13,1.26,0.07,wait,"(1.0, 1.5]","(0.4, 0.6]"
BTC,2026-08-25 17:25:00+00:00,vwap_reversion,1,1.1900837235357067,1,0.6,0.2,0.27,0.68,2.26,1.59,0.09,wait,"(1.5, 2.0]","(0.4, 0.6]"
BTC,2026-08-25 19:30:00+00:00,vwap_reversion,1,-1.6286566632890116,0,0.46,0.21,0.27,0.45,2.37,1.48,0.1,wait,"(1.0, 1.5]","(0.4, 0.6]"
BTC,2026-08-25 20:40:00+00:00,vwap_reversion,1,-1.5403695061608869,0,0.56,0.32,0.32,2.15,2.5,1.55,0.09,wait,"(1.5, 2.0]","(0.4, 0.6]"
BTC,2026-08-25 21:00:00+00:00,vwap_reversion,1,-1.4685898655321825,0,0.68,0.87,0.26,2.99,2.89,1.48,0.14,wait,"(1.0, 1.5]","(0.6, 0.8]"
BTC,2026-08-26 08:55:00+00:00,vwap_reversion,1,-1.6698942806568855,0,0.68,0.88,0.29,0.4,2.87,1.94,0.3,wait,"(1.5, 2.0]","(0.6, 0.8]"
BTC,2026-08-26 09:45:00+00:00,vwap_reversion,1,-1.5596877766837904,0,0.4,0.87,0.28,2.19,2.2,1.03,0.04,wait,"(1.0, 1.5]","(0.2, 0.4]"
BTC,2026-08-26 13:10:00+00:00,vwap_reversion,1,-1.4187772790075204,0,0.52,0.77,0.28,2.97,2.87,1.38,0.11,wait,"(1.0, 1.5]","(0.4, 0.6]"
BTC,2026-08-26 13:15:00+00:00,vwap_reversion,1,-1.4328337858515294,0,0.59,0.82,0.26,2.93,2.71,1.29,0.14,wait,"(1.0, 1.5]","(0.4, 0.6]"
BTC,2026-08-26 13:25:00+00:00,vwap_reversion,1,1.225199166326009,1,0.68,0.82,0.29,2.85,2.78,1.59,0.15,wait,"(1.5, 2.0]","(0.6, 0.8]"
BTC,2026-08-26 14:45:00+00:00,vwap_reversion,1,-1.4060097658323192,0,0.52,0.78,0.31,2.94,2.87,1.26,0.1,wait,"(1.0, 1.5]","(0.4, 0.6]"
BTC,2026-08-26 15:15:00+00:00,vwap_reversion,1,1.2483332620279128,1,0.43,0.83,0.3,2.95,2.17,1.14,0.08,wait,"(1.0, 1.5]","(0.4, 0.6]"
BTC,2026-08-28 02:15:00+00:00,vwap_reversion,1,-1.4068653015672725,0,0.54,0.64,0.3,0.46,2.88,1.53,0.06,wait,"(1.5, 2.0]","(0.4, 0.6]"
BTC,2026-08-28 02:20:00+00:00,vwap_reversion,1,-1.4042087340163736,0,0.66,0.78,0.31,0.35,2.98,1.82,0.18,wait,"(1.5, 2.0]","(0.6, 0.8]"
BTC,2026-08-28 02:30:00+00:00,vwap_reversion,1,-1.3963048082447034,0,0.46,0.78,0.3,0.36,2.44,1.53,0.09,wait,"(1.5, 2.0]","(0.4, 0.6]"
BTC,2026-08-28 02:40:00+00:00,vwap_reversion,1,-1.4151696195099543,0,0.67,0.84,0.32,0.4,2.76,1.76,0.19,wait,"(1.5, 2.0]","(0.6, 0.8]"
BTC,2026-08-28 02:45:00+00:00,vwap_reversion,1,-1.406288855755249,0,0.56,0.84,0.33,2.18,2.42,1.48,0.08,wait,"(1.0, 1.5]","(0.4, 0.6]"
BTC,2026-08-28 02:50:00+00:00,vwap_reversion,1,-1.4037678827691473,0,0.67,0.81,0.31,2.16,2.79,1.65,0.18,wait,"(1.5, 2.0]","(0.6, 0.8]"
BTC,2026-08-28 02:55:00+00:00,vwap_reversion,1,-1.4155961761269895,0,0.67,0.84,0.3,2.07,2.63,1.67,0.21,wait,"(1.5, 2.0]","(0.6, 0.8]"
BTC,2026-08-28 03:35:00+00:00,vwap_reversion,1,-1.4855964012289873,0,0.42,0.83,0.25,1.9,1.81,1.22,0.06,wait,"(1.0, 1.5]","(0.4, 0.6]"
BTC,2026-08-28 03:45:00+00:00,vwap_reversion,1,-1.52306040448382,0,0.57,0.82,0.28,2.12,2.17,1.26,0.09,wait,"(1.0, 1.5]","(0.4, 0.6]"
BTC,2026-08-28 10:20:00+00:00,vwap_reversion,1,1.0384778932957144,1,0.39,0.29,0.14,2.99,2.1,0.82,0.03,skip,"(-0.1, 1.0]","(0.2, 0.4]"
BTC,2026-08-28 13:25:00+00:00,vwap_reversion,1,1.0222764644005065,1,0.65,0.86,0.14,2.1,2.86,1.3,0.06,wait,"(1.0, 1.5]","(0.6, 0.8]"
BTC,2026-08-28 13:40:00+00:00,vwap_reversion,1,1.0713491632826484,1,0.53,0.8,0.29,2.14,2.31,1.46,0.07,wait,"(1.0, 1.5]","(0.4, 0.6]"
BTC,2026-08-28 14:05:00+00:00,vwap_reversion,1,-1.3556372583781464,0,0.65,0.35,0.27,1.94,3.0,1.8,0.16,wait,"(1.5, 2.0]","(0.6, 0.8]"
BTC,2026-08-28 14:10:00+00:00,vwap_reversion,1,1.2949944765260302,1,0.52,0.37,0.85,2.15,2.86,1.87,0.15,wait,"(1.5, 2.0]","(0.4, 0.6]"
BTC,2026-08-28 14:20:00+00:00,vwap_reversion,1,1.308861079975976,1,0.44,0.37,0.86,2.14,2.99,1.38,0.06,wait,"(1.0, 1.5]","(0.4, 0.6]"
BTC,2026-08-28 16:25:00+00:00,vwap_reversion,1,1.3602883201547762,1,0.48,0.37,0.85,2.96,2.84,1.74,0.14,wait,"(1.5, 2.0]","(0.4, 0.6]"
BTC,2026-08-28 18:35:00+00:00,vwap_reversion,1,1.243869674164769,1,0.54,0.85,0.31,2.99,2.19,1.35,0.07,wait,"(1.0, 1.5]","(0.4, 0.6]"
BTC,2026-08-29 06:20:00+00:00,vwap_reversion,1,0.503325684721488,1,0.54,0.29,0.14,2.95,2.49,1.07,0.03,wait,"(1.0, 1.5]","(0.4, 0.6]"
BTC,2026-08-29 06:25:00+00:00,vwap_reversion,1,0.5011645285497509,1,0.66,0.28,0.13,2.92,2.89,1.27,0.07,wait,"(1.0, 1.5]","(0.6, 0.8]"
BTC,2026-08-30 01:15:00+00:00,vwap_reversion,1,-2.4161201043035474,0,0.6,0.78,0.15,0.41,2.99,1.3,0.05,wait,"(1.0, 1.5]","(0.4, 0.6]"
BTC,2026-08-30 01:25:00+00:00,vwap_reversion,1,0.5755872124889237,1,0.54,0.82,0.13,0.54,2.31,1.23,0.04,wait,"(1.0, 1.5]","(0.4, 0.6]"
BTC,2026-08-30 01:30:00+00:00,vwap_reversion,1,0.5561529388784598,1,0.65,0.85,0.14,2.02,2.74,1.35,0.06,wait,"(1.0, 1.5]","(0.6, 0.8]"
BTC,2026-08-30 04:45:00+00:00,vwap_reversion,1,0.34218187780927384,1,0.53,0.83,0.14,0.74,2.64,1.04,0.03,wait,"(1.0, 1.5]","(0.4, 0.6]"
BTC,2026-08-30 08:45:00+00:00,vwap_reversion,1,-3.083917623909955,0,0.54,0.31,0.13,0.71,2.32,1.0,0.04,wait,"(-0.1, 1.0]","(0.4, 0.6]"
BTC,2026-08-30 22:25:00+00:00,vwap_reversion,1,-1.6246794904397586,0,0.63,0.8,0.37,1.84,2.6,1.59,0.14,wait,"(1.5, 2.0]","(0.6, 0.8]"
BTC,2026-08-30 22:30:00+00:00,vwap_reversion,1,-1.6099717026201004,0,0.58,0.82,0.32,2.08,2.48,1.43,0.08,wait,"(1.0, 1.5]","(0.4, 0.6]"
BTC,2026-08-30 23:30:00+00:00,vwap_reversion,1,-1.4117049882416741,0,0.49,0.32,0.31,2.16,2.99,1.49,0.06,wait,"(1.0, 1.5]","(0.4, 0.6]"
BTC,2026-08-30 23:40:00+00:00,vwap_reversion,1,-1.3898371667717035,0,0.65,0.33,0.29,2.17,3.0,1.75,0.13,wait,"(1.5, 2.0]","(0.6, 0.8]"
BTC,2026-08-30 23:45:00+00:00,vwap_reversion,1,1.2834861480132527,1,0.65,0.37,0.87,2.95,3.0,2.0,0.21,wait,"(1.5, 2.0]","(0.6, 0.8]"
BTC,2026-08-31 02:55:00+00:00,vwap_reversion,1,1.1599364933449932,1,0.38,0.31,0.31,1.7,1.96,0.92,0.03,wait,"(-0.1, 1.0]","(0.2, 0.4]"
BTC,2026-09-01 01:55:00+00:00,vwap_reversion,1,-1.8169768259813879,0,0.42,0.83,0.14,2.15,2.24,0.77,0.01,skip,"(-0.1, 1.0]","(0.4, 0.6]"
BTC,2026-09-01 02:00:00+00:00,vwap_reversion,1,-1.7892733332426518,0,0.55,0.81,0.13,2.14,2.42,1.15,0.03,wait,"(1.0, 1.5]","(0.4, 0.6]"
BTC,2026-09-01 02:05:00+00:00,vwap_reversion,1,-1.7897011122970068,0,0.61,0.81,0.14,2.08,2.73,1.17,0.03,wait,"(1.0, 1.5]","(0.6, 0.8]"
BTC,2026-09-01 02:10:00+00:00,vwap_reversion,1,-1.771074928992551,0,0.66,0.86,0.14,2.04,2.86,1.26,0.05,wait,"(1.0, 1.5]","(0.6, 0.8]"
BTC,2026-09-01 02:15:00+00:00,vwap_reversion,1,1.0142965282037597,1,0.64,0.82,0.14,2.01,2.68,1.16,0.03,wait,"(1.0, 1.5]","(0.6, 0.8]"
BTC,2026-09-01 02:20:00+00:00,vwap_reversion,1,-1.785389334680311,0,0.39,0.83,0.14,2.06,1.93,0.83,0.02,wait,"(-0.1, 1.0]","(0.2, 0.4]"
BTC,2026-09-01 08:10:00+00:00,vwap_reversion,1,-1.7411939723706726,0,0.67,0.83,0.13,0.73,2.85,1.29,0.09,wait,"(1.0, 1.5]","(0.6, 0.8]"
BTC,2026-09-01 08:15:00+00:00,vwap_reversion,1,-1.6849723355548731,0,0.65,0.81,0.29,2.15,2.96,1.69,0.16,wait,"(1.5, 2.0]","(0.6, 0.8]"
BTC,2026-09-01 08:30:00+00:00,vwap_reversion,1,-1.5752660514422785,0,0.47,0.74,0.3,2.95,2.69,1.42,0.08,wait,"(1.0, 1.5]","(0.4, 0.6]"
BTC,2026-09-01 08:40:00+00:00,vwap_reversion,1,-1.586530786770055,0,0.68,0.81,0.33,2.93,2.88,1.57,0.17,wait,"(1.5, 2.0]","(0.6, 0.8]"
BTC,2026-09-01 08:50:00+00:00,vwap_reversion,1,-1.5773531468887785,0,0.67,0.8,0.28,2.96,2.93,1.55,0.12,wait,"(1.5, 2.0]","(0.6, 0.8]"
BTC,2026-09-01 09:00:00+00:00,vwap_reversion,1,-1.5971301742288786,0,0.68,0.81,0.29,2.94,2.97,1.64,0.21,wait,"(1.5, 2.0]","(0.6, 0.8]"
BTC,2026-09-01 09:05:00+00:00,vwap_reversion,1,-1.595741491146246,0,0.67,0.81,0.31,2.95,2.86,1.57,0.15,wait,"(1.5, 2.0]","(0.6, 0.8]"
BTC,2026-09-01 09:15:00+00:00,vwap_reversion,1,1.1062916123711175,1,0.45,0.78,0.26,2.95,2.12,1.39,0.07,wait,"(1.0, 1.5]","(0.4, 0.6]"
BTC,2026-09-01 09:30:00+00:00,vwap_reversion,1,-1.6686030148977107,0,0.61,0.81,0.28,2.91,2.52,1.33,0.14,wait,"(1.0, 1.5]","(0.6, 0.8]"
BTC,2026-09-01 09:35:00+00:00,vwap_reversion,1,-1.667963457427021,0,0.64,0.83,0.27,2.95,2.46,1.49,0.13,wait,"(1.0, 1.5]","(0.6, 0.8]"
BTC,2026-09-01 10:10:00+00:00,vwap_reversion,1,-1.6821182997041604,0,0.33,0.84,0.28,2.99,1.51,0.93,0.02,wait,"(-0.1, 1.0]","(0.2, 0.4]"
BTC,2026-09-01 10:15:00+00:00,vwap_reversion,1,1.0833901901771368,1,0.47,0.84,0.31,2.95,1.53,1.21,0.05,wait,"(1.0, 1.5]","(0.4, 0.6]"
BTC,2026-09-01 12:35:00+00:00,vwap_reversion,1,1.0884571082930594,1,0.53,0.88,0.28,2.96,2.65,1.29,0.09,wait,"(1.0, 1.5]","(0.4, 0.6]"
BTC,2026-09-01 13:05:00+00:00,vwap_reversion,1,1.1643726429483632,1,0.48,0.66,0.32,2.97,2.9,1.23,0.07,wait,"(1.0, 1.5]","(0.4, 0.6]"
BTC,2026-09-01 16:35:00+00:00,vwap_reversion,1,-1.4891908496486141,0,0.59,0.78,0.27,2.15,2.93,1.39,0.1,wait,"(1.0, 1.5]","(0.4, 0.6]"
BTC,2026-09-01 18:00:00+00:00,vwap_reversion,1,-1.5749261443706442,0,0.66,0.88,0.32,2.9,2.88,1.63,0.13,wait,"(1.5, 2.0]","(0.6, 0.8]"
BTC,2026-09-01 18:25:00+00:00,vwap_reversion,1,-1.5130831533655533,0,0.6,0.82,0.31,2.9,2.94,1.49,0.13,wait,"(1.0, 1.5]","(0.4, 0.6]"
BTC,2026-09-01 18:45:00+00:00,vwap_reversion,1,1.2437927080150106,1,0.47,0.64,0.3,2.99,2.78,1.29,0.06,wait,"(1.0, 1.5]","(0.4, 0.6]"
BTC,2026-09-01 21:15:00+00:00,vwap_reversion,1,1.1268447187727892,1,0.69,0.32,0.29,1.55,2.92,1.85,0.18,wait,"(1.5, 2.0]","(0.6, 0.8]"
BTC,2026-09-02 01:50:00+00:00,vwap_reversion,1,1.0761633982557206,1,0.64,0.85,0.31,2.95,2.94,1.56,0.16,wait,"(1.5, 2.0]","(0.6, 0.8]"
BTC,2026-09-02 08:35:00+00:00,vwap_reversion,1,-1.8544540643270595,0,0.55,0.86,0.14,2.23,2.58,1.2,0.03,wait,"(1.0, 1.5]","(0.4, 0.6]"
BTC,2026-09-02 08:50:00+00:00,vwap_reversion,1,1.0403684610469852,1,0.54,0.84,0.14,2.05,2.7,1.13,0.03,wait,"(1.0, 1.5]","(0.4, 0.6]"
BTC,2026-09-02 08:55:00+00:00,vwap_reversion,1,1.0479324729100203,1,0.5,0.86,0.15,2.18,2.59,1.2,0.04,wait,"(1.0, 1.5]","(0.4, 0.6]"
BTC,2026-09-02 09:20:00+00:00,vwap_reversion,1,-1.6228269708722916,0,0.51,0.76,0.34,2.99,2.63,1.31,0.05,wait,"(1.0, 1.5]","(0.4, 0.6]"
BTC,2026-09-02 09:30:00+00:00,vwap_reversion,1,-1.563348076328314,0,0.48,0.79,0.26,2.99,2.29,1.27,0.07,wait,"(1.0, 1.5]","(0.4, 0.6]"
BTC,2026-09-02 09:40:00+00:00,vwap_reversion,1,-1.5487816024376733,0,0.6,0.79,0.27,2.99,2.93,1.39,0.08,wait,"(1.0, 1.5]","(0.4, 0.6]"
BTC,2026-09-02 09:45:00+00:00,vwap_reversion,1,-1.5224221741330268,0,0.44,0.67,0.31,3.0,2.84,1.35,0.07,wait,"(1.0, 1.5]","(0.4, 0.6]"
BTC,2026-09-02 10:05:00+00:00,vwap_reversion,1,-1.566513436014888,0,0.5,0.84,0.3,2.99,2.49,1.37,0.07,wait,"(1.0, 1.5]","(0.4, 0.6]"
BTC,2026-09-02 10:10:00+00:00,vwap_reversion,1,-1.5839243905976075,0,0.44,0.85,0.32,2.99,2.18,1.11,0.08,wait,"(1.0, 1.5]","(0.4, 0.6]"
BTC,2026-09-02 10:50:00+00:00,vwap_reversion,1,1.1524204841141568,1,0.45,0.65,0.29,2.99,2.54,0.99,0.05,wait,"(-0.1, 1.0]","(0.4, 0.6]"
BTC,2026-09-03 05:25:00+00:00,vwap_reversion,1,1.0882524084804697,1,0.52,0.78,0.3,0.36,2.49,1.54,0.08,wait,"(1.5, 2.0]","(0.4, 0.6]"
BTC,2026-09-03 10:40:00+00:00,vwap_reversion,1,0.9670258152109249,1,0.37,0.19,0.13,2.1,1.89,0.64,0.01,skip,"(-0.1, 1.0]","(0.2, 0.4]"
BTC,2026-09-04 01:40:00+00:00,vwap_reversion,1,1.146031745531443,1,0.49,0.85,0.25,2.17,2.03,1.15,0.04,wait,"(1.0, 1.5]","(0.4, 0.6]"
BTC,2026-09-04 12:35:00+00:00,vwap_reversion,1,-1.308095447014489,0,0.68,0.38,0.84,0.3,3.0,2.31,0.31,wait,"(2.0, 2.5]","(0.6, 0.8]"
BTC,2026-09-04 12:45:00+00:00,vwap_reversion,1,-1.2721386633746343,0,0.52,0.37,0.88,2.15,2.9,1.89,0.12,wait,"(1.5, 2.0]","(0.4, 0.6]"
BTC,2026-09-04 12:50:00+00:00,vwap_reversion,1,-1.2702868619597631,0,0.48,0.39,0.85,2.09,2.89,1.97,0.13,wait,"(1.5, 2.0]","(0.4, 0.6]"
BTC,2026-09-04 12:55:00+00:00,vwap_reversion,1,-1.2688463814773865,0,0.54,0.4,0.86,2.18,2.77,1.88,0.13,wait,"(1.5, 2.0]","(0.4, 0.6]"
BTC,2026-09-04 13:05:00+00:00,vwap_reversion,1,-1.2743248292233145,0,0.53,0.38,0.86,2.94,2.86,1.87,0.13,wait,"(1.5, 2.0]","(0.4, 0.6]"
BTC,2026-09-04 13:35:00+00:00,vwap_reversion,1,-1.2821793293187387,0,0.66,0.39,0.87,2.95,2.96,1.94,0.32,wait,"(1.5, 2.0]","(0.6, 0.8]"
BTC,2026-09-04 13:40:00+00:00,vwap_reversion,1,-1.2898767359930143,0,0.7,0.47,0.86,2.93,2.68,2.05,0.4,wait,"(2.0, 2.5]","(0.6, 0.8]"
BTC,2026-09-04 14:40:00+00:00,vwap_reversion,1,-1.2855761528451892,0,0.52,0.44,0.83,3.0,2.4,1.69,0.15,wait,"(1.5, 2.0]","(0.4, 0.6]"
BTC,2026-09-04 21:50:00+00:00,vwap_reversion,1,-2.1142094571284553,0,0.45,0.19,0.14,0.59,2.81,1.17,0.04,wait,"(1.0, 1.5]","(0.4, 0.6]"
BTC,2026-09-04 21:55:00+00:00,vwap_reversion,1,0.8218345721755106,1,0.43,0.21,0.14,0.44,2.28,1.01,0.03,wait,"(1.0, 1.5]","(0.4, 0.6]"
BTC,2026-09-05 02:00:00+00:00,vwap_reversion,1,0.6173999715223045,1,0.61,0.27,0.14,0.36,2.51,1.29,0.07,wait,"(1.0, 1.5]","(0.6, 0.8]"
BTC,2026-09-05 05:00:00+00:00,vwap_reversion,1,0.15293715150292397,1,0.51,0.18,0.14,2.93,2.34,1.09,0.03,wait,"(1.0, 1.5]","(0.4, 0.6]"
BTC,2026-09-05 05:05:00+00:00,vwap_reversion,1,0.1419791083703988,1,0.59,0.26,0.14,2.92,2.99,1.1,0.03,wait,"(1.0, 1.5]","(0.4, 0.6]"
BTC,2026-09-06 06:35:00+00:00,vwap_reversion,1,-2.6322647024670585,0,0.56,0.28,0.15,0.66,2.59,1.05,0.04,wait,"(1.0, 1.5]","(0.4, 0.6]"
BTC,2026-09-06 06:40:00+00:00,vwap_reversion,1,-2.600778812548704,0,0.56,0.85,0.14,0.76,2.51,1.04,0.03,wait,"(1.0, 1.5]","(0.4, 0.6]"
BTC,2026-09-06 06:45:00+00:00,vwap_reversion,1,-2.3910477873128424,0,0.48,0.86,0.14,0.78,2.4,1.11,0.03,wait,"(1.0, 1.5]","(0.4, 0.6]"
BTC,2026-09-06 06:55:00+00:00,vwap_reversion,1,-2.490680083107854,0,0.5,0.83,0.13,0.79,2.23,0.97,0.03,wait,"(-0.1, 1.0]","(0.4, 0.6]"
BTC,2026-09-06 07:10:00+00:00,vwap_reversion,1,0.6874467232964379,1,0.5,0.77,0.13,2.17,2.51,1.08,0.03,wait,"(1.0, 1.5]","(0.4, 0.6]"
BTC,2026-09-06 13:30:00+00:00,vwap_reversion,1,-2.656653829953955,0,0.64,0.87,0.14,2.06,2.68,1.23,0.08,wait,"(1.0, 1.5]","(0.6, 0.8]"
BTC,2026-09-06 14:15:00+00:00,vwap_reversion,1,-2.3429709887066235,0,0.57,0.78,0.13,1.89,2.13,1.3,0.06,wait,"(1.0, 1.5]","(0.4, 0.6]"
BTC,2026-09-06 14:20:00+00:00,vwap_reversion,1,-2.1969551193061987,0,0.5,0.77,0.14,2.04,2.6,1.16,0.03,wait,"(1.0, 1.5]","(0.4, 0.6]"
BTC,2026-09-06 14:30:00+00:00,vwap_reversion,1,0.9748507136082672,1,0.62,0.34,0.14,2.15,2.99,1.32,0.07,wait,"(1.0, 1.5]","(0.6, 0.8]"
BTC,2026-09-06 15:00:00+00:00,vwap_reversion,1,1.0381604194750789,1,0.58,0.37,0.14,2.02,2.66,1.3,0.08,wait,"(1.0, 1.5]","(0.4, 0.6]"
BTC,2026-09-07 01:15:00+00:00,vwap_reversion,1,-1.610233819889286,0,0.44,0.36,0.33,0.32,2.54,1.32,0.07,wait,"(1.0, 1.5]","(0.4, 0.6]"
BTC,2026-09-07 01:25:00+00:00,vwap_reversion,1,-1.638499744505273,0,0.52,0.4,0.3,0.6,2.4,1.21,0.06,wait,"(1.0, 1.5]","(0.4, 0.6]"
BTC,2026-09-07 03:40:00+00:00,vwap_reversion,1,1.0662848701972105,1,0.44,0.82,0.33,2.1,2.25,1.06,0.04,wait,"(1.0, 1.5]","(0.4, 0.6]"
BTC,2026-09-07 03:50:00+00:00,vwap_reversion,1,-1.7360095799199802,0,0.55,0.8,0.14,2.07,2.66,1.08,0.04,wait,"(1.0, 1.5]","(0.4, 0.6]"
BTC,2026-09-07 04:00:00+00:00,vwap_reversion,1,1.0304345152073262,1,0.43,0.76,0.13,2.2,2.4,0.97,0.02,wait,"(-0.1, 1.0]","(0.4, 0.6]"
BTC,2026-09-07 04:30:00+00:00,vwap_reversion,1,0.9559668988080194,1,0.55,0.83,0.14,1.9,2.41,1.05,0.04,wait,"(1.0, 1.5]","(0.4, 0.6]"
BTC,2026-09-07 07:30:00+00:00,vwap_reversion,1,-1.8470382850298679,0,0.53,0.76,0.13,2.09,2.9,1.2,0.03,wait,"(1.0, 1.5]","(0.4, 0.6]"
BTC,2026-09-07 07:40:00+00:00,vwap_reversion,1,1.0496501070169693,1,0.6,0.77,0.14,2.11,2.88,1.11,0.03,wait,"(1.0, 1.5]","(0.4, 0.6]"
BTC,2026-09-07 14:10:00+00:00,vwap_reversion,1,-1.927130554691496,0,0.53,0.78,0.13,0.78,2.85,1.14,0.02,wait,"(1.0, 1.5]","(0.4, 0.6]"
BTC,2026-09-07 14:20:00+00:00,vwap_reversion,1,-1.8914778667627614,0,0.54,0.77,0.14,2.11,2.49,1.15,0.03,wait,"(1.0, 1.5]","(0.4, 0.6]"
BTC,2026-09-07 14:30:00+00:00,vwap_reversion,1,-1.8824099386346678,0,0.58,0.74,0.14,2.93,2.95,1.14,0.03,wait,"(1.0, 1.5]","(0.4, 0.6]"
BTC,2026-09-07 14:40:00+00:00,vwap_reversion,1,0.9471592485906674,1,0.62,0.78,0.14,2.92,2.95,1.25,0.05,wait,"(1.0, 1.5]","(0.6, 0.8]"
BTC,2026-09-07 15:40:00+00:00,vwap_reversion,1,1.0825171980648682,1,0.65,0.76,0.27,2.94,2.98,1.49,0.14,wait,"(1.0, 1.5]","(0.6, 0.8]"
BTC,2026-09-07 15:45:00+00:00,vwap_reversion,1,1.0922702140158407,1,0.51,0.37,0.34,2.94,2.53,1.46,0.11,wait,"(1.0, 1.5]","(0.4, 0.6]"
BTC,2026-09-07 15:55:00+00:00,vwap_reversion,1,1.073645410904747,1,0.65,0.81,0.34,2.92,2.71,1.67,0.17,wait,"(1.5, 2.0]","(0.6, 0.8]"
BTC,2026-09-07 16:05:00+00:00,vwap_reversion,1,1.060922346680619,1,0.43,0.81,0.13,2.99,2.15,0.79,0.01,skip,"(-0.1, 1.0]","(0.4, 0.6]"
BTC,2026-09-07 16:25:00+00:00,vwap_reversion,1,1.0002421870702507,1,0.58,0.35,0.13,3.0,2.44,0.87,0.03,skip,"(-0.1, 1.0]","(0.4, 0.6]"
BTC,2026-09-07 22:40:00+00:00,vwap_reversion,1,0.8837997935382964,1,0.5,0.77,0.14,0.53,2.89,1.24,0.03,wait,"(1.0, 1.5]","(0.4, 0.6]"
BTC,2026-09-08 03:20:00+00:00,vwap_reversion,1,0.9934620217088209,1,0.51,0.79,0.14,2.17,2.55,1.16,0.03,wait,"(1.0, 1.5]","(0.4, 0.6]"
BTC,2026-09-08 03:25:00+00:00,vwap_reversion,1,0.9971768538354983,1,0.6,0.79,0.14,2.04,2.88,1.2,0.03,wait,"(1.0, 1.5]","(0.4, 0.6]"
BTC,2026-09-08 04:10:00+00:00,vwap_reversion,1,-1.9035102610464103,0,0.51,0.81,0.13,2.94,2.34,0.97,0.02,wait,"(-0.1, 1.0]","(0.4, 0.6]"
BTC,2026-09-08 04:25:00+00:00,vwap_reversion,1,-1.9106774288605857,0,0.41,0.82,0.13,2.93,2.1,0.75,0.01,skip,"(-0.1, 1.0]","(0.4, 0.6]"
BTC,2026-09-08 04:40:00+00:00,vwap_reversion,1,-1.9355652681765032,0,0.41,0.82,0.13,2.93,2.08,0.78,0.02,skip,"(-0.1, 1.0]","(0.4, 0.6]"
BTC,2026-09-08 05:00:00+00:00,vwap_reversion,1,0.9801507622180312,1,0.62,0.64,0.13,2.95,2.99,1.16,0.04,wait,"(1.0, 1.5]","(0.6, 0.8]"
BTC,2026-09-08 05:05:00+00:00,vwap_reversion,1,0.9987514163091249,1,0.66,0.78,0.13,2.94,2.68,1.28,0.07,wait,"(1.0, 1.5]","(0.6, 0.8]"
BTC,2026-09-08 06:00:00+00:00,vwap_reversion,1,-1.7374684227211605,0,0.6,0.65,0.14,2.96,3.0,1.22,0.05,wait,"(1.0, 1.5]","(0.4, 0.6]"
BTC,2026-09-08 06:20:00+00:00,vwap_reversion,1,-1.6641519611030875,0,0.63,0.78,0.35,2.92,2.92,1.64,0.13,wait,"(1.5, 2.0]","(0.6, 0.8]"
BTC,2026-09-08 06:35:00+00:00,vwap_reversion,1,-1.698547470037133,0,0.48,0.79,0.3,2.96,2.32,1.41,0.08,wait,"(1.0, 1.5]","(0.4, 0.6]"
BTC,2026-09-08 06:40:00+00:00,vwap_reversion,1,-1.7125028782163934,0,0.66,0.78,0.13,2.94,2.68,1.28,0.07,wait,"(1.0, 1.5]","(0.6, 0.8]"
BTC,2026-09-08 07:00:00+00:00,vwap_reversion,1,1.073655903629043,1,0.52,0.67,0.3,3.0,2.98,1.32,0.07,wait,"(1.0, 1.5]","(0.4, 0.6]"
BTC,2026-09-08 11:10:00+00:00,vwap_reversion,1,0.9830068023412921,1,0.52,0.84,0.14,1.69,2.51,1.08,0.03,wait,"(1.0, 1.5]","(0.4, 0.6]"
BTC,2026-09-08 13:40:00+00:00,vwap_reversion,1,-1.5460512791936616,0,0.64,0.68,0.3,1.75,3.0,1.79,0.14,wait,"(1.5, 2.0]","(0.6, 0.8]"
BTC,2026-09-08 13:45:00+00:00,vwap_reversion,1,-1.5326468342756514,0,0.66,0.79,0.29,2.88,2.97,1.54,0.16,wait,"(1.5, 2.0]","(0.6, 0.8]"
BTC,2026-09-08 13:50:00+00:00,vwap_reversion,1,1.185854168057467,1,0.68,0.67,0.33,2.89,3.0,1.63,0.15,wait,"(1.5, 2.0]","(0.6, 0.8]"
BTC,2026-09-09 03:25:00+00:00,vwap_reversion,1,0.7281495162514281,1,0.67,0.27,0.15,0.71,2.8,1.37,0.08,wait,"(1.0, 1.5]","(0.6, 0.8]"
BTC,2026-09-09 03:35:00+00:00,vwap_reversion,1,0.6523925964817128,1,0.57,0.2,0.14,0.73,2.32,1.05,0.05,wait,"(1.0, 1.5]","(0.4, 0.6]"
BTC,2026-09-09 11:00:00+00:00,vwap_reversion,1,1.04993842342383,1,0.5,0.78,0.14,2.08,2.31,1.14,0.04,wait,"(1.0, 1.5]","(0.4, 0.6]"
BTC,2026-09-09 11:05:00+00:00,vwap_reversion,1,1.047349494754818,1,0.46,0.8,0.14,2.14,2.15,1.12,0.02,wait,"(1.0, 1.5]","(0.4, 0.6]"
BTC,2026-09-09 15:05:00+00:00,vwap_reversion,1,-1.3176344014115435,0,0.51,0.4,0.88,0.47,2.82,2.04,0.19,wait,"(2.0, 2.5]","(0.4, 0.6]"
BTC,2026-09-09 15:10:00+00:00,vwap_reversion,1,-1.3024982042492255,0,0.66,0.45,0.85,0.69,2.92,2.02,0.26,wait,"(2.0, 2.5]","(0.6, 0.8]"
BTC,2026-09-09 15:15:00+00:00,vwap_reversion,1,-1.30720776818366,0,0.49,0.46,0.85,2.23,2.8,1.59,0.07,wait,"(1.5, 2.0]","(0.4, 0.6]"
BTC,2026-09-09 19:05:00+00:00,vwap_reversion,1,0.9971170701981668,1,0.65,0.21,0.14,2.05,2.46,1.16,0.05,wait,"(1.0, 1.5]","(0.6, 0.8]"
BTC,2026-09-09 19:50:00+00:00,vwap_reversion,1,-1.7921906481595673,0,0.49,0.28,0.13,2.16,2.14,1.05,0.02,wait,"(1.0, 1.5]","(0.4, 0.6]"
BTC,2026-09-09 19:55:00+00:00,vwap_reversion,1,-1.824420491352706,0,0.64,0.12,0.14,2.04,2.45,1.16,0.04,wait,"(1.0, 1.5]","(0.6, 0.8]"
BTC,2026-09-09 20:20:00+00:00,vwap_reversion,1,-1.8314889364131082,0,0.52,0.27,0.14,2.99,2.38,0.95,0.02,skip,"(-0.1, 1.0]","(0.4, 0.6]"
BTC,2026-09-09 20:25:00+00:00,vwap_reversion,1,1.0578593156467426,1,0.61,0.22,0.14,2.99,2.99,1.11,0.04,wait,"(1.0, 1.5]","(0.6, 0.8]"
BTC,2026-09-09 22:15:00+00:00,vwap_reversion,1,1.1307406847602173,1,0.35,0.88,0.3,2.93,2.11,0.99,0.03,wait,"(-0.1, 1.0]","(0.2, 0.4]"
BTC,2026-09-10 07:35:00+00:00,vwap_reversion,1,0.9903737490898609,1,0.48,0.86,0.14,0.77,2.46,1.19,0.04,wait,"(1.0, 1.5]","(0.4, 0.6]"
BTC,2026-09-10 07:40:00+00:00,vwap_reversion,1,0.9824040632540092,1,0.58,0.86,0.14,0.76,2.48,1.19,0.1,wait,"(1.0, 1.5]","(0.4, 0.6]"
BTC,2026-09-10 09:40:00+00:00,vwap_reversion,1,-1.9171179809499268,0,0.53,0.85,0.14,1.64,2.91,1.2,0.07,wait,"(1.0, 1.5]","(0.4, 0.6]"
BTC,2026-09-10 10:30:00+00:00,vwap_reversion,1,0.9161100094557331,1,0.38,0.85,0.13,2.93,2.08,0.82,0.02,skip,"(-0.1, 1.0]","(0.2, 0.4]"
BTC,2026-09-10 12:20:00+00:00,vwap_reversion,1,-1.7400907233686418,0,0.55,0.78,0.14,2.93,2.74,0.95,0.03,wait,"(-0.1, 1.0]","(0.4, 0.6]"
BTC,2026-09-10 12:45:00+00:00,vwap_reversion,1,-1.3926459176452999,0,0.63,0.33,0.36,2.96,3.0,1.72,0.12,wait,"(1.5, 2.0]","(0.6, 0.8]"
BTC,2026-09-10 12:55:00+00:00,vwap_reversion,1,1.2627676067385047,1,0.65,0.39,0.34,2.95,2.99,1.7,0.16,wait,"(1.5, 2.0]","(0.6, 0.8]"
BTC,2026-09-10 13:05:00+00:00,vwap_reversion,1,-1.3794464110396456,0,0.54,0.37,0.28,2.99,2.57,1.26,0.06,wait,"(1.0, 1.5]","(0.4, 0.6]"
BTC,2026-09-10 13:25:00+00:00,vwap_reversion,1,1.261444805796585,1,0.48,0.37,0.33,2.99,1.87,1.33,0.09,wait,"(1.0, 1.5]","(0.4, 0.6]"
BTC,2026-09-10 13:30:00+00:00,vwap_reversion,1,1.2623984015910938,1,0.62,0.4,0.3,2.99,2.82,1.58,0.18,wait,"(1.5, 2.0]","(0.6, 0.8]"
BTC,2026-09-10 22:35:00+00:00,vwap_reversion,1,-2.029538962632651,0,0.53,0.27,0.14,2.95,2.48,1.05,0.03,skip,"(1.0, 1.5]","(0.4, 0.6]"
BTC,2026-09-10 22:40:00+00:00,vwap_reversion,1,-2.0180172474361915,0,0.54,0.18,0.14,2.94,2.51,1.08,0.03,wait,"(1.0, 1.5]","(0.4, 0.6]"
BTC,2026-09-10 23:00:00+00:00,vwap_reversion,1,-1.8824164667891836,0,0.63,0.28,0.14,2.93,2.95,1.14,0.04,wait,"(1.0, 1.5]","(0.6, 0.8]"
BTC,2026-09-10 23:05:00+00:00,vwap_reversion,1,-1.7561262739628116,0,0.52,0.77,0.13,2.95,2.89,1.06,0.02,wait,"(1.0, 1.5]","(0.4, 0.6]"
BTC,2026-09-10 23:15:00+00:00,vwap_reversion,1,-1.6187238966876896,0,0.45,0.63,0.29,3.0,2.81,1.25,0.05,wait,"(1.0, 1.5]","(0.4, 0.6]"
BTC,2026-09-11 11:10:00+00:00,vwap_reversion,1,0.8720883608007619,1,0.56,0.83,0.13,2.06,2.41,1.07,0.03,wait,"(1.0, 1.5]","(0.4, 0.6]"
BTC,2026-09-11 11:15:00+00:00,vwap_reversion,1,0.8742974774879664,1,0.48,0.83,0.13,2.16,2.08,1.02,0.02,wait,"(1.0, 1.5]","(0.4, 0.6]"
BTC,2026-09-11 18:05:00+00:00,vwap_reversion,1,1.2522066756153512,1,0.68,0.87,0.34,2.05,2.96,1.72,0.22,wait,"(1.5, 2.0]","(0.6, 0.8]"
BTC,2026-09-11 18:10:00+00:00,vwap_reversion,1,1.247842949990523,1,0.67,0.84,0.29,2.13,2.79,1.61,0.18,wait,"(1.5, 2.0]","(0.6, 0.8]"
BTC,2026-09-11 18:20:00+00:00,vwap_reversion,1,-1.4103171097822627,0,0.52,0.85,0.31,2.11,2.17,1.41,0.07,wait,"(1.0, 1.5]","(0.4, 0.6]"
BTC,2026-09-11 18:25:00+00:00,vwap_reversion,1,-1.4185158261548976,0,0.42,0.13,0.24,2.15,1.9,1.09,0.04,wait,"(1.0, 1.5]","(0.4, 0.6]"
BTC,2026-09-12 05:05:00+00:00,vwap_reversion,1,-0.014641015447060444,1,0.39,0.18,0.13,0.9,2.15,0.71,0.01,skip,"(-0.1, 1.0]","(0.2, 0.4]"
BTC,2026-09-12 17:40:00+00:00,vwap_reversion,1,-3.7229300094994926,0,0.5,0.3,0.15,2.17,2.36,1.08,0.02,wait,"(1.0, 1.5]","(0.4, 0.6]"
BTC,2026-09-12 17:50:00+00:00,vwap_reversion,1,-3.6660317705865197,0,0.66,0.83,0.13,2.12,2.9,1.28,0.05,wait,"(1.0, 1.5]","(0.6, 0.8]"
BTC,2026-09-12 18:35:00+00:00,vwap_reversion,1,-3.1839088546517686,0,0.55,0.8,0.14,2.94,2.12,0.98,0.02,skip,"(-0.1, 1.0]","(0.4, 0.6]"
BTC,2026-09-13 03:55:00+00:00,vwap_reversion,1,-0.43829624706346393,1,0.4,0.27,0.14,0.89,2.25,0.84,0.01,skip,"(-0.1, 1.0]","(0.2, 0.4]"
BTC,2026-09-13 06:55:00+00:00,vwap_reversion,1,-0.11621704734540522,1,0.62,0.64,0.14,0.31,3.0,1.4,0.06,wait,"(1.0, 1.5]","(0.6, 0.8]"
BTC,2026-09-13 07:00:00+00:00,vwap_reversion,1,-3.416854740884606,0,0.4,0.81,0.14,1.0,2.2,1.07,0.02,wait,"(1.0, 1.5]","(0.2, 0.4]"
BTC,2026-09-13 07:25:00+00:00,vwap_reversion,1,-3.8628229185443907,0,0.45,0.83,0.14,2.11,2.15,0.99,0.02,wait,"(-0.1, 1.0]","(0.4, 0.6]"
BTC,2026-09-13 07:30:00+00:00,vwap_reversion,1,-3.844459068851369,0,0.66,0.3,0.14,2.03,2.61,1.2,0.05,wait,"(1.0, 1.5]","(0.6, 0.8]"
BTC,2026-09-13 07:35:00+00:00,vwap_reversion,1,-0.2587653015016169,1,0.64,0.86,0.14,2.06,2.83,1.28,0.05,wait,"(1.0, 1.5]","(0.6, 0.8]"
BTC,2026-09-13 07:55:00+00:00,vwap_reversion,1,-0.08753733823397841,1,0.54,0.82,0.13,2.08,2.52,0.91,0.04,wait,"(-0.1, 1.0]","(0.4, 0.6]"
BTC,2026-09-13 08:10:00+00:00,vwap_reversion,1,-3.0692943546518587,0,0.52,0.81,0.14,2.18,2.22,1.17,0.03,wait,"(1.0, 1.5]","(0.4, 0.6]"
BTC,2026-09-13 08:40:00+00:00,vwap_reversion,1,-2.3241823091516807,0,0.48,0.33,0.14,2.95,2.96,1.09,0.03,wait,"(1.0, 1.5]","(0.4, 0.6]"
BTC,2026-09-13 08:45:00+00:00,vwap_reversion,1,-2.2944613430464895,0,0.65,0.4,0.14,2.95,2.83,1.23,0.1,skip,"(1.0, 1.5]","(0.6, 0.8]"
BTC,2026-09-13 08:55:00+00:00,vwap_reversion,1,-2.27711097409177,0,0.61,0.37,0.14,2.91,2.91,1.25,0.05,wait,"(1.0, 1.5]","(0.6, 0.8]"
BTC,2026-09-13 09:10:00+00:00,vwap_reversion,1,-2.32338581936269,0,0.5,0.36,0.13,2.99,2.51,0.94,0.01,skip,"(-0.1, 1.0]","(0.4, 0.6]"
BTC,2026-09-13 09:20:00+00:00,vwap_reversion,1,-2.1675014764322635,0,0.49,0.33,0.13,2.99,2.74,1.02,0.02,wait,"(1.0, 1.5]","(0.4, 0.6]"
BTC,2026-09-13 09:25:00+00:00,vwap_reversion,1,-2.0831966174339183,0,0.53,0.36,0.13,2.99,2.63,1.04,0.02,wait,"(1.0, 1.5]","(0.4, 0.6]"
BTC,2026-09-13 10:55:00+00:00,vwap_reversion,1,-2.2327521563519883,0,0.44,0.33,0.13,2.95,2.36,0.83,0.01,skip,"(-0.1, 1.0]","(0.4, 0.6]"
BTC,2026-09-13 22:05:00+00:00,vwap_reversion,1,-2.1346067777361633,0,0.47,0.65,0.14,0.21,2.85,1.15,0.03,wait,"(1.0, 1.5]","(0.4, 0.6]"
BTC,2026-09-13 22:15:00+00:00,vwap_reversion,1,-1.9542933967669032,0,0.49,0.61,0.13,2.07,2.93,1.12,0.03,wait,"(1.0, 1.5]","(0.4, 0.6]"
BTC,2026-09-13 22:20:00+00:00,vwap_reversion,1,-1.9388723262815002,0,0.62,0.3,0.15,2.1,3.0,1.36,0.04,wait,"(1.0, 1.5]","(0.6, 0.8]"
BTC,2026-09-13 22:25:00+00:00,vwap_reversion,1,-1.9002294536903692,0,0.62,0.34,0.14,2.14,2.98,1.26,0.05,wait,"(1.0, 1.5]","(0.6, 0.8]"
BTC,2026-09-13 22:30:00+00:00,vwap_reversion,1,-1.8436680969678716,0,0.59,0.3,0.14,2.9,3.0,1.21,0.05,skip,"(1.0, 1.5]","(0.4, 0.6]"
BTC,2026-09-13 22:35:00+00:00,vwap_reversion,1,-1.8430931023103725,0,0.6,0.33,0.14,2.91,2.97,1.17,0.04,wait,"(1.0, 1.5]","(0.4, 0.6]"
BTC,2026-09-13 22:45:00+00:00,vwap_reversion,1,-1.834675266977414,0,0.65,0.32,0.14,2.9,3.0,1.29,0.07,wait,"(1.0, 1.5]","(0.6, 0.8]"
BTC,2026-09-13 22:50:00+00:00,vwap_reversion,1,-1.826654240614148,0,0.61,0.31,0.13,2.92,2.99,1.24,0.06,wait,"(1.0, 1.5]","(0.6, 0.8]"
BTC,2026-09-13 22:55:00+00:00,vwap_reversion,1,-1.8237995430137446,0,0.51,0.31,0.14,2.93,2.64,1.04,0.02,wait,"(1.0, 1.5]","(0.4, 0.6]"
BTC,2026-09-13 23:00:00+00:00,vwap_reversion,1,-1.829845937138508,0,0.45,0.33,0.14,2.92,2.39,1.05,0.03,skip,"(1.0, 1.5]","(0.4, 0.6]"
BTC,2026-09-13 23:25:00+00:00,vwap_reversion,1,0.980373393297557,1,0.52,0.36,0.14,2.91,2.33,0.9,0.02,skip,"(-0.1, 1.0]","(0.4, 0.6]"
BTC,2026-09-15 03:55:00+00:00,vwap_reversion,1,-2.0154948976779457,0,0.54,0.27,0.14,2.99,2.39,0.97,0.02,wait,"(-0.1, 1.0]","(0.4, 0.6]"
BTC,2026-09-15 04:25:00+00:00,vwap_reversion,1,-2.0119157118528173,0,0.38,0.25,0.14,2.99,1.9,0.74,0.01,skip,"(-0.1, 1.0]","(0.2, 0.4]"
BTC,2026-09-15 04:30:00+00:00,vwap_reversion,1,-1.9711408309128866,0,0.47,0.25,0.14,2.99,2.14,0.95,0.01,skip,"(-0.1, 1.0]","(0.4, 0.6]"
BTC,2026-09-15 04:35:00+00:00,vwap_reversion,1,-1.9823246176160536,0,0.63,0.2,0.13,2.99,2.51,1.08,0.03,skip,"(1.0, 1.5]","(0.6, 0.8]"
BTC,2026-09-15 04:50:00+00:00,vwap_reversion,1,-2.0611403532794217,0,0.38,0.18,0.14,2.99,2.04,0.7,0.01,skip,"(-0.1, 1.0]","(0.2, 0.4]"
BTC,2026-09-15 05:10:00+00:00,vwap_reversion,1,-1.9135086299207815,0,0.45,0.76,0.13,2.99,2.7,0.96,0.01,skip,"(-0.1, 1.0]","(0.4, 0.6]"
BTC,2026-09-15 05:35:00+00:00,vwap_reversion,1,0.9395584600895764,1,0.39,0.27,0.14,2.99,2.0,0.73,0.01,skip,"(-0.1, 1.0]","(0.2, 0.4]"
BTC,2026-09-15 06:55:00+00:00,vwap_reversion,1,-1.896783249183634,0,0.39,0.82,0.12,2.94,2.25,0.77,0.01,skip,"(-0.1, 1.0]","(0.2, 0.4]"
BTC,2026-09-15 07:00:00+00:00,vwap_reversion,1,-1.9017025696778918,0,0.55,0.86,0.13,2.99,2.71,0.98,0.03,skip,"(-0.1, 1.0]","(0.4, 0.6]"
BTC,2026-09-15 07:05:00+00:00,vwap_reversion,1,-1.8562734590145005,0,0.53,0.82,0.15,2.99,2.52,0.88,0.03,wait,"(-0.1, 1.0]","(0.4, 0.6]"
BTC,2026-09-15 07:35:00+00:00,vwap_reversion,1,-1.8019893989464895,0,0.51,0.8,0.14,2.99,2.82,1.09,0.03,wait,"(1.0, 1.5]","(0.4, 0.6]"
BTC,2026-09-15 07:55:00+00:00,vwap_reversion,1,-1.7974193113911947,0,0.65,0.86,0.13,2.99,2.95,1.21,0.07,wait,"(1.0, 1.5]","(0.6, 0.8]"
BTC,2026-09-15 08:05:00+00:00,vwap_reversion,1,1.0160454964871406,1,0.51,0.86,0.13,2.99,2.53,1.08,0.03,wait,"(1.0, 1.5]","(0.4, 0.6]"
BTC,2026-09-15 08:10:00+00:00,vwap_reversion,1,-1.7638399224396242,0,0.64,0.86,0.14,2.99,2.98,1.26,0.08,wait,"(1.0, 1.5]","(0.6, 0.8]"
BTC,2026-09-15 08:15:00+00:00,vwap_reversion,1,1.034968455512622,1,0.64,0.79,0.15,2.99,2.93,1.21,0.05,wait,"(1.0, 1.5]","(0.6, 0.8]"
BTC,2026-09-15 08:25:00+00:00,vwap_reversion,1,1.0281606074229943,1,0.63,0.87,0.14,2.99,2.56,1.15,0.04,wait,"(1.0, 1.5]","(0.6, 0.8]"
BTC,2026-09-15 08:30:00+00:00,vwap_reversion,1,1.0104755685364282,1,0.44,0.83,0.13,2.99,2.22,0.97,0.02,skip,"(-0.1, 1.0]","(0.4, 0.6]"
BTC,2026-09-15 08:35:00+00:00,vwap_reversion,1,0.9935957061524983,1,0.63,0.82,0.13,2.99,2.44,1.1,0.04,wait,"(1.0, 1.5]","(0.6, 0.8]"
BTC,2026-09-15 13:45:00+00:00,vwap_reversion,1,-1.4455452649719862,0,0.48,0.31,0.3,2.96,2.9,1.31,0.05,wait,"(1.0, 1.5]","(0.4, 0.6]"
BTC,2026-09-15 13:50:00+00:00,vwap_reversion,1,1.2231967218924154,1,0.52,0.33,0.31,2.94,2.9,1.36,0.07,wait,"(1.0, 1.5]","(0.4, 0.6]"
BTC,2026-09-15 14:40:00+00:00,vwap_reversion,1,-1.3705875914878878,0,0.64,0.33,0.28,2.93,3.0,1.5,0.16,wait,"(1.0, 1.5]","(0.6, 0.8]"
BTC,2026-09-15 14:50:00+00:00,vwap_reversion,1,1.280918868335039,1,0.48,0.36,0.85,2.99,2.86,1.69,0.12,wait,"(1.5, 2.0]","(0.4, 0.6]"
BTC,2026-09-15 14:55:00+00:00,vwap_reversion,1,1.2805480069448827,1,0.66,0.39,0.33,2.99,2.91,1.66,0.24,wait,"(1.5, 2.0]","(0.6, 0.8]"
BTC,2026-09-15 21:55:00+00:00,vwap_reversion,1,-1.4357924700045146,0,0.5,0.13,0.23,2.96,2.18,1.25,0.05,wait,"(1.0, 1.5]","(0.4, 0.6]"
BTC,2026-09-15 22:00:00+00:00,vwap_reversion,1,-1.4287411186378518,0,0.41,0.12,0.25,2.93,2.43,0.96,0.03,wait,"(-0.1, 1.0]","(0.4, 0.6]"
BTC,2026-09-15 22:10:00+00:00,vwap_reversion,1,-1.4418304048621002,0,0.66,0.3,0.29,2.9,2.58,1.57,0.15,wait,"(1.5, 2.0]","(0.6, 0.8]"
BTC,2026-09-15 22:20:00+00:00,vwap_reversion,1,1.226348668524722,1,0.48,0.12,0.25,2.9,2.15,1.33,0.05,wait,"(1.0, 1.5]","(0.4, 0.6]"
BTC,2026-09-16 08:05:00+00:00,vwap_reversion,1,-1.7976870188959833,0,0.48,0.79,0.14,0.62,2.86,1.12,0.03,wait,"(1.0, 1.5]","(0.4, 0.6]"
BTC,2026-09-16 08:15:00+00:00,vwap_reversion,1,-1.7418997114331187,0,0.61,0.86,0.14,2.08,2.87,1.26,0.05,wait,"(1.0, 1.5]","(0.6, 0.8]"
BTC,2026-09-16 08:25:00+00:00,vwap_reversion,1,1.0624399081814395,1,0.68,0.88,0.31,2.13,2.89,1.61,0.21,wait,"(1.5, 2.0]","(0.6, 0.8]"
BTC,2026-09-16 14:00:00+00:00,vwap_reversion,1,-1.5075135324597295,0,0.41,0.37,0.29,1.92,2.3,1.12,0.07,wait,"(1.0, 1.5]","(0.4, 0.6]"
BTC,2026-09-16 14:05:00+00:00,vwap_reversion,1,-1.5020795685055113,0,0.37,0.37,0.25,1.95,2.34,0.84,0.03,wait,"(-0.1, 1.0]","(0.2, 0.4]"
BTC,2026-09-16 14:10:00+00:00,vwap_reversion,1,1.1866012143105384,1,0.51,0.38,0.31,2.07,2.36,1.1,0.06,wait,"(1.0, 1.5]","(0.4, 0.6]"
BTC,2026-09-16 17:40:00+00:00,vwap_reversion,1,1.1009914262325442,1,0.72,0.88,0.31,1.6,2.9,2.06,0.36,wait,"(2.0, 2.5]","(0.6, 0.8]"
BTC,2026-09-17 04:25:00+00:00,vwap_reversion,1,0.8644540022916106,1,0.64,0.18,0.14,0.6,2.76,1.25,0.05,wait,"(1.0, 1.5]","(0.6, 0.8]"
BTC,2026-09-17 10:20:00+00:00,vwap_reversion,1,0.8587762720295322,1,0.52,0.33,0.13,0.57,2.16,1.11,0.03,wait,"(1.0, 1.5]","(0.4, 0.6]"
BTC,2026-09-17 10:30:00+00:00,vwap_reversion,1,-2.0786316623333674,0,0.63,0.33,0.14,0.52,2.57,1.23,0.04,wait,"(1.0, 1.5]","(0.6, 0.8]"
BTC,2026-09-17 10:45:00+00:00,vwap_reversion,1,0.820169143699939,1,0.65,0.86,0.14,2.05,2.7,1.32,0.06,wait,"(1.0, 1.5]","(0.6, 0.8]"
BTC,2026-09-17 21:55:00+00:00,vwap_reversion,1,-2.4777710056158155,0,0.56,0.19,0.13,2.06,2.42,1.1,0.04,wait,"(1.0, 1.5]","(0.4, 0.6]"
BTC,2026-09-17 22:00:00+00:00,vwap_reversion,1,-2.4347231652137773,0,0.52,0.22,0.14,2.13,2.42,1.13,0.03,wait,"(1.0, 1.5]","(0.4, 0.6]"
BTC,2026-09-17 22:25:00+00:00,vwap_reversion,1,0.6843536085501821,1,0.53,0.18,0.14,2.11,2.82,1.12,0.02,wait,"(1.0, 1.5]","(0.4, 0.6]"
BTC,2026-09-17 22:30:00+00:00,vwap_reversion,1,0.6774041244591098,1,0.68,0.19,0.13,2.15,2.57,1.25,0.12,skip,"(1.0, 1.5]","(0.6, 0.8]"
BTC,2026-09-19 20:55:00+00:00,vwap_reversion,1,-2.3816310775186356,0,0.65,0.3,0.14,2.13,2.87,1.25,0.06,wait,"(1.0, 1.5]","(0.6, 0.8]"
BTC,2026-09-19 21:15:00+00:00,vwap_reversion,1,-2.2051920905826585,0,0.64,0.82,0.13,2.93,2.92,1.14,0.05,wait,"(1.0, 1.5]","(0.6, 0.8]"
BTC,2026-09-19 21:20:00+00:00,vwap_reversion,1,-2.11951824697003,0,0.63,0.85,0.14,2.94,2.93,1.14,0.06,wait,"(1.0, 1.5]","(0.6, 0.8]"
BTC,2026-09-19 21:25:00+00:00,vwap_reversion,1,-2.1397094369940937,0,0.53,0.83,0.13,2.94,2.4,1.1,0.04,skip,"(1.0, 1.5]","(0.4, 0.6]"
BTC,2026-09-19 21:35:00+00:00,vwap_reversion,1,-2.0618193141496395,0,0.54,0.85,0.13,2.89,2.52,0.9,0.03,skip,"(-0.1, 1.0]","(0.4, 0.6]"
BTC,2026-09-19 21:40:00+00:00,vwap_reversion,1,0.8275075117268221,1,0.5,0.82,0.14,2.92,2.11,0.99,0.02,wait,"(-0.1, 1.0]","(0.4, 0.6]"
BTC,2026-09-20 01:35:00+00:00,vwap_reversion,1,-2.450977918823566,0,0.5,0.25,0.14,2.1,2.66,0.95,0.03,wait,"(-0.1, 1.0]","(0.4, 0.6]"
BTC,2026-09-20 01:45:00+00:00,vwap_reversion,1,0.5975977645742195,1,0.54,0.83,0.15,2.02,2.32,0.98,0.03,wait,"(-0.1, 1.0]","(0.4, 0.6]"
BTC,2026-09-20 02:45:00+00:00,vwap_reversion,1,-1.835224177878609,0,0.61,0.61,0.13,2.9,3.0,1.2,0.05,wait,"(1.0, 1.5]","(0.6, 0.8]"
BTC,2026-09-20 02:50:00+00:00,vwap_reversion,1,-1.714198675689977,0,0.47,0.28,0.14,2.93,2.9,1.12,0.03,wait,"(1.0, 1.5]","(0.4, 0.6]"
BTC,2026-09-20 03:00:00+00:00,vwap_reversion,1,-1.6199789353634524,0,0.63,0.31,0.32,3.0,3.0,1.59,0.15,wait,"(1.5, 2.0]","(0.6, 0.8]"
BTC,2026-09-20 03:15:00+00:00,vwap_reversion,1,-1.5266515539680434,0,0.44,0.32,0.32,2.99,2.83,1.29,0.06,wait,"(1.0, 1.5]","(0.4, 0.6]"
BTC,2026-09-20 03:20:00+00:00,vwap_reversion,1,-1.5332663546210161,0,0.22,0.3,0.3,2.99,1.93,0.54,0.01,skip,"(-0.1, 1.0]","(0.2, 0.4]"
BTC,2026-09-20 03:30:00+00:00,vwap_reversion,1,1.1496519897382353,1,0.6,0.37,0.29,2.99,2.64,1.4,0.12,wait,"(1.0, 1.5]","(0.4, 0.6]"
BTC,2026-09-20 06:55:00+00:00,vwap_reversion,1,0.9791285967002017,1,0.52,0.81,0.13,2.91,2.51,0.91,0.03,wait,"(-0.1, 1.0]","(0.4, 0.6]"
BTC,2026-09-20 08:50:00+00:00,vwap_reversion,1,0.7518223433573881,1,0.45,0.26,0.13,2.95,2.19,0.85,0.02,skip,"(-0.1, 1.0]","(0.4, 0.6]"
BTC,2026-09-20 08:55:00+00:00,vwap_reversion,1,0.7214637541092116,1,0.36,0.2,0.13,2.94,2.07,0.7,0.01,skip,"(-0.1, 1.0]","(0.2, 0.4]"
BTC,2026-09-21 01:55:00+00:00,vwap_reversion,1,1.2555653246079748,1,0.53,0.38,0.35,0.33,2.92,1.63,0.07,wait,"(1.5, 2.0]","(0.4, 0.6]"
BTC,2026-09-22 00:50:00+00:00,vwap_reversion,1,-1.5847911055992217,0,0.45,0.88,0.29,0.31,2.1,1.47,0.09,wait,"(1.0, 1.5]","(0.4, 0.6]"
BTC,2026-09-22 01:05:00+00:00,vwap_reversion,1,-1.474789701171767,0,0.57,0.87,0.29,1.78,2.6,1.41,0.15,wait,"(1.0, 1.5]","(0.4, 0.6]"
BTC,2026-09-22 01:10:00+00:00,vwap_reversion,1,-1.4718908881603767,0,0.5,0.86,0.33,1.92,2.19,1.38,0.07,wait,"(1.0, 1.5]","(0.4, 0.6]"
BTC,2026-09-22 01:15:00+00:00,vwap_reversion,1,-1.4179438693193254,0,0.5,0.79,0.26,1.88,2.47,1.38,0.07,wait,"(1.0, 1.5]","(0.4, 0.6]"
BTC,2026-09-22 01:20:00+00:00,vwap_reversion,1,-1.4196040736319018,0,0.5,0.81,0.28,1.95,2.27,1.35,0.07,wait,"(1.0, 1.5]","(0.4, 0.6]"
BTC,2026-09-22 01:25:00+00:00,vwap_reversion,1,-1.4199694897854647,0,0.4,0.36,0.31,1.82,1.92,1.04,0.02,wait,"(1.0, 1.5]","(0.2, 0.4]"
BTC,2026-09-22 01:40:00+00:00,vwap_reversion,1,-1.4474440297183904,0,0.44,0.32,0.26,1.87,2.2,1.07,0.03,wait,"(1.0, 1.5]","(0.4, 0.6]"
BTC,2026-09-22 01:50:00+00:00,vwap_reversion,1,-1.4688311534199094,0,0.39,0.34,0.29,2.01,1.09,1.1,0.05,wait,"(1.0, 1.5]","(0.2, 0.4]"
BTC,2026-09-22 01:55:00+00:00,vwap_reversion,1,-1.4758917188945753,0,0.56,0.34,0.34,1.79,2.16,1.25,0.07,wait,"(1.0, 1.5]","(0.4, 0.6]"
BTC,2026-09-22 02:10:00+00:00,vwap_reversion,1,-1.4439728517410522,0,0.49,0.67,0.29,2.08,2.34,1.08,0.05,wait,"(1.0, 1.5]","(0.4, 0.6]"
BTC,2026-09-22 02:15:00+00:00,vwap_reversion,1,-1.4482672608525708,0,0.49,0.83,0.27,2.09,1.53,1.06,0.03,wait,"(1.0, 1.5]","(0.4, 0.6]"
BTC,2026-09-22 03:10:00+00:00,vwap_reversion,1,-1.5208831032440433,0,0.48,0.85,0.27,1.8,1.84,1.25,0.05,wait,"(1.0, 1.5]","(0.4, 0.6]"
BTC,2026-09-22 03:15:00+00:00,vwap_reversion,1,-1.5193989118755993,0,0.46,0.84,0.31,1.83,2.01,1.54,0.12,wait,"(1.5, 2.0]","(0.4, 0.6]"
BTC,2026-09-22 03:20:00+00:00,vwap_reversion,1,1.180003533684716,1,0.53,0.87,0.28,1.87,2.38,1.65,0.1,wait,"(1.5, 2.0]","(0.4, 0.6]"
BTC,2026-09-22 05:25:00+00:00,vwap_reversion,1,1.0874180542883995,1,0.67,0.23,0.27,2.13,2.55,1.52,0.12,wait,"(1.5, 2.0]","(0.6, 0.8]"
BTC,2026-09-22 05:30:00+00:00,vwap_reversion,1,1.0889473826476974,1,0.7,0.2,0.28,2.08,2.45,1.59,0.13,wait,"(1.5, 2.0]","(0.6, 0.8]"
BTC,2026-09-23 05:55:00+00:00,vwap_reversion,1,-1.6632588239594777,0,0.65,0.83,0.32,0.35,2.63,1.62,0.13,wait,"(1.5, 2.0]","(0.6, 0.8]"
BTC,2026-09-23 06:30:00+00:00,vwap_reversion,1,-1.7782565222879503,0,0.57,0.84,0.14,2.13,2.5,1.06,0.04,wait,"(1.0, 1.5]","(0.4, 0.6]"
BTC,2026-09-23 07:00:00+00:00,vwap_reversion,1,-1.8378472868442504,0,0.54,0.85,0.14,2.06,2.21,1.0,0.03,wait,"(-0.1, 1.0]","(0.4, 0.6]"
BTC,2026-09-23 07:05:00+00:00,vwap_reversion,1,-1.8180200923756213,0,0.53,0.83,0.15,2.06,2.15,0.96,0.02,wait,"(-0.1, 1.0]","(0.4, 0.6]"
BTC,2026-09-23 09:50:00+00:00,vwap_reversion,1,-1.7887130396256847,0,0.52,0.83,0.14,2.91,2.33,0.87,0.02,wait,"(-0.1, 1.0]","(0.4, 0.6]"
BTC,2026-09-23 11:35:00+00:00,vwap_reversion,1,0.9931065083305056,1,0.55,0.3,0.14,2.93,2.26,1.04,0.03,wait,"(1.0, 1.5]","(0.4, 0.6]"
BTC,2026-09-23 11:40:00+00:00,vwap_reversion,1,0.9746574592799595,1,0.46,0.82,0.14,2.94,2.31,1.03,0.02,wait,"(1.0, 1.5]","(0.4, 0.6]"
BTC,2026-09-23 13:05:00+00:00,vwap_reversion,1,1.0162598374044558,1,0.38,0.86,0.13,2.91,2.05,0.88,0.03,wait,"(-0.1, 1.0]","(0.2, 0.4]"
BTC,2026-09-23 14:10:00+00:00,vwap_reversion,1,-1.3750613938508314,0,0.56,0.33,0.31,1.54,2.91,1.79,0.1,wait,"(1.5, 2.0]","(0.4, 0.6]"
BTC,2026-09-23 14:20:00+00:00,vwap_reversion,1,-1.3081482808181046,0,0.54,0.38,0.86,2.95,2.88,1.88,0.12,wait,"(1.5, 2.0]","(0.4, 0.6]"
BTC,2026-09-23 14:30:00+00:00,vwap_reversion,1,-1.271722216397638,0,0.46,0.35,0.84,2.99,2.9,1.63,0.13,wait,"(1.5, 2.0]","(0.4, 0.6]"
BTC,2026-09-23 14:35:00+00:00,vwap_reversion,1,-1.2793876481984623,0,0.68,0.44,0.85,3.0,2.95,1.95,0.3,wait,"(1.5, 2.0]","(0.6, 0.8]"
BTC,2026-09-23 14:45:00+00:00,vwap_reversion,1,1.316567230914672,1,0.68,0.45,0.86,3.0,2.94,1.83,0.25,wait,"(1.5, 2.0]","(0.6, 0.8]"
BTC,2026-09-23 14:55:00+00:00,vwap_reversion,1,-1.2975744629895762,0,0.5,0.42,0.85,2.99,2.38,1.48,0.14,wait,"(1.0, 1.5]","(0.4, 0.6]"
BTC,2026-09-23 15:30:00+00:00,vwap_reversion,1,-1.349554394901232,0,0.46,0.38,0.33,2.93,2.43,1.23,0.08,wait,"(1.0, 1.5]","(0.4, 0.6]"
BTC,2026-09-23 15:45:00+00:00,vwap_reversion,1,-1.374802795537194,0,0.52,0.82,0.26,2.95,2.38,1.29,0.07,wait,"(1.0, 1.5]","(0.4, 0.6]"
BTC,2026-09-23 16:00:00+00:00,vwap_reversion,1,1.2913824862626808,1,0.66,0.39,0.86,2.96,3.0,1.93,0.2,wait,"(1.5, 2.0]","(0.6, 0.8]"
BTC,2026-09-23 16:40:00+00:00,vwap_reversion,1,-1.3852690703663624,0,0.51,0.34,0.33,2.95,2.17,1.23,0.09,wait,"(1.0, 1.5]","(0.4, 0.6]"
BTC,2026-09-23 17:05:00+00:00,vwap_reversion,1,1.2563233427061513,1,0.62,0.34,0.32,2.99,2.23,1.34,0.08,wait,"(1.0, 1.5]","(0.6, 0.8]"
BTC,2026-09-23 17:10:00+00:00,vwap_reversion,1,1.2555410406566418,1,0.62,0.83,0.31,2.99,2.41,1.41,0.1,wait,"(1.0, 1.5]","(0.6, 0.8]"
BTC,2026-09-24 02:10:00+00:00,vwap_reversion,1,1.0911503917473004,1,0.38,0.79,0.31,2.95,2.21,0.97,0.04,wait,"(-0.1, 1.0]","(0.2, 0.4]"
BTC,2026-09-24 03:35:00+00:00,vwap_reversion,1,-1.6935602790321713,0,0.37,0.82,0.33,1.76,2.13,0.93,0.03,wait,"(-0.1, 1.0]","(0.2, 0.4]"
BTC,2026-09-24 03:50:00+00:00,vwap_reversion,1,-1.7367721323275955,0,0.44,0.31,0.13,2.92,2.18,0.82,0.01,skip,"(-0.1, 1.0]","(0.4, 0.6]"
BTC,2026-09-24 04:00:00+00:00,vwap_reversion,1,1.0384429998365983,1,0.53,0.8,0.14,2.95,2.35,1.01,0.03,wait,"(1.0, 1.5]","(0.4, 0.6]"
BTC,2026-09-24 04:15:00+00:00,vwap_reversion,1,1.049660919657396,1,0.48,0.78,0.14,2.94,2.49,0.88,0.02,wait,"(-0.1, 1.0]","(0.4, 0.6]"
BTC,2026-09-24 08:35:00+00:00,vwap_reversion,1,-1.5042577885155728,0,0.63,0.8,0.28,1.78,2.86,1.54,0.17,wait,"(1.5, 2.0]","(0.6, 0.8]"
BTC,2026-09-24 08:55:00+00:00,vwap_reversion,1,-1.4332285267058742,0,0.43,0.37,0.33,2.96,2.34,1.14,0.07,wait,"(1.0, 1.5]","(0.4, 0.6]"
BTC,2026-09-24 09:15:00+00:00,vwap_reversion,1,-1.450268084833774,0,0.58,0.81,0.28,2.91,2.63,1.31,0.12,wait,"(1.0, 1.5]","(0.4, 0.6]"
BTC,2026-09-24 09:40:00+00:00,vwap_reversion,1,1.2617895802520636,1,0.47,0.39,0.31,2.99,2.41,1.25,0.06,wait,"(1.0, 1.5]","(0.4, 0.6]"
BTC,2026-09-24 09:45:00+00:00,vwap_reversion,1,1.2592444979130515,1,0.63,0.38,0.29,3.0,2.72,1.41,0.15,wait,"(1.0, 1.5]","(0.6, 0.8]"
BTC,2026-09-25 02:45:00+00:00,vwap_reversion,1,-1.6611313654333015,0,0.44,0.79,0.3,0.22,2.16,1.58,0.12,wait,"(1.5, 2.0]","(0.4, 0.6]"
BTC,2026-09-25 02:55:00+00:00,vwap_reversion,1,-1.6781785658944037,0,0.73,0.86,0.29,0.26,2.95,1.97,0.23,wait,"(1.5, 2.0]","(0.6, 0.8]"
BTC,2026-09-25 03:00:00+00:00,vwap_reversion,1,-1.6955062396604301,0,0.39,0.31,0.3,0.87,2.11,1.07,0.04,wait,"(1.0, 1.5]","(0.2, 0.4]"
BTC,2026-09-25 03:15:00+00:00,vwap_reversion,1,-1.7097326456520272,0,0.52,0.82,0.14,2.08,2.63,0.96,0.03,wait,"(-0.1, 1.0]","(0.4, 0.6]"
BTC,2026-09-25 07:05:00+00:00,vwap_reversion,1,0.9717202769329026,1,0.48,0.85,0.14,2.14,2.58,1.12,0.02,wait,"(1.0, 1.5]","(0.4, 0.6]"
BTC,2026-09-25 07:10:00+00:00,vwap_reversion,1,0.983475406977655,1,0.62,0.83,0.14,2.1,2.8,1.12,0.03,wait,"(1.0, 1.5]","(0.6, 0.8]"
BTC,2026-09-25 13:30:00+00:00,vwap_reversion,1,1.1862271416399506,1,0.62,0.8,0.27,0.54,2.85,1.61,0.09,wait,"(1.5, 2.0]","(0.6, 0.8]"
BTC,2026-09-25 13:40:00+00:00,vwap_reversion,1,-1.4381154340929374,0,0.65,0.41,0.32,0.64,2.62,1.69,0.15,wait,"(1.5, 2.0]","(0.6, 0.8]"
BTC,2026-09-25 13:45:00+00:00,vwap_reversion,1,1.257527873074242,1,0.48,0.35,0.34,2.18,2.62,1.4,0.07,wait,"(1.0, 1.5]","(0.4, 0.6]"
BTC,2026-09-25 21:05:00+00:00,vwap_reversion,1,-1.895820202088268,0,0.5,0.22,0.14,0.74,2.64,1.02,0.02,wait,"(1.0, 1.5]","(0.4, 0.6]"
BTC,2026-09-26 00:35:00+00:00,vwap_reversion,1,0.5911771622632607,1,0.64,0.23,0.14,0.86,2.9,1.3,0.05,wait,"(1.0, 1.5]","(0.6, 0.8]"
BTC,2026-09-26 13:25:00+00:00,vwap_reversion,1,-2.702209263882477,0,0.63,0.8,0.15,2.07,2.69,1.24,0.05,wait,"(1.0, 1.5]","(0.6, 0.8]"
BTC,2026-09-26 13:35:00+00:00,vwap_reversion,1,0.44032218380300603,1,0.6,0.81,0.14,2.0,2.42,1.09,0.03,wait,"(1.0, 1.5]","(0.4, 0.6]"
BTC,2026-09-26 13:40:00+00:00,vwap_reversion,1,0.3892072315170269,1,0.66,0.79,0.14,1.99,2.65,1.33,0.09,wait,"(1.0, 1.5]","(0.6, 0.8]"
BTC,2026-09-26 13:45:00+00:00,vwap_reversion,1,0.37686964668340023,1,0.46,0.84,0.13,2.07,2.05,1.02,0.03,skip,"(1.0, 1.5]","(0.4, 0.6]"
BTC,2026-09-26 13:50:00+00:00,vwap_reversion,1,0.36109666223992154,1,0.49,0.83,0.15,2.03,2.12,0.87,0.03,skip,"(-0.1, 1.0]","(0.4, 0.6]"
BTC,2026-09-26 14:05:00+00:00,vwap_reversion,1,0.312812199487362,1,0.47,0.87,0.15,2.09,1.98,0.98,0.03,skip,"(-0.1, 1.0]","(0.4, 0.6]"
BTC,2026-09-26 18:55:00+00:00,vwap_reversion,1,-0.5304726207089757,1,0.61,0.12,0.14,0.63,2.71,1.19,0.05,wait,"(1.0, 1.5]","(0.6, 0.8]"
BTC,2026-09-27 15:05:00+00:00,vwap_reversion,1,-1.670651986584616,0,0.48,0.36,0.29,2.16,2.79,1.09,0.05,wait,"(1.0, 1.5]","(0.4, 0.6]"
BTC,2026-09-27 15:10:00+00:00,vwap_reversion,1,-1.6902687941083805,0,0.51,0.4,0.33,2.17,2.22,1.09,0.05,wait,"(1.0, 1.5]","(0.4, 0.6]"
BTC,2026-09-27 21:35:00+00:00,vwap_reversion,1,0.6232434845519823,1,0.38,0.24,0.14,0.53,2.03,0.99,0.02,skip,"(-0.1, 1.0]","(0.2, 0.4]"
BTC,2026-09-27 22:10:00+00:00,vwap_reversion,1,0.9471042349476763,1,0.5,0.74,0.15,0.46,2.65,1.29,0.05,wait,"(1.0, 1.5]","(0.4, 0.6]"
BTC,2026-09-27 22:35:00+00:00,vwap_reversion,1,1.0414843295136227,1,0.51,0.63,0.14,2.11,2.86,1.17,0.03,wait,"(1.0, 1.5]","(0.4, 0.6]"
BTC,2026-09-27 22:45:00+00:00,vwap_reversion,1,1.0081279661969214,1,0.66,0.79,0.14,2.07,2.85,1.2,0.05,wait,"(1.0, 1.5]","(0.6, 0.8]"
BTC,2026-09-28 01:15:00+00:00,vwap_reversion,1,-1.4581838394546411,0,0.51,0.37,0.29,2.96,2.79,1.09,0.08,wait,"(1.0, 1.5]","(0.4, 0.6]"
BTC,2026-09-28 01:35:00+00:00,vwap_reversion,1,-1.4732996457202607,0,0.45,0.38,0.33,2.95,2.28,1.07,0.06,wait,"(1.0, 1.5]","(0.4, 0.6]"
BTC,2026-09-28 01:50:00+00:00,vwap_reversion,1,-1.443597663010875,0,0.39,0.38,0.34,2.95,2.22,0.91,0.04,wait,"(-0.1, 1.0]","(0.2, 0.4]"
BTC,2026-09-28 02:00:00+00:00,vwap_reversion,1,-1.437204937544562,0,0.59,0.33,0.28,2.94,2.99,1.42,0.13,wait,"(1.0, 1.5]","(0.4, 0.6]"
BTC,2026-09-28 02:05:00+00:00,vwap_reversion,1,-1.4437621454192557,0,0.64,0.4,0.35,2.93,2.91,1.55,0.12,wait,"(1.5, 2.0]","(0.6, 0.8]"
BTC,2026-09-28 02:15:00+00:00,vwap_reversion,1,-1.4530479709673336,0,0.41,0.39,0.28,2.94,2.03,0.92,0.05,wait,"(-0.1, 1.0]","(0.4, 0.6]"
BTC,2026-09-28 02:20:00+00:00,vwap_reversion,1,-1.4626256907752764,0,0.54,0.4,0.3,2.94,2.36,1.13,0.06,wait,"(1.0, 1.5]","(0.4, 0.6]"
BTC,2026-09-28 02:55:00+00:00,vwap_reversion,1,-1.542054409451016,0,0.66,0.35,0.28,2.91,2.68,1.55,0.12,wait,"(1.5, 2.0]","(0.6, 0.8]"
BTC,2026-09-28 03:05:00+00:00,vwap_reversion,1,-1.5715850002783165,0,0.66,0.35,0.28,2.92,2.52,1.5,0.09,wait,"(1.0, 1.5]","(0.6, 0.8]"
BTC,2026-09-28 03:10:00+00:00,vwap_reversion,1,-1.5799882745610414,0,0.68,0.83,0.28,2.94,2.66,1.53,0.13,wait,"(1.5, 2.0]","(0.6, 0.8]"
BTC,2026-09-28 03:15:00+00:00,vwap_reversion,1,-1.5866792082464432,0,0.67,0.81,0.27,2.96,2.64,1.5,0.14,wait,"(1.0, 1.5]","(0.6, 0.8]"
BTC,2026-09-28 03:30:00+00:00,vwap_reversion,1,1.1199824294369067,1,0.54,0.77,0.29,2.94,2.38,1.34,0.06,wait,"(1.0, 1.5]","(0.4, 0.6]"
BTC,2026-09-28 03:55:00+00:00,vwap_reversion,1,-1.6262304163640062,0,0.39,0.83,0.25,2.93,2.07,1.06,0.05,wait,"(1.0, 1.5]","(0.2, 0.4]"
BTC,2026-09-28 05:25:00+00:00,vwap_reversion,1,-1.7106167808527966,0,0.59,0.86,0.13,2.99,2.9,1.09,0.03,wait,"(1.0, 1.5]","(0.4, 0.6]"
BTC,2026-09-28 14:50:00+00:00,vwap_reversion,1,1.3007334364902887,1,0.59,0.46,0.85,0.4,2.69,1.86,0.22,wait,"(1.5, 2.0]","(0.4, 0.6]"
BTC,2026-09-28 22:00:00+00:00,vwap_reversion,1,0.9122206012658322,1,0.54,0.23,0.13,2.0,2.87,1.07,0.03,wait,"(1.0, 1.5]","(0.4, 0.6]"
BTC,2026-09-28 22:05:00+00:00,vwap_reversion,1,0.9098113536230592,1,0.58,0.18,0.14,2.03,2.51,1.06,0.03,wait,"(1.0, 1.5]","(0.4, 0.6]"
BTC,2026-09-28 22:20:00+00:00,vwap_reversion,1,0.8624045411046902,1,0.46,0.11,0.13,2.17,2.13,0.89,0.01,skip,"(-0.1, 1.0]","(0.4, 0.6]"
BTC,2026-09-29 01:00:00+00:00,vwap_reversion,1,-1.8515604213192425,0,0.62,0.21,0.14,0.68,3.0,1.35,0.06,wait,"(1.0, 1.5]","(0.6, 0.8]"
BTC,2026-09-29 01:10:00+00:00,vwap_reversion,1,-1.8157100378040256,0,0.64,0.77,0.14,0.69,3.0,1.41,0.09,wait,"(1.0, 1.5]","(0.6, 0.8]"
BTC,2026-09-29 01:30:00+00:00,vwap_reversion,1,-1.6521419112687592,0,0.46,0.86,0.33,2.93,2.38,1.34,0.07,wait,"(1.0, 1.5]","(0.4, 0.6]"
BTC,2026-09-29 01:35:00+00:00,vwap_reversion,1,1.0947274516142238,1,0.63,0.85,0.31,2.95,2.95,1.52,0.15,wait,"(1.5, 2.0]","(0.6, 0.8]"
BTC,2026-07-01 13:50:00+00:00,vwap_reversion,-1,-1.338554176441914,0,0.5,0.42,0.86,2.53,2.84,2.12,0.19,wait,"(2.0, 2.5]","(0.4, 0.6]"
BTC,2026-07-01 14:20:00+00:00,vwap_reversion,-1,1.3204906671747099,1,0.5,0.38,0.87,3.0,2.88,1.9,0.17,wait,"(1.5, 2.0]","(0.4, 0.6]"
BTC,2026-07-01 14:25:00+00:00,vwap_reversion,-1,1.3200615214045008,1,0.71,0.44,0.85,2.99,3.0,2.09,0.34,wait,"(2.0, 2.5]","(0.6, 0.8]"
BTC,2026-07-01 14:50:00+00:00,vwap_reversion,-1,-1.2803262509192304,0,0.64,0.47,0.84,2.99,2.36,1.54,0.08,wait,"(1.5, 2.0]","(0.6, 0.8]"
BTC,2026-07-01 15:05:00+00:00,vwap_reversion,-1,-1.2762953226802487,0,0.66,0.48,0.86,2.25,2.82,2.11,0.17,wait,"(2.0, 2.5]","(0.6, 0.8]"
BTC,2026-07-01 15:10:00+00:00,vwap_reversion,-1,-1.279982283701291,0,0.5,0.47,0.87,2.45,2.3,1.88,0.16,wait,"(1.5, 2.0]","(0.4, 0.6]"
BTC,2026-07-01 15:25:00+00:00,vwap_reversion,-1,1.3405552540890278,1,0.49,0.48,0.86,2.57,2.41,1.72,0.12,wait,"(1.5, 2.0]","(0.4, 0.6]"
BTC,2026-07-01 15:30:00+00:00,vwap_reversion,-1,1.3374890015622787,1,0.66,0.5,0.86,2.99,2.83,1.7,0.13,wait,"(1.5, 2.0]","(0.6, 0.8]"
BTC,2026-07-01 15:35:00+00:00,vwap_reversion,-1,1.3335765497146492,1,0.55,0.44,0.86,2.99,2.68,1.79,0.17,wait,"(1.5, 2.0]","(0.4, 0.6]"
BTC,2026-07-01 15:50:00+00:00,vwap_reversion,-1,1.3120782086580347,1,0.41,0.47,0.85,2.99,2.1,1.17,0.03,wait,"(1.0, 1.5]","(0.4, 0.6]"
BTC,2026-07-01 16:00:00+00:00,vwap_reversion,-1,1.298302921961411,1,0.52,0.88,0.85,2.99,2.24,1.48,0.05,wait,"(1.0, 1.5]","(0.4, 0.6]"
BTC,2026-07-01 16:05:00+00:00,vwap_reversion,-1,1.292978016292935,1,0.59,0.88,0.85,2.99,2.2,1.38,0.05,wait,"(1.0, 1.5]","(0.4, 0.6]"
BTC,2026-07-01 21:25:00+00:00,vwap_reversion,-1,-1.4974977839318262,0,0.51,0.29,0.3,2.44,2.8,1.6,0.08,wait,"(1.5, 2.0]","(0.4, 0.6]"
BTC,2026-07-01 21:35:00+00:00,vwap_reversion,-1,-1.463111614874444,0,0.69,0.8,0.33,2.43,2.99,1.96,0.15,wait,"(1.5, 2.0]","(0.6, 0.8]"
BTC,2026-07-01 21:50:00+00:00,vwap_reversion,-1,-1.4870298562648747,0,0.52,0.3,0.31,2.99,2.36,1.38,0.07,wait,"(1.0, 1.5]","(0.4, 0.6]"
BTC,2026-07-01 22:10:00+00:00,vwap_reversion,-1,-1.607687809325357,0,0.69,0.23,0.28,2.99,2.91,1.68,0.22,wait,"(1.5, 2.0]","(0.6, 0.8]"
BTC,2026-07-01 22:15:00+00:00,vwap_reversion,-1,-1.6360678220894682,0,0.67,0.28,0.28,2.99,3.0,1.7,0.16,wait,"(1.5, 2.0]","(0.6, 0.8]"
BTC,2026-07-01 22:20:00+00:00,vwap_reversion,-1,1.1993229981030333,1,0.67,0.81,0.32,2.99,2.99,1.7,0.14,wait,"(1.5, 2.0]","(0.6, 0.8]"
BTC,2026-07-02 01:45:00+00:00,vwap_reversion,-1,1.1999192612845084,1,0.64,0.33,0.33,0.84,2.55,1.47,0.11,wait,"(1.0, 1.5]","(0.6, 0.8]"
BTC,2026-07-02 02:35:00+00:00,vwap_reversion,-1,-1.518375187625074,0,0.48,0.86,0.33,0.84,2.23,1.8,0.09,wait,"(1.5, 2.0]","(0.4, 0.6]"
BTC,2026-07-02 02:45:00+00:00,vwap_reversion,-1,-1.5391257497507724,0,0.66,0.88,0.32,0.76,2.88,1.78,0.13,wait,"(1.5, 2.0]","(0.6, 0.8]"
BTC,2026-07-02 03:05:00+00:00,vwap_reversion,-1,-1.604544345682753,0,0.71,0.23,0.32,2.12,2.61,1.69,0.13,wait,"(1.5, 2.0]","(0.6, 0.8]"
BTC,2026-07-02 03:25:00+00:00,vwap_reversion,-1,-1.5026149153412636,0,0.52,0.79,0.32,2.08,2.73,1.8,0.14,wait,"(1.5, 2.0]","(0.4, 0.6]"
BTC,2026-07-02 03:50:00+00:00,vwap_reversion,-1,-1.4536805206545695,0,0.47,0.87,0.35,2.12,2.51,1.66,0.07,wait,"(1.5, 2.0]","(0.4, 0.6]"
BTC,2026-07-02 03:55:00+00:00,vwap_reversion,-1,1.2188323216498034,1,0.52,0.89,0.33,2.27,2.49,1.8,0.11,wait,"(1.5, 2.0]","(0.4, 0.6]"
BTC,2026-07-02 04:15:00+00:00,vwap_reversion,-1,1.2061324304461272,1,0.47,0.34,0.31,2.99,2.26,1.3,0.09,wait,"(1.0, 1.5]","(0.4, 0.6]"
BTC,2026-07-02 04:20:00+00:00,vwap_reversion,-1,1.2005815458383031,1,0.42,0.89,0.31,2.99,1.99,0.99,0.02,skip,"(-0.1, 1.0]","(0.4, 0.6]"
BTC,2026-07-02 09:30:00+00:00,vwap_reversion,-1,-1.6048740529176653,0,0.52,0.89,0.35,2.19,2.34,1.7,0.13,wait,"(1.5, 2.0]","(0.4, 0.6]"
BTC,2026-07-02 09:40:00+00:00,vwap_reversion,-1,1.2078264326060988,1,0.53,0.69,0.35,2.16,2.83,2.06,0.14,wait,"(2.0, 2.5]","(0.4, 0.6]"
BTC,2026-07-02 09:55:00+00:00,vwap_reversion,-1,-1.369990216037689,0,0.5,0.71,0.31,2.16,2.81,1.9,0.17,wait,"(1.5, 2.0]","(0.4, 0.6]"
BTC,2026-07-02 10:05:00+00:00,vwap_reversion,-1,-1.393545317920321,0,0.48,0.84,0.31,2.99,2.51,1.43,0.08,wait,"(1.0, 1.5]","(0.4, 0.6]"
BTC,2026-07-02 10:15:00+00:00,vwap_reversion,-1,-1.3778488854797386,0,0.49,0.83,0.3,2.99,2.33,1.48,0.06,wait,"(1.0, 1.5]","(0.4, 0.6]"
BTC,2026-07-02 10:40:00+00:00,vwap_reversion,-1,-1.4286671502367225,0,0.43,0.85,0.34,2.99,1.59,1.17,0.04,wait,"(1.0, 1.5]","(0.4, 0.6]"
BTC,2026-07-02 11:10:00+00:00,vwap_reversion,-1,-1.4902030488003193,0,0.43,0.88,0.31,3.0,1.7,1.09,0.03,wait,"(1.0, 1.5]","(0.4, 0.6]"
BTC,2026-07-02 11:15:00+00:00,vwap_reversion,-1,-1.5149573708444766,0,0.65,0.35,0.35,2.99,2.26,1.22,0.06,wait,"(1.0, 1.5]","(0.6, 0.8]"
BTC,2026-07-02 11:20:00+00:00,vwap_reversion,-1,1.1729062405978694,1,0.67,0.87,0.3,2.99,2.61,1.62,0.13,wait,"(1.5, 2.0]","(0.6, 0.8]"
BTC,2026-07-02 11:25:00+00:00,vwap_reversion,-1,1.1621270711102278,1,0.54,0.84,0.31,2.99,1.9,1.08,0.04,skip,"(1.0, 1.5]","(0.4, 0.6]"
BTC,2026-07-02 11:35:00+00:00,vwap_reversion,-1,1.1529168882771066,1,0.67,0.86,0.37,3.0,2.27,1.41,0.12,wait,"(1.0, 1.5]","(0.6, 0.8]"
BTC,2026-07-02 11:40:00+00:00,vwap_reversion,-1,1.140795127389044,1,0.64,0.35,0.32,2.99,2.23,1.2,0.06,wait,"(1.0, 1.5]","(0.6, 0.8]"
BTC,2026-07-02 12:35:00+00:00,vwap_reversion,-1,-1.4293118222158663,0,0.31,0.84,0.29,2.48,1.79,1.02,0.02,wait,"(1.0, 1.5]","(0.2, 0.4]"
BTC,2026-07-02 13:05:00+00:00,vwap_reversion,-1,-1.4444189112751429,0,0.53,0.84,0.35,2.98,2.4,1.56,0.08,wait,"(1.5, 2.0]","(0.4, 0.6]"
BTC,2026-07-02 13:10:00+00:00,vwap_reversion,-1,-1.443841054057482,0,0.44,0.83,0.34,2.99,2.35,1.42,0.06,wait,"(1.0, 1.5]","(0.4, 0.6]"
BTC,2026-07-02 13:35:00+00:00,vwap_reversion,-1,-1.34431634921113,0,0.67,0.77,0.85,3.0,2.98,1.96,0.23,wait,"(1.5, 2.0]","(0.6, 0.8]"
BTC,2026-07-02 13:40:00+00:00,vwap_reversion,-1,-1.3414382362669788,0,0.68,0.85,0.87,3.0,2.86,1.64,0.12,wait,"(1.5, 2.0]","(0.6, 0.8]"
BTC,2026-07-02 13:45:00+00:00,vwap_reversion,-1,-1.3408499639387328,0,0.66,0.85,0.86,3.0,2.8,1.77,0.11,wait,"(1.5, 2.0]","(0.6, 0.8]"
BTC,2026-07-02 14:00:00+00:00,vwap_reversion,-1,-1.3375644866769427,0,0.66,0.86,0.84,3.0,2.72,1.53,0.1,wait,"(1.5, 2.0]","(0.6, 0.8]"
BTC,2026-07-02 14:05:00+00:00,vwap_reversion,-1,-1.3424395106036213,0,0.64,0.88,0.84,3.0,2.46,1.54,0.11,wait,"(1.5, 2.0]","(0.6, 0.8]"
BTC,2026-07-02 14:10:00+00:00,vwap_reversion,-1,1.298237234249083,1,0.48,0.85,0.84,3.0,2.33,1.49,0.08,wait,"(1.0, 1.5]","(0.4, 0.6]"
BTC,2026-07-03 01:10:00+00:00,vwap_reversion,-1,-1.6180104624826128,0,0.48,0.88,0.36,0.22,2.11,1.84,0.12,wait,"(1.5, 2.0]","(0.4, 0.6]"
BTC,2026-07-03 05:35:00+00:00,vwap_reversion,-1,-1.707661255221011,0,0.65,0.87,0.15,0.69,2.6,1.35,0.04,wait,"(1.0, 1.5]","(0.6, 0.8]"
BTC,2026-07-03 06:05:00+00:00,vwap_reversion,-1,1.0454647752004003,1,0.64,0.85,0.14,2.16,2.62,1.18,0.03,skip,"(1.0, 1.5]","(0.6, 0.8]"
BTC,2026-07-03 07:45:00+00:00,vwap_reversion,-1,-1.8605242654404948,0,0.53,0.88,0.14,2.9,2.66,0.93,0.02,skip,"(-0.1, 1.0]","(0.4, 0.6]"
BTC,2026-07-03 10:50:00+00:00,vwap_reversion,-1,-1.678443717703883,0,0.69,0.89,0.4,2.79,2.74,1.74,0.15,wait,"(1.5, 2.0]","(0.6, 0.8]"
BTC,2026-07-03 11:10:00+00:00,vwap_reversion,-1,-1.6580510123530374,0,0.68,0.84,0.42,2.84,2.92,1.78,0.1,wait,"(1.5, 2.0]","(0.6, 0.8]"
BTC,2026-07-03 13:40:00+00:00,vwap_reversion,-1,-1.7288956868017775,0,0.45,0.79,0.14,2.83,2.64,0.97,0.02,skip,"(-0.1, 1.0]","(0.4, 0.6]"
BTC,2026-07-03 15:05:00+00:00,vwap_reversion,-1,1.186600568280803,1,0.48,0.85,0.3,1.72,2.21,1.44,0.1,wait,"(1.0, 1.5]","(0.4, 0.6]"
BTC,2026-07-03 19:15:00+00:00,vwap_reversion,-1,0.8627541243400096,1,0.33,0.32,0.14,2.86,1.95,0.64,0.01,skip,"(-0.1, 1.0]","(0.2, 0.4]"
BTC,2026-07-03 20:05:00+00:00,vwap_reversion,-1,-1.8132769280781789,0,0.48,0.26,0.13,2.89,2.7,1.15,0.04,skip,"(1.0, 1.5]","(0.4, 0.6]"
BTC,2026-07-03 20:20:00+00:00,vwap_reversion,-1,-1.6843139142447545,0,0.7,0.83,0.3,2.89,3.0,2.1,0.2,wait,"(2.0, 2.5]","(0.6, 0.8]"
BTC,2026-07-03 20:25:00+00:00,vwap_reversion,-1,-1.6877978950101062,0,0.74,0.88,0.33,2.88,2.98,2.1,0.29,wait,"(2.0, 2.5]","(0.6, 0.8]"
BTC,2026-07-03 20:35:00+00:00,vwap_reversion,-1,-1.6118881663696638,0,0.71,0.83,0.34,2.84,3.0,2.06,0.27,wait,"(2.0, 2.5]","(0.6, 0.8]"
BTC,2026-07-03 20:50:00+00:00,vwap_reversion,-1,-1.5931690898489261,0,0.66,0.88,0.37,2.99,2.94,1.71,0.1,wait,"(1.5, 2.0]","(0.6, 0.8]"
BTC,2026-07-03 21:00:00+00:00,vwap_reversion,-1,-1.6001447774285211,0,0.53,0.88,0.31,2.99,2.55,1.51,0.09,wait,"(1.5, 2.0]","(0.4, 0.6]"
BTC,2026-07-03 21:10:00+00:00,vwap_reversion,-1,1.1531826850222566,1,0.69,0.81,0.3,2.99,2.88,1.73,0.18,wait,"(1.5, 2.0]","(0.6, 0.8]"
BTC,2026-07-04 03:35:00+00:00,vwap_reversion,-1,0.8996792941355555,1,0.46,0.22,0.15,1.67,2.12,1.18,0.04,skip,"(1.0, 1.5]","(0.4, 0.6]"
BTC,2026-07-04 03:40:00+00:00,vwap_reversion,-1,0.8865011432831639,1,0.62,0.3,0.13,1.62,2.43,1.13,0.04,skip,"(1.0, 1.5]","(0.6, 0.8]"
BTC,2026-07-04 12:55:00+00:00,vwap_reversion,-1,0.5730924087991295,1,0.43,0.3,0.14,2.1,2.03,1.04,0.02,skip,"(1.0, 1.5]","(0.4, 0.6]"
BTC,2026-07-04 15:10:00+00:00,vwap_reversion,-1,-1.7982367186682222,0,0.58,0.36,0.14,2.9,2.93,1.11,0.02,skip,"(1.0, 1.5]","(0.4, 0.6]"
BTC,2026-07-04 15:35:00+00:00,vwap_reversion,-1,-1.7131385880508434,0,0.6,0.33,0.13,2.91,2.96,1.29,0.05,skip,"(1.0, 1.5]","(0.4, 0.6]"
BTC,2026-07-04 15:45:00+00:00,vwap_reversion,-1,1.0365877825243353,1,0.63,0.36,0.14,3.0,2.96,1.09,0.02,skip,"(1.0, 1.5]","(0.6, 0.8]"
BTC,2026-07-04 17:45:00+00:00,vwap_reversion,-1,-1.7262233937221767,0,0.45,0.68,0.13,2.89,2.85,1.17,0.03,skip,"(1.0, 1.5]","(0.4, 0.6]"
BTC,2026-07-04 17:50:00+00:00,vwap_reversion,-1,1.0848721351212285,1,0.44,0.35,0.31,2.89,2.83,1.71,0.1,wait,"(1.5, 2.0]","(0.4, 0.6]"
BTC,2026-07-04 18:05:00+00:00,vwap_reversion,-1,-1.665851544392424,0,0.57,0.26,0.34,3.0,2.49,1.22,0.08,skip,"(1.0, 1.5]","(0.4, 0.6]"
BTC,2026-07-05 07:40:00+00:00,vwap_reversion,-1,-2.1391663639601073,0,0.43,0.8,0.14,0.45,2.53,1.21,0.03,skip,"(1.0, 1.5]","(0.4, 0.6]"
BTC,2026-07-05 07:55:00+00:00,vwap_reversion,-1,-2.1134386216761936,0,0.67,0.86,0.14,0.59,2.83,1.31,0.05,wait,"(1.0, 1.5]","(0.6, 0.8]"
BTC,2026-07-05 08:00:00+00:00,vwap_reversion,-1,0.8412513725860216,1,0.67,0.87,0.15,2.14,2.89,1.31,0.04,wait,"(1.0, 1.5]","(0.6, 0.8]"
BTC,2026-07-05 08:15:00+00:00,vwap_reversion,-1,0.8806688381772522,1,0.38,0.85,0.14,2.25,1.88,0.96,0.01,skip,"(-0.1, 1.0]","(0.2, 0.4]"
BTC,2026-07-05 21:20:00+00:00,vwap_reversion,-1,-2.0123851007789555,0,0.6,0.87,0.15,0.38,2.28,1.34,0.13,skip,"(1.0, 1.5]","(0.4, 0.6]"
BTC,2026-07-05 21:30:00+00:00,vwap_reversion,-1,-1.9207541538542072,0,0.51,0.81,0.15,0.72,2.01,1.11,0.02,skip,"(1.0, 1.5]","(0.4, 0.6]"
BTC,2026-07-05 21:35:00+00:00,vwap_reversion,-1,-1.911078470795407,0,0.67,0.82,0.14,0.6,2.56,1.37,0.04,wait,"(1.0, 1.5]","(0.6, 0.8]"
BTC,2026-07-05 21:55:00+00:00,vwap_reversion,-1,-1.748989467068366,0,0.66,0.68,0.14,2.13,3.0,1.4,0.03,skip,"(1.0, 1.5]","(0.6, 0.8]"
BTC,2026-07-05 22:00:00+00:00,vwap_reversion,-1,-1.7060976337527194,0,0.66,0.79,0.14,2.12,2.94,1.26,0.04,skip,"(1.0, 1.5]","(0.6, 0.8]"
BTC,2026-07-05 22:05:00+00:00,vwap_reversion,-1,-1.7024901043071028,0,0.68,0.83,0.15,2.13,2.41,1.36,0.06,wait,"(1.0, 1.5]","(0.6, 0.8]"
BTC,2026-07-05 22:20:00+00:00,vwap_reversion,-1,-1.5270338764405038,0,0.47,0.34,0.32,2.96,2.85,1.55,0.1,wait,"(1.5, 2.0]","(0.4, 0.6]"
BTC,2026-07-05 22:30:00+00:00,vwap_reversion,-1,-1.4344960452991289,0,0.67,0.35,0.37,2.95,3.0,1.94,0.16,wait,"(1.5, 2.0]","(0.6, 0.8]"
BTC,2026-07-05 22:35:00+00:00,vwap_reversion,-1,-1.4336626683958078,0,0.69,0.36,0.36,2.93,3.0,1.83,0.15,wait,"(1.5, 2.0]","(0.6, 0.8]"
BTC,2026-07-05 22:45:00+00:00,vwap_reversion,-1,-1.439369340040801,0,0.68,0.41,0.4,2.95,2.94,1.7,0.12,wait,"(1.5, 2.0]","(0.6, 0.8]"
BTC,2026-07-05 23:05:00+00:00,vwap_reversion,-1,-1.462156794725043,0,0.62,0.38,0.35,2.99,2.97,1.54,0.1,wait,"(1.5, 2.0]","(0.6, 0.8]"
BTC,2026-07-05 23:15:00+00:00,vwap_reversion,-1,1.2123068611266061,1,0.47,0.36,0.35,2.99,2.84,1.65,0.11,wait,"(1.5, 2.0]","(0.4, 0.6]"
BTC,2026-07-06 16:00:00+00:00,vwap_reversion,-1,-1.2722587700647248,0,0.7,0.49,0.86,2.28,2.96,2.26,0.23,wait,"(2.0, 2.5]","(0.6, 0.8]"
BTC,2026-07-06 16:10:00+00:00,vwap_reversion,-1,-0.04825872409196759,0,0.49,0.48,0.86,2.18,2.59,2.07,0.17,wait,"(2.0, 2.5]","(0.4, 0.6]"
BTC,2026-07-06 16:15:00+00:00,vwap_reversion,-1,-1.267723991682573,0,0.68,0.47,0.87,2.92,2.95,2.0,0.17,wait,"(1.5, 2.0]","(0.6, 0.8]"
BTC,2026-07-06 16:20:00+00:00,vwap_reversion,-1,-1.2652645102625577,0,0.52,0.48,0.86,2.93,2.64,1.69,0.09,wait,"(1.5, 2.0]","(0.4, 0.6]"
BTC,2026-07-06 16:30:00+00:00,vwap_reversion,-1,-1.2671812236046656,0,0.53,0.3,0.86,2.95,2.44,1.63,0.12,wait,"(1.5, 2.0]","(0.4, 0.6]"
BTC,2026-07-06 16:35:00+00:00,vwap_reversion,-1,-1.2692378985487174,0,0.7,0.3,0.87,2.92,2.87,2.02,0.18,wait,"(2.0, 2.5]","(0.6, 0.8]"
BTC,2026-07-06 17:00:00+00:00,vwap_reversion,-1,-1.3217163287894278,0,0.52,0.87,0.85,2.93,2.08,1.7,0.1,wait,"(1.5, 2.0]","(0.4, 0.6]"
BTC,2026-07-06 21:10:00+00:00,vwap_reversion,-1,-1.4375513960468222,0,0.65,0.81,0.28,2.8,2.96,2.0,0.22,wait,"(1.5, 2.0]","(0.6, 0.8]"
BTC,2026-07-06 21:15:00+00:00,vwap_reversion,-1,-1.4351090450595574,0,0.64,0.88,0.34,2.99,2.71,1.66,0.17,wait,"(1.5, 2.0]","(0.6, 0.8]"
BTC,2026-07-06 21:20:00+00:00,vwap_reversion,-1,-1.4425654960876961,0,0.64,0.88,0.34,2.99,2.53,1.42,0.1,wait,"(1.0, 1.5]","(0.6, 0.8]"
BTC,2026-07-06 21:55:00+00:00,vwap_reversion,-1,1.2125823981915897,1,0.66,0.22,0.28,2.99,2.67,1.42,0.09,wait,"(1.0, 1.5]","(0.6, 0.8]"
BTC,2026-07-06 22:15:00+00:00,vwap_reversion,-1,1.2017501757980364,1,0.53,0.23,0.29,2.99,2.21,1.09,0.04,wait,"(1.0, 1.5]","(0.4, 0.6]"
BTC,2026-07-07 12:25:00+00:00,vwap_reversion,-1,1.1472935683046364,1,0.49,0.39,0.35,2.29,2.26,1.56,0.1,wait,"(1.5, 2.0]","(0.4, 0.6]"
BTC,2026-07-07 15:25:00+00:00,vwap_reversion,-1,-1.315292834385246,0,0.72,0.54,0.86,0.64,2.88,2.15,0.23,wait,"(2.0, 2.5]","(0.6, 0.8]"
BTC,2026-07-07 15:30:00+00:00,vwap_reversion,-1,-1.32266446179437,0,0.71,0.5,0.86,2.16,2.92,2.25,0.19,wait,"(2.0, 2.5]","(0.6, 0.8]"
BTC,2026-07-07 15:35:00+00:00,vwap_reversion,-1,-1.3127954484137105,0,0.7,0.49,0.85,2.16,2.92,2.12,0.17,wait,"(2.0, 2.5]","(0.6, 0.8]"
BTC,2026-07-07 15:45:00+00:00,vwap_reversion,-1,-1.3124341161837991,0,0.47,0.44,0.85,2.19,2.4,1.73,0.09,wait,"(1.5, 2.0]","(0.4, 0.6]"
BTC,2026-07-07 15:50:00+00:00,vwap_reversion,-1,-1.319761415361126,0,0.72,0.49,0.85,2.25,2.83,2.23,0.27,wait,"(2.0, 2.5]","(0.6, 0.8]"
BTC,2026-07-07 16:00:00+00:00,vwap_reversion,-1,-1.3423139698670752,0,0.71,0.89,0.86,2.1,2.57,2.18,0.37,wait,"(2.0, 2.5]","(0.6, 0.8]"
BTC,2026-07-07 16:05:00+00:00,vwap_reversion,-1,-1.3401752078652154,0,0.66,0.88,0.84,2.21,2.27,1.93,0.19,wait,"(1.5, 2.0]","(0.6, 0.8]"
BTC,2026-07-07 16:10:00+00:00,vwap_reversion,-1,-1.3541898353257587,0,0.56,0.86,0.33,2.12,2.18,1.42,0.08,wait,"(1.0, 1.5]","(0.4, 0.6]"
BTC,2026-07-07 16:15:00+00:00,vwap_reversion,-1,-1.3574731338428103,0,0.6,0.37,0.3,2.09,2.28,1.57,0.1,wait,"(1.5, 2.0]","(0.4, 0.6]"
BTC,2026-07-07 16:50:00+00:00,vwap_reversion,-1,1.2446515131321338,1,0.55,0.85,0.32,2.24,2.23,1.65,0.12,wait,"(1.5, 2.0]","(0.4, 0.6]"
BTC,2026-07-08 00:40:00+00:00,vwap_reversion,-1,1.0860564793409215,1,0.58,0.31,0.3,0.44,2.19,1.42,0.07,wait,"(1.0, 1.5]","(0.4, 0.6]"
BTC,2026-07-09 04:35:00+00:00,vwap_reversion,-1,-1.6577255083379232,0,0.51,0.87,0.36,0.7,2.27,1.83,0.15,wait,"(1.5, 2.0]","(0.4, 0.6]"
BTC,2026-07-09 04:50:00+00:00,vwap_reversion,-1,-1.7042212793661924,0,0.51,0.85,0.14,0.83,2.35,1.23,0.03,skip,"(1.0, 1.5]","(0.4, 0.6]"
BTC,2026-07-09 05:10:00+00:00,vwap_reversion,-1,1.110008767445409,1,0.73,0.83,0.35,2.15,3.0,2.24,0.25,wait,"(2.0, 2.5]","(0.6, 0.8]"
BTC,2026-07-09 05:15:00+00:00,vwap_reversion,-1,1.124641983482182,1,0.51,0.88,0.31,2.15,2.2,1.66,0.12,wait,"(1.5, 2.0]","(0.4, 0.6]"
BTC,2026-07-09 06:00:00+00:00,vwap_reversion,-1,1.1230887426295106,1,0.7,0.81,0.36,2.08,2.99,2.12,0.19,wait,"(2.0, 2.5]","(0.6, 0.8]"
BTC,2026-07-09 06:35:00+00:00,vwap_reversion,-1,-1.562327525856177,0,0.67,0.34,0.34,2.15,2.68,1.7,0.16,wait,"(1.5, 2.0]","(0.6, 0.8]"
BTC,2026-07-09 06:45:00+00:00,vwap_reversion,-1,-1.577387269630263,0,0.5,0.88,0.33,2.92,2.2,1.49,0.08,wait,"(1.0, 1.5]","(0.4, 0.6]"
BTC,2026-07-09 07:00:00+00:00,vwap_reversion,-1,-1.542313523948946,0,0.67,0.81,0.28,3.0,3.0,1.79,0.17,wait,"(1.5, 2.0]","(0.6, 0.8]"
BTC,2026-07-09 07:45:00+00:00,vwap_reversion,-1,1.21941440947462,1,0.72,0.84,0.35,3.0,2.94,1.69,0.14,wait,"(1.5, 2.0]","(0.6, 0.8]"
BTC,2026-07-09 07:50:00+00:00,vwap_reversion,-1,1.2085799479837558,1,0.66,0.86,0.34,2.99,2.77,1.55,0.12,wait,"(1.5, 2.0]","(0.6, 0.8]"
BTC,2026-07-09 14:00:00+00:00,vwap_reversion,-1,1.2667570473242615,1,0.6,0.85,0.4,0.74,2.27,1.3,0.04,wait,"(1.0, 1.5]","(0.4, 0.6]"
BTC,2026-07-09 17:50:00+00:00,vwap_reversion,-1,-1.5577143852494004,0,0.69,0.88,0.31,0.57,2.94,1.9,0.14,wait,"(1.5, 2.0]","(0.6, 0.8]"
BTC,2026-07-09 18:00:00+00:00,vwap_reversion,-1,-1.5526166451991008,0,0.66,0.83,0.31,2.19,2.99,1.81,0.12,wait,"(1.5, 2.0]","(0.6, 0.8]"
BTC,2026-07-09 18:10:00+00:00,vwap_reversion,-1,1.2065578724626056,1,0.69,0.88,0.35,2.3,2.98,1.85,0.18,wait,"(1.5, 2.0]","(0.6, 0.8]"
BTC,2026-07-09 18:30:00+00:00,vwap_reversion,-1,1.1984816652337007,1,0.66,0.85,0.31,2.16,2.61,1.63,0.1,wait,"(1.5, 2.0]","(0.6, 0.8]"
BTC,2026-07-09 18:45:00+00:00,vwap_reversion,-1,1.1771726266958122,1,0.65,0.35,0.34,2.19,2.4,1.43,0.08,wait,"(1.0, 1.5]","(0.6, 0.8]"
BTC,2026-07-10 01:50:00+00:00,vwap_reversion,-1,-1.4463783494762672,0,0.69,0.7,0.38,1.68,3.0,2.25,0.22,wait,"(2.0, 2.5]","(0.6, 0.8]"
BTC,2026-07-10 02:25:00+00:00,vwap_reversion,-1,-1.4821715811921647,0,0.7,0.84,0.36,2.99,2.73,1.84,0.17,wait,"(1.5, 2.0]","(0.6, 0.8]"
BTC,2026-07-10 02:50:00+00:00,vwap_reversion,-1,-1.5203034509950732,0,0.69,0.8,0.3,2.99,2.85,1.69,0.1,wait,"(1.5, 2.0]","(0.6, 0.8]"
BTC,2026-07-10 02:55:00+00:00,vwap_reversion,-1,-1.5471191720593949,0,0.44,0.84,0.29,2.99,2.18,1.29,0.07,wait,"(1.0, 1.5]","(0.4, 0.6]"
BTC,2026-07-10 03:00:00+00:00,vwap_reversion,-1,-1.561058176939286,0,0.44,0.84,0.34,2.99,1.78,1.24,0.04,wait,"(1.0, 1.5]","(0.4, 0.6]"
BTC,2026-07-10 03:45:00+00:00,vwap_reversion,-1,1.065570531809084,1,0.51,0.88,0.33,2.81,2.21,1.8,0.13,wait,"(1.5, 2.0]","(0.4, 0.6]"
BTC,2026-07-10 04:35:00+00:00,vwap_reversion,-1,-1.66564437075471,0,0.63,0.88,0.35,2.98,2.6,1.24,0.05,wait,"(1.0, 1.5]","(0.6, 0.8]"
BTC,2026-07-10 04:45:00+00:00,vwap_reversion,-1,1.0681324101762566,1,0.68,0.86,0.31,2.98,2.71,1.49,0.07,wait,"(1.0, 1.5]","(0.6, 0.8]"
BTC,2026-07-10 08:15:00+00:00,vwap_reversion,-1,-1.8402412262906611,0,0.5,0.29,0.13,2.86,2.71,1.29,0.05,skip,"(1.0, 1.5]","(0.4, 0.6]"
BTC,2026-07-10 08:30:00+00:00,vwap_reversion,-1,0.9951295710963491,1,0.64,0.87,0.14,2.87,2.89,1.36,0.04,skip,"(1.0, 1.5]","(0.6, 0.8]"
BTC,2026-07-10 09:30:00+00:00,vwap_reversion,-1,-0.3083862402715346,0,0.63,0.87,0.3,2.79,2.8,1.51,0.06,wait,"(1.5, 2.0]","(0.6, 0.8]"
BTC,2026-07-10 09:35:00+00:00,vwap_reversion,-1,1.062506919617705,1,0.48,0.88,0.32,2.83,2.22,1.55,0.09,wait,"(1.5, 2.0]","(0.4, 0.6]"
BTC,2026-07-10 10:30:00+00:00,vwap_reversion,-1,-1.7913158299201566,0,0.6,0.35,0.14,2.98,2.38,0.83,0.01,skip,"(-0.1, 1.0]","(0.4, 0.6]"
BTC,2026-07-10 13:50:00+00:00,vwap_reversion,-1,1.1588420486316866,1,0.67,0.83,0.35,1.69,2.93,1.79,0.13,wait,"(1.5, 2.0]","(0.6, 0.8]"
BTC,2026-07-10 22:30:00+00:00,vwap_reversion,-1,0.8293703140726957,1,0.66,0.22,0.14,2.14,2.68,1.36,0.06,skip,"(1.0, 1.5]","(0.6, 0.8]"
BTC,2026-07-10 22:45:00+00:00,vwap_reversion,-1,-2.243422231830632,0,0.63,0.11,0.14,2.08,2.45,1.3,0.04,skip,"(1.0, 1.5]","(0.6, 0.8]"
BTC,2026-07-10 22:55:00+00:00,vwap_reversion,-1,0.7634530664577062,1,0.52,0.22,0.14,2.1,2.06,0.88,0.01,skip,"(-0.1, 1.0]","(0.4, 0.6]"
BTC,2026-07-10 23:25:00+00:00,vwap_reversion,-1,0.7776764940048838,1,0.47,0.21,0.14,1.94,2.2,1.21,0.02,skip,"(1.0, 1.5]","(0.4, 0.6]"
BTC,2026-07-11 06:20:00+00:00,vwap_reversion,-1,0.5460251731536226,1,0.37,0.32,0.15,0.47,1.91,0.94,0.01,skip,"(-0.1, 1.0]","(0.2, 0.4]"
BTC,2026-07-11 14:25:00+00:00,vwap_reversion,-1,-2.7396412498585696,0,0.67,0.8,0.14,2.9,2.99,1.34,0.05,skip,"(1.0, 1.5]","(0.6, 0.8]"
BTC,2026-07-11 14:35:00+00:00,vwap_reversion,-1,0.5325645295660797,1,0.49,0.7,0.13,2.91,2.82,1.36,0.05,skip,"(1.0, 1.5]","(0.4, 0.6]"
BTC,2026-07-11 14:45:00+00:00,vwap_reversion,-1,-2.4301751845779727,0,0.56,0.83,0.14,2.99,2.43,0.96,0.03,skip,"(-0.1, 1.0]","(0.4, 0.6]"
BTC,2026-07-11 18:20:00+00:00,vwap_reversion,-1,0.7764293849753993,1,0.44,0.83,0.13,0.5,1.95,1.09,0.02,skip,"(1.0, 1.5]","(0.4, 0.6]"
BTC,2026-07-11 20:40:00+00:00,vwap_reversion,-1,0.39369488416862286,1,0.44,0.31,0.13,1.67,2.24,1.15,0.03,skip,"(1.0, 1.5]","(0.4, 0.6]"
BTC,2026-07-12 03:30:00+00:00,vwap_reversion,-1,-2.1221523334868673,0,0.44,0.85,0.13,0.36,2.15,1.33,0.03,skip,"(1.0, 1.5]","(0.4, 0.6]"
BTC,2026-07-12 08:05:00+00:00,vwap_reversion,-1,-2.148646609662493,0,0.45,0.81,0.14,0.5,2.62,1.32,0.06,skip,"(1.0, 1.5]","(0.4, 0.6]"
BTC,2026-07-12 14:50:00+00:00,vwap_reversion,-1,-2.2207965887516954,0,0.7,0.88,0.14,0.71,2.94,1.43,0.09,skip,"(1.0, 1.5]","(0.6, 0.8]"
BTC,2026-07-12 14:55:00+00:00,vwap_reversion,-1,-2.2716751888126856,0,0.47,0.33,0.14,0.68,2.37,1.3,0.05,skip,"(1.0, 1.5]","(0.4, 0.6]"
BTC,2026-07-12 15:05:00+00:00,vwap_reversion,-1,-2.1797879040914885,0,0.62,0.84,0.14,2.23,2.46,1.21,0.03,skip,"(1.0, 1.5]","(0.6, 0.8]"
BTC,2026-07-12 15:10:00+00:00,vwap_reversion,-1,-2.222561600718411,0,0.67,0.36,0.14,2.1,2.7,1.24,0.04,skip,"(1.0, 1.5]","(0.6, 0.8]"
BTC,2026-07-12 15:25:00+00:00,vwap_reversion,-1,0.7291690231522391,1,0.52,0.87,0.14,2.1,2.27,1.23,0.03,skip,"(1.0, 1.5]","(0.4, 0.6]"
BTC,2026-07-12 19:55:00+00:00,vwap_reversion,-1,0.30533840719250643,1,0.39,0.29,0.13,1.99,2.18,1.03,0.03,skip,"(1.0, 1.5]","(0.2, 0.4]"
BTC,2026-07-14 02:05:00+00:00,vwap_reversion,-1,1.0312278753578257,1,0.41,0.84,0.13,1.89,0.59,0.78,0.01,skip,"(-0.1, 1.0]","(0.4, 0.6]"
BTC,2026-07-14 05:30:00+00:00,vwap_reversion,-1,0.8992319716715879,1,0.65,0.21,0.14,2.07,2.58,1.33,0.05,skip,"(1.0, 1.5]","(0.6, 0.8]"
BTC,2026-07-14 08:40:00+00:00,vwap_reversion,-1,0.873157015647875,1,0.46,0.33,0.14,0.44,2.37,1.39,0.04,skip,"(1.0, 1.5]","(0.4, 0.6]"
BTC,2026-07-14 12:35:00+00:00,vwap_reversion,-1,-1.468983660081198,0,0.7,0.39,0.37,2.21,3.0,2.07,0.26,wait,"(2.0, 2.5]","(0.6, 0.8]"
BTC,2026-07-14 12:45:00+00:00,vwap_reversion,-1,-1.4184596713035593,0,0.46,0.36,0.33,2.94,2.85,1.62,0.06,wait,"(1.5, 2.0]","(0.4, 0.6]"
BTC,2026-07-14 12:50:00+00:00,vwap_reversion,-1,-1.418507540135994,0,0.5,0.34,0.37,2.95,2.85,1.99,0.13,wait,"(1.5, 2.0]","(0.4, 0.6]"
BTC,2026-07-14 13:05:00+00:00,vwap_reversion,-1,-1.4124407852074081,0,0.68,0.4,0.34,3.0,2.97,1.69,0.15,wait,"(1.5, 2.0]","(0.6, 0.8]"
BTC,2026-07-14 13:10:00+00:00,vwap_reversion,-1,-1.4281268055563865,0,0.67,0.43,0.32,3.0,2.94,1.48,0.1,wait,"(1.0, 1.5]","(0.6, 0.8]"
BTC,2026-07-14 13:55:00+00:00,vwap_reversion,-1,1.2587278841780458,1,0.57,0.41,0.36,3.0,2.55,1.11,0.04,wait,"(1.0, 1.5]","(0.4, 0.6]"
BTC,2026-07-14 14:30:00+00:00,vwap_reversion,-1,-1.3871775844423924,0,0.28,0.39,0.32,3.0,1.84,0.61,0.01,skip,"(-0.1, 1.0]","(0.2, 0.4]"
BTC,2026-07-14 14:35:00+00:00,vwap_reversion,-1,-1.3953545706770238,0,0.34,0.25,0.32,3.0,2.14,0.68,0.01,skip,"(-0.1, 1.0]","(0.2, 0.4]"
BTC,2026-07-14 15:00:00+00:00,vwap_reversion,-1,-1.3802345132561866,0,0.43,0.4,0.37,3.0,2.51,1.26,0.05,skip,"(1.0, 1.5]","(0.4, 0.6]"
BTC,2026-07-14 15:20:00+00:00,vwap_reversion,-1,-1.4003491144710405,0,0.62,0.41,0.37,3.0,2.6,1.14,0.06,wait,"(1.0, 1.5]","(0.6, 0.8]"
BTC,2026-07-14 16:00:00+00:00,vwap_reversion,-1,1.2886786451949293,1,0.64,0.47,0.85,3.0,2.78,1.65,0.09,wait,"(1.5, 2.0]","(0.6, 0.8]"
BTC,2026-07-14 16:25:00+00:00,vwap_reversion,-1,1.2620966782786556,1,0.59,0.4,0.31,3.0,2.4,1.0,0.03,wait,"(-0.1, 1.0]","(0.4, 0.6]"
BTC,2026-07-14 21:25:00+00:00,vwap_reversion,-1,-2.1188567635227393,0,0.37,0.18,0.14,2.99,2.17,0.54,0.01,skip,"(-0.1, 1.0]","(0.2, 0.4]"
BTC,2026-07-14 21:35:00+00:00,vwap_reversion,-1,-2.089974794917454,0,0.5,0.22,0.13,2.98,2.42,0.87,0.03,skip,"(-0.1, 1.0]","(0.4, 0.6]"
BTC,2026-07-14 21:40:00+00:00,vwap_reversion,-1,0.9012849191159378,1,0.57,0.2,0.14,2.99,2.94,1.09,0.03,skip,"(1.0, 1.5]","(0.4, 0.6]"
BTC,2026-07-14 21:45:00+00:00,vwap_reversion,-1,0.9044658357231347,1,0.38,0.21,0.14,2.98,1.95,0.74,0.01,skip,"(-0.1, 1.0]","(0.2, 0.4]"
BTC,2026-07-14 22:30:00+00:00,vwap_reversion,-1,1.114450020639026,1,0.46,0.88,0.36,2.97,2.45,1.46,0.08,wait,"(1.0, 1.5]","(0.4, 0.6]"
BTC,2026-07-14 22:35:00+00:00,vwap_reversion,-1,1.1110898490165837,1,0.42,0.89,0.38,2.99,2.22,1.19,0.05,wait,"(1.0, 1.5]","(0.4, 0.6]"
BTC,2026-07-14 22:40:00+00:00,vwap_reversion,-1,-1.6459160316513832,0,0.42,0.21,0.28,2.99,1.95,0.96,0.02,skip,"(-0.1, 1.0]","(0.4, 0.6]"
BTC,2026-07-14 22:45:00+00:00,vwap_reversion,-1,-1.6520865247441647,0,0.57,0.33,0.32,2.98,2.45,1.49,0.13,wait,"(1.0, 1.5]","(0.4, 0.6]"
BTC,2026-07-14 22:50:00+00:00,vwap_reversion,-1,-1.671888396840518,0,0.55,0.23,0.3,2.98,2.23,1.06,0.04,wait,"(1.0, 1.5]","(0.4, 0.6]"
BTC,2026-07-15 04:10:00+00:00,vwap_reversion,-1,0.9012733808145074,1,0.35,0.87,0.14,1.69,1.99,0.78,0.01,skip,"(-0.1, 1.0]","(0.2, 0.4]"
BTC,2026-07-15 06:00:00+00:00,vwap_reversion,-1,-1.8939437405751058,0,0.34,0.84,0.13,1.76,2.04,0.78,0.01,skip,"(-0.1, 1.0]","(0.2, 0.4]"
BTC,2026-07-15 06:20:00+00:00,vwap_reversion,-1,-1.8263119144621949,0,0.53,0.84,0.13,2.86,2.3,0.98,0.02,skip,"(-0.1, 1.0]","(0.4, 0.6]"
BTC,2026-07-15 09:15:00+00:00,vwap_reversion,-1,0.9382570223841907,1,0.32,0.85,0.15,1.77,2.13,0.53,0.0,skip,"(-0.1, 1.0]","(0.2, 0.4]"
BTC,2026-07-15 09:20:00+00:00,vwap_reversion,-1,0.9373912375072254,1,0.52,0.87,0.14,1.7,2.5,0.81,0.02,skip,"(-0.1, 1.0]","(0.4, 0.6]"
BTC,2026-07-15 13:00:00+00:00,vwap_reversion,-1,-1.53098929424612,0,0.52,0.68,0.32,2.85,2.84,1.97,0.18,wait,"(1.5, 2.0]","(0.4, 0.6]"
BTC,2026-07-15 13:05:00+00:00,vwap_reversion,-1,-1.5188196642214928,0,0.7,0.38,0.37,2.88,3.0,2.2,0.19,wait,"(2.0, 2.5]","(0.6, 0.8]"
BTC,2026-07-15 13:20:00+00:00,vwap_reversion,-1,1.186190708306447,1,0.67,0.41,0.38,2.99,2.97,1.69,0.09,wait,"(1.5, 2.0]","(0.6, 0.8]"
BTC,2026-07-15 13:35:00+00:00,vwap_reversion,-1,1.2114648647572606,1,0.65,0.4,0.37,2.99,2.94,1.52,0.07,wait,"(1.5, 2.0]","(0.6, 0.8]"
BTC,2026-07-16 05:15:00+00:00,vwap_reversion,-1,-2.005817015050548,0,0.64,0.87,0.14,0.36,2.43,1.35,0.06,wait,"(1.0, 1.5]","(0.6, 0.8]"
BTC,2026-07-16 05:25:00+00:00,vwap_reversion,-1,-1.933914403333995,0,0.69,0.87,0.14,0.6,2.91,1.43,0.08,skip,"(1.0, 1.5]","(0.6, 0.8]"
BTC,2026-07-16 05:30:00+00:00,vwap_reversion,-1,0.9298073184641549,1,0.67,0.87,0.14,2.08,2.93,1.28,0.04,skip,"(1.0, 1.5]","(0.6, 0.8]"
BTC,2026-07-16 05:40:00+00:00,vwap_reversion,-1,-1.9088177071757644,0,0.51,0.87,0.15,2.18,2.47,1.16,0.03,skip,"(1.0, 1.5]","(0.4, 0.6]"
BTC,2026-07-16 05:45:00+00:00,vwap_reversion,-1,-1.9528576647272324,0,0.63,0.83,0.13,2.11,2.69,1.26,0.05,wait,"(1.0, 1.5]","(0.6, 0.8]"
BTC,2026-07-16 05:50:00+00:00,vwap_reversion,-1,-1.9727221218214561,0,0.6,0.83,0.14,2.31,2.7,1.26,0.04,wait,"(1.0, 1.5]","(0.4, 0.6]"
BTC,2026-07-16 05:55:00+00:00,vwap_reversion,-1,-1.9971810278495097,0,0.5,0.85,0.13,2.09,2.29,1.12,0.02,skip,"(1.0, 1.5]","(0.4, 0.6]"
BTC,2026-07-16 06:00:00+00:00,vwap_reversion,-1,-1.996030247115561,0,0.65,0.85,0.14,2.17,2.51,1.24,0.04,wait,"(1.0, 1.5]","(0.6, 0.8]"
BTC,2026-07-16 06:05:00+00:00,vwap_reversion,-1,0.9050974885690882,1,0.47,0.87,0.14,2.18,2.23,1.13,0.02,skip,"(1.0, 1.5]","(0.4, 0.6]"
BTC,2026-07-16 14:10:00+00:00,vwap_reversion,-1,-1.4855989267682177,0,0.74,0.84,0.36,0.58,2.92,2.09,0.28,wait,"(2.0, 2.5]","(0.6, 0.8]"
BTC,2026-07-16 14:25:00+00:00,vwap_reversion,-1,1.213894051540911,1,0.46,0.38,0.36,2.05,2.45,1.58,0.09,wait,"(1.5, 2.0]","(0.4, 0.6]"
BTC,2026-07-16 14:30:00+00:00,vwap_reversion,-1,1.2174603489626064,1,0.68,0.45,0.34,2.09,2.88,1.83,0.11,wait,"(1.5, 2.0]","(0.6, 0.8]"
BTC,2026-07-16 14:35:00+00:00,vwap_reversion,-1,1.220734170868092,1,0.51,0.44,0.35,2.05,2.49,1.54,0.07,wait,"(1.5, 2.0]","(0.4, 0.6]"
BTC,2026-07-16 15:25:00+00:00,vwap_reversion,-1,1.236063735628164,1,0.53,0.83,0.31,2.05,2.45,1.99,0.24,wait,"(1.5, 2.0]","(0.4, 0.6]"
BTC,2026-07-17 01:05:00+00:00,vwap_reversion,-1,1.039206352285502,1,0.43,0.87,0.14,0.4,2.19,1.07,0.03,skip,"(1.0, 1.5]","(0.4, 0.6]"
BTC,2026-07-17 11:45:00+00:00,vwap_reversion,-1,-2.021154437531415,0,0.64,0.14,0.13,2.05,2.33,1.19,0.07,skip,"(1.0, 1.5]","(0.6, 0.8]"
BTC,2026-07-17 14:10:00+00:00,vwap_reversion,-1,1.2425395089652038,1,0.67,0.46,0.36,0.58,2.82,1.66,0.15,wait,"(1.5, 2.0]","(0.6, 0.8]"
BTC,2026-07-17 16:10:00+00:00,vwap_reversion,-1,-1.4451702205980708,0,0.64,0.84,0.32,0.55,2.21,1.71,0.12,wait,"(1.5, 2.0]","(0.6, 0.8]"
BTC,2026-07-17 16:50:00+00:00,vwap_reversion,-1,-1.4468515235622224,0,0.61,0.86,0.29,2.09,2.67,1.22,0.04,wait,"(1.0, 1.5]","(0.6, 0.8]"
BTC,2026-07-17 17:10:00+00:00,vwap_reversion,-1,-1.4114102280708554,0,0.71,0.83,0.29,2.17,2.93,1.86,0.22,wait,"(1.5, 2.0]","(0.6, 0.8]"
BTC,2026-07-17 17:15:00+00:00,vwap_reversion,-1,-1.4180332191360174,0,0.65,0.86,0.38,2.22,2.85,1.88,0.15,wait,"(1.5, 2.0]","(0.6, 0.8]"
BTC,2026-07-17 17:25:00+00:00,vwap_reversion,-1,-1.432020511279506,0,0.69,0.85,0.27,2.12,2.84,1.8,0.15,wait,"(1.5, 2.0]","(0.6, 0.8]"
BTC,2026-07-17 17:40:00+00:00,vwap_reversion,-1,-1.4632584238114044,0,0.67,0.86,0.32,2.29,2.63,1.75,0.15,wait,"(1.5, 2.0]","(0.6, 0.8]"
BTC,2026-07-17 17:45:00+00:00,vwap_reversion,-1,1.2190473886343176,1,0.53,0.86,0.34,2.94,2.37,1.53,0.12,wait,"(1.5, 2.0]","(0.4, 0.6]"
BTC,2026-07-17 18:00:00+00:00,vwap_reversion,-1,-1.4701256965815948,0,0.54,0.4,0.33,2.95,2.37,1.41,0.06,wait,"(1.0, 1.5]","(0.4, 0.6]"
BTC,2026-07-17 18:50:00+00:00,vwap_reversion,-1,1.1714043595062265,1,0.74,0.89,0.31,2.08,2.94,1.97,0.2,wait,"(1.5, 2.0]","(0.6, 0.8]"
BTC,2026-07-18 11:55:00+00:00,vwap_reversion,-1,-5.148664530178714,0,0.5,0.34,0.14,2.88,2.42,0.91,0.03,skip,"(-0.1, 1.0]","(0.4, 0.6]"
BTC,2026-07-18 12:05:00+00:00,vwap_reversion,-1,-0.07337817786518981,1,0.67,0.72,0.13,2.93,2.99,1.52,0.11,skip,"(1.5, 2.0]","(0.6, 0.8]"
BTC,2026-07-18 12:10:00+00:00,vwap_reversion,-1,-0.07099704504724529,1,0.45,0.83,0.13,2.86,2.47,1.15,0.04,skip,"(1.0, 1.5]","(0.4, 0.6]"
BTC,2026-07-18 12:25:00+00:00,vwap_reversion,-1,-3.017292619884405,0,0.48,0.37,0.13,2.91,2.52,0.86,0.01,skip,"(-0.1, 1.0]","(0.4, 0.6]"
BTC,2026-07-18 12:45:00+00:00,vwap_reversion,-1,0.503868701544035,1,0.65,0.4,0.14,2.99,2.95,1.09,0.03,skip,"(1.0, 1.5]","(0.6, 0.8]"
BTC,2026-07-18 12:55:00+00:00,vwap_reversion,-1,0.43706569299808296,1,0.63,0.39,0.15,2.99,2.77,1.02,0.02,skip,"(1.0, 1.5]","(0.6, 0.8]"
BTC,2026-07-18 14:30:00+00:00,vwap_reversion,-1,0.5067821414764485,1,0.36,0.42,0.13,2.9,2.19,0.52,0.0,skip,"(-0.1, 1.0]","(0.2, 0.4]"
BTC,2026-07-18 16:55:00+00:00,vwap_reversion,-1,-2.6004438629374595,0,0.5,0.81,0.14,2.94,2.55,1.27,0.05,skip,"(1.0, 1.5]","(0.4, 0.6]"
BTC,2026-07-18 17:00:00+00:00,vwap_reversion,-1,-2.5963973559123765,0,0.68,0.78,0.14,2.86,2.99,1.38,0.05,skip,"(1.0, 1.5]","(0.6, 0.8]"
BTC,2026-07-18 17:20:00+00:00,vwap_reversion,-1,-2.3154749485026898,0,0.34,0.32,0.14,2.99,2.49,0.66,0.01,skip,"(-0.1, 1.0]","(0.2, 0.4]"
BTC,2026-07-18 17:30:00+00:00,vwap_reversion,-1,-2.395594719743645,0,0.53,0.69,0.14,2.99,2.87,1.12,0.03,skip,"(1.0, 1.5]","(0.4, 0.6]"
BTC,2026-07-18 17:45:00+00:00,vwap_reversion,-1,-2.2346406585343903,0,0.68,0.39,0.14,3.0,2.96,1.18,0.05,skip,"(1.0, 1.5]","(0.6, 0.8]"
BTC,2026-07-18 18:25:00+00:00,vwap_reversion,-1,0.8067109763071846,1,0.65,0.34,0.14,3.0,3.0,1.21,0.03,skip,"(1.0, 1.5]","(0.6, 0.8]"
BTC,2026-07-18 18:35:00+00:00,vwap_reversion,-1,-2.0706546180951695,0,0.5,0.39,0.14,3.0,2.39,0.84,0.01,skip,"(-0.1, 1.0]","(0.4, 0.6]"
BTC,2026-07-18 18:55:00+00:00,vwap_reversion,-1,-2.157966080035813,0,0.35,0.37,0.13,3.0,1.21,0.59,0.01,skip,"(-0.1, 1.0]","(0.2, 0.4]"
BTC,2026-07-18 19:00:00+00:00,vwap_reversion,-1,-2.219607262745791,0,0.53,0.84,0.14,3.0,1.96,0.79,0.01,skip,"(-0.1, 1.0]","(0.4, 0.6]"
BTC,2026-07-18 19:15:00+00:00,vwap_reversion,-1,0.7007952425222649,1,0.39,0.7,0.13,3.0,2.53,0.84,0.01,skip,"(-0.1, 1.0]","(0.2, 0.4]"
BTC,2026-07-18 19:55:00+00:00,vwap_reversion,-1,-2.5195313870447222,0,0.51,0.87,0.14,2.99,2.12,0.78,0.01,skip,"(-0.1, 1.0]","(0.4, 0.6]"
BTC,2026-07-18 20:10:00+00:00,vwap_reversion,-1,-2.450022469817455,0,0.45,0.86,0.13,2.99,2.16,0.84,0.02,skip,"(-0.1, 1.0]","(0.4, 0.6]"
BTC,2026-07-18 20:20:00+00:00,vwap_reversion,-1,0.6475745541089479,1,0.5,0.79,0.13,2.99,2.75,1.18,0.03,skip,"(1.0, 1.5]","(0.4, 0.6]"
BTC,2026-07-18 20:25:00+00:00,vwap_reversion,-1,0.6476470844055857,1,0.43,0.36,0.14,2.99,2.02,0.84,0.01,skip,"(-0.1, 1.0]","(0.4, 0.6]"
BTC,2026-07-18 20:55:00+00:00,vwap_reversion,-1,-2.326689169651527,0,0.44,0.87,0.13,3.0,2.19,0.81,0.01,skip,"(-0.1, 1.0]","(0.4, 0.6]"
BTC,2026-07-18 21:15:00+00:00,vwap_reversion,-1,0.763926059819465,1,0.63,0.8,0.13,3.0,2.92,0.99,0.01,skip,"(-0.1, 1.0]","(0.6, 0.8]"
BTC,2026-07-18 22:10:00+00:00,vwap_reversion,-1,-1.8460793751167408,0,0.57,0.82,0.13,2.99,2.57,0.81,0.01,skip,"(-0.1, 1.0]","(0.4, 0.6]"
BTC,2026-07-19 02:10:00+00:00,vwap_reversion,-1,0.49862504711715555,1,0.48,0.85,0.13,2.99,2.35,1.05,0.04,skip,"(1.0, 1.5]","(0.4, 0.6]"
BTC,2026-07-19 02:30:00+00:00,vwap_reversion,-1,-2.3821417441687878,0,0.4,0.84,0.13,2.98,1.93,0.63,0.01,skip,"(-0.1, 1.0]","(0.2, 0.4]"
BTC,2026-07-19 22:20:00+00:00,vwap_reversion,-1,1.0667597746115967,1,0.64,0.37,0.33,0.67,2.99,1.88,0.22,wait,"(1.5, 2.0]","(0.6, 0.8]"
BTC,2026-07-19 22:25:00+00:00,vwap_reversion,-1,1.0548042467710386,1,0.61,0.7,0.14,0.77,2.98,1.32,0.04,skip,"(1.0, 1.5]","(0.6, 0.8]"
BTC,2026-07-20 11:35:00+00:00,vwap_reversion,-1,-1.6099764302361528,0,0.52,0.88,0.32,0.65,2.59,1.8,0.11,wait,"(1.5, 2.0]","(0.4, 0.6]"
BTC,2026-07-20 11:40:00+00:00,vwap_reversion,-1,-1.6103091811225216,0,0.5,0.89,0.33,0.61,2.5,1.83,0.14,wait,"(1.5, 2.0]","(0.4, 0.6]"
BTC,2026-07-20 11:55:00+00:00,vwap_reversion,-1,1.1324378583390133,1,0.71,0.88,0.29,2.13,2.99,1.93,0.16,wait,"(1.5, 2.0]","(0.6, 0.8]"
BTC,2026-07-20 15:20:00+00:00,vwap_reversion,-1,-1.4025923702593517,0,0.65,0.83,0.3,0.59,2.87,1.97,0.14,wait,"(1.5, 2.0]","(0.6, 0.8]"
BTC,2026-07-20 15:45:00+00:00,vwap_reversion,-1,-1.3744753036228687,0,0.47,0.82,0.33,2.1,2.45,1.55,0.07,wait,"(1.5, 2.0]","(0.4, 0.6]"
BTC,2026-07-20 15:50:00+00:00,vwap_reversion,-1,-0.6587899416585747,0,0.52,0.74,0.84,2.13,2.83,2.4,0.26,wait,"(2.0, 2.5]","(0.4, 0.6]"
BTC,2026-07-20 15:55:00+00:00,vwap_reversion,-1,-0.3163989090404794,0,0.58,0.82,0.33,2.16,2.53,1.88,0.18,wait,"(1.5, 2.0]","(0.4, 0.6]"
BTC,2026-07-20 16:00:00+00:00,vwap_reversion,-1,-0.8582288187399569,0,0.68,0.85,0.28,2.93,2.92,1.84,0.17,wait,"(1.5, 2.0]","(0.6, 0.8]"
BTC,2026-07-20 16:10:00+00:00,vwap_reversion,-1,-1.376416766865276,0,0.53,0.86,0.34,2.94,2.37,1.53,0.12,wait,"(1.5, 2.0]","(0.4, 0.6]"
BTC,2026-07-20 16:30:00+00:00,vwap_reversion,-1,-1.4237004332998666,0,0.66,0.39,0.4,2.93,2.6,1.71,0.14,wait,"(1.5, 2.0]","(0.6, 0.8]"
BTC,2026-07-20 17:50:00+00:00,vwap_reversion,-1,-1.5660721714163024,0,0.38,0.89,0.32,2.82,2.03,1.15,0.02,wait,"(1.0, 1.5]","(0.2, 0.4]"
BTC,2026-07-20 17:55:00+00:00,vwap_reversion,-1,-1.5783699196309195,0,0.67,0.86,0.3,2.77,2.7,1.58,0.17,wait,"(1.5, 2.0]","(0.6, 0.8]"
BTC,2026-07-20 18:00:00+00:00,vwap_reversion,-1,-1.57816600619775,0,0.71,0.87,0.31,2.92,2.73,1.79,0.16,wait,"(1.5, 2.0]","(0.6, 0.8]"
BTC,2026-07-21 00:40:00+00:00,vwap_reversion,-1,-1.7822464011749322,0,0.38,0.85,0.13,1.7,2.08,0.88,0.01,skip,"(-0.1, 1.0]","(0.2, 0.4]"
BTC,2026-07-21 03:55:00+00:00,vwap_reversion,-1,-1.864541403977834,0,0.34,0.87,0.14,2.87,1.9,0.43,0.0,skip,"(-0.1, 1.0]","(0.2, 0.4]"
BTC,2026-07-21 04:05:00+00:00,vwap_reversion,-1,1.0028304055885364,1,0.42,0.87,0.14,2.88,2.09,1.04,0.02,skip,"(1.0, 1.5]","(0.4, 0.6]"
BTC,2026-07-21 05:45:00+00:00,vwap_reversion,-1,1.0361855665413837,1,0.44,0.66,0.13,2.94,2.71,1.2,0.05,skip,"(1.0, 1.5]","(0.4, 0.6]"
BTC,2026-07-21 06:00:00+00:00,vwap_reversion,-1,1.0379329472035383,1,0.59,0.84,0.14,2.92,2.37,1.02,0.02,skip,"(1.0, 1.5]","(0.4, 0.6]"
BTC,2026-07-21 06:25:00+00:00,vwap_reversion,-1,-1.7112781783171582,0,0.57,0.83,0.14,2.88,2.5,0.83,0.01,skip,"(-0.1, 1.0]","(0.4, 0.6]"
BTC,2026-07-21 06:35:00+00:00,vwap_reversion,-1,-1.7074353297673373,0,0.67,0.81,0.14,2.88,2.85,1.2,0.03,wait,"(1.0, 1.5]","(0.6, 0.8]"
BTC,2026-07-21 06:50:00+00:00,vwap_reversion,-1,-1.7429786262652835,0,0.66,0.83,0.13,2.8,2.54,1.08,0.02,skip,"(1.0, 1.5]","(0.6, 0.8]"
BTC,2026-07-21 06:55:00+00:00,vwap_reversion,-1,-1.7629846277262173,0,0.61,0.83,0.14,2.86,2.48,1.1,0.02,skip,"(1.0, 1.5]","(0.6, 0.8]"
BTC,2026-07-21 07:00:00+00:00,vwap_reversion,-1,-1.7853221319538757,0,0.66,0.84,0.13,2.99,2.59,1.11,0.03,skip,"(1.0, 1.5]","(0.6, 0.8]"
BTC,2026-07-21 07:30:00+00:00,vwap_reversion,-1,-1.7509183185619914,0,0.47,0.86,0.13,2.88,1.89,1.02,0.02,skip,"(1.0, 1.5]","(0.4, 0.6]"
BTC,2026-07-21 07:35:00+00:00,vwap_reversion,-1,-1.7668106052642547,0,0.45,0.87,0.13,2.87,2.24,0.86,0.01,skip,"(-0.1, 1.0]","(0.4, 0.6]"
BTC,2026-07-21 07:40:00+00:00,vwap_reversion,-1,-1.7364737893644926,0,0.64,0.87,0.14,2.82,2.85,1.18,0.04,skip,"(1.0, 1.5]","(0.6, 0.8]"
BTC,2026-07-21 07:50:00+00:00,vwap_reversion,-1,-1.6681418381064892,0,0.66,0.81,0.39,2.99,2.94,1.44,0.06,wait,"(1.0, 1.5]","(0.6, 0.8]"
BTC,2026-07-21 07:55:00+00:00,vwap_reversion,-1,-1.6844788731760754,0,0.66,0.84,0.31,2.99,2.88,1.64,0.15,wait,"(1.5, 2.0]","(0.6, 0.8]"
BTC,2026-07-21 08:20:00+00:00,vwap_reversion,-1,1.0757605378387252,1,0.68,0.83,0.33,3.0,2.91,1.59,0.11,wait,"(1.5, 2.0]","(0.6, 0.8]"
BTC,2026-07-21 08:30:00+00:00,vwap_reversion,-1,-1.672007642732752,0,0.64,0.41,0.32,3.0,2.45,1.17,0.07,wait,"(1.0, 1.5]","(0.6, 0.8]"
BTC,2026-07-21 08:45:00+00:00,vwap_reversion,-1,-1.6564177718144972,0,0.55,0.84,0.35,3.0,2.33,1.19,0.04,wait,"(1.0, 1.5]","(0.4, 0.6]"
BTC,2026-07-21 09:30:00+00:00,vwap_reversion,-1,-1.8542422503393632,0,0.33,0.34,0.14,3.0,2.0,0.51,0.0,skip,"(-0.1, 1.0]","(0.2, 0.4]"
BTC,2026-07-21 10:10:00+00:00,vwap_reversion,-1,0.911926165748459,1,0.43,0.13,0.14,3.0,2.13,0.74,0.01,skip,"(-0.1, 1.0]","(0.4, 0.6]"
BTC,2026-07-21 10:15:00+00:00,vwap_reversion,-1,0.9101557206335349,1,0.48,0.13,0.13,3.0,2.18,0.74,0.01,skip,"(-0.1, 1.0]","(0.4, 0.6]"
BTC,2026-07-21 12:10:00+00:00,vwap_reversion,-1,-1.9817612793055053,0,0.38,0.3,0.14,2.99,2.09,0.58,0.01,skip,"(-0.1, 1.0]","(0.2, 0.4]"
BTC,2026-07-21 12:20:00+00:00,vwap_reversion,-1,-1.90956417819944,0,0.54,0.88,0.15,2.98,2.61,0.83,0.02,skip,"(-0.1, 1.0]","(0.4, 0.6]"
BTC,2026-07-21 12:30:00+00:00,vwap_reversion,-1,-1.8735484213020477,0,0.66,0.87,0.15,2.98,2.8,1.13,0.04,skip,"(1.0, 1.5]","(0.6, 0.8]"
BTC,2026-07-21 13:55:00+00:00,vwap_reversion,-1,-1.5870902193605008,0,0.53,0.83,0.32,2.98,2.38,1.57,0.12,wait,"(1.5, 2.0]","(0.4, 0.6]"
BTC,2026-07-21 14:05:00+00:00,vwap_reversion,-1,-1.5633467507298833,0,0.68,0.84,0.38,2.98,2.89,1.71,0.14,wait,"(1.5, 2.0]","(0.6, 0.8]"
BTC,2026-07-21 23:55:00+00:00,vwap_reversion,-1,-2.2038624016143964,0,0.68,0.33,0.14,1.7,2.91,1.32,0.07,skip,"(1.0, 1.5]","(0.6, 0.8]"
BTC,2026-07-24 03:15:00+00:00,vwap_reversion,-1,-1.7487857216429605,0,0.51,0.81,0.12,0.61,2.42,1.23,0.05,skip,"(1.0, 1.5]","(0.4, 0.6]"
BTC,2026-07-24 03:20:00+00:00,vwap_reversion,-1,-1.7563178982774987,0,0.41,0.82,0.15,0.65,2.05,0.99,0.02,skip,"(-0.1, 1.0]","(0.4, 0.6]"
BTC,2026-07-24 03:25:00+00:00,vwap_reversion,-1,-1.7499767350729332,0,0.61,0.38,0.14,0.64,2.29,1.2,0.04,wait,"(1.0, 1.5]","(0.6, 0.8]"
BTC,2026-07-24 03:30:00+00:00,vwap_reversion,-1,-1.748578589404352,0,0.55,0.36,0.13,2.19,2.24,0.97,0.01,skip,"(-0.1, 1.0]","(0.4, 0.6]"
BTC,2026-07-24 04:00:00+00:00,vwap_reversion,-1,0.9693106141148243,1,0.49,0.86,0.14,2.15,2.24,1.16,0.03,skip,"(1.0, 1.5]","(0.4, 0.6]"
BTC,2026-07-24 06:25:00+00:00,vwap_reversion,-1,-2.098334093943247,0,0.53,0.78,0.13,2.15,2.98,0.83,0.01,skip,"(-0.1, 1.0]","(0.4, 0.6]"
BTC,2026-07-24 06:35:00+00:00,vwap_reversion,-1,-2.046384860708385,0,0.55,0.87,0.13,2.13,2.36,1.26,0.04,skip,"(1.0, 1.5]","(0.4, 0.6]"
BTC,2026-07-24 07:00:00+00:00,vwap_reversion,-1,-2.072945543495417,0,0.44,0.87,0.13,2.13,2.17,0.97,0.02,skip,"(-0.1, 1.0]","(0.4, 0.6]"
BTC,2026-07-24 07:15:00+00:00,vwap_reversion,-1,0.9342251244080626,1,0.44,0.78,0.13,2.95,2.79,1.26,0.04,skip,"(1.0, 1.5]","(0.4, 0.6]"
BTC,2026-07-24 07:25:00+00:00,vwap_reversion,-1,0.9361673185992944,1,0.46,0.87,0.14,2.95,2.31,1.05,0.02,skip,"(1.0, 1.5]","(0.4, 0.6]"
BTC,2026-07-25 11:30:00+00:00,vwap_reversion,-1,-3.4556747945435284,0,0.61,0.37,0.15,2.0,2.13,1.11,0.03,wait,"(1.0, 1.5]","(0.6, 0.8]"
BTC,2026-07-25 13:45:00+00:00,vwap_reversion,-1,-0.12053448649405263,1,0.51,0.79,0.14,2.85,2.73,1.34,0.04,skip,"(1.0, 1.5]","(0.4, 0.6]"
BTC,2026-07-25 15:10:00+00:00,vwap_reversion,-1,-3.241558861601663,0,0.42,0.85,0.13,2.14,2.27,0.87,0.01,skip,"(-0.1, 1.0]","(0.4, 0.6]"
BTC,2026-07-25 15:15:00+00:00,vwap_reversion,-1,0.12110862485497019,1,0.56,0.86,0.14,2.95,2.47,0.9,0.02,skip,"(-0.1, 1.0]","(0.4, 0.6]"
BTC,2026-07-25 17:25:00+00:00,vwap_reversion,-1,-3.192544265750584,0,0.43,0.87,0.15,1.94,2.19,1.01,0.03,skip,"(1.0, 1.5]","(0.4, 0.6]"
BTC,2026-07-25 18:00:00+00:00,vwap_reversion,-1,-2.449235370313388,0,0.43,0.78,0.13,2.11,2.48,1.12,0.02,skip,"(1.0, 1.5]","(0.4, 0.6]"
BTC,2026-07-25 18:05:00+00:00,vwap_reversion,-1,-2.438465546384768,0,0.44,0.82,0.14,2.14,2.28,1.19,0.03,skip,"(1.0, 1.5]","(0.4, 0.6]"
BTC,2026-07-25 18:10:00+00:00,vwap_reversion,-1,-2.460398400788799,0,0.71,0.83,0.15,2.13,2.83,1.36,0.06,skip,"(1.0, 1.5]","(0.6, 0.8]"
BTC,2026-07-25 18:30:00+00:00,vwap_reversion,-1,0.6213452760099816,1,0.64,0.36,0.13,2.18,3.0,1.29,0.03,skip,"(1.0, 1.5]","(0.6, 0.8]"
BTC,2026-07-25 18:50:00+00:00,vwap_reversion,-1,-2.491857677803723,0,0.36,0.36,0.13,2.93,1.24,0.76,0.01,skip,"(-0.1, 1.0]","(0.2, 0.4]"
BTC,2026-07-25 18:55:00+00:00,vwap_reversion,-1,0.5613272109386828,1,0.44,0.85,0.14,2.94,2.0,0.9,0.01,skip,"(-0.1, 1.0]","(0.4, 0.6]"
BTC,2026-07-26 00:25:00+00:00,vwap_reversion,-1,-0.002359755035847425,1,0.42,0.26,0.13,1.75,2.7,0.75,0.01,skip,"(-0.1, 1.0]","(0.4, 0.6]"
BTC,2026-07-26 12:05:00+00:00,vwap_reversion,-1,-3.899283974449335,0,0.65,0.81,0.14,1.67,2.94,1.51,0.1,skip,"(1.5, 2.0]","(0.6, 0.8]"
BTC,2026-07-26 14:05:00+00:00,vwap_reversion,-1,-2.388543875967096,0,0.44,0.35,0.13,0.69,2.77,1.1,0.02,skip,"(1.0, 1.5]","(0.4, 0.6]"
BTC,2026-07-26 14:30:00+00:00,vwap_reversion,-1,-2.3808959802721383,0,0.48,0.38,0.14,2.23,2.3,0.91,0.01,skip,"(-0.1, 1.0]","(0.4, 0.6]"
BTC,2026-07-26 14:35:00+00:00,vwap_reversion,-1,-2.399364055846913,0,0.59,0.42,0.15,2.13,2.48,0.93,0.02,skip,"(-0.1, 1.0]","(0.4, 0.6]"
BTC,2026-07-26 14:40:00+00:00,vwap_reversion,-1,-2.3607958673851757,0,0.41,0.4,0.13,2.11,2.38,0.89,0.01,skip,"(-0.1, 1.0]","(0.4, 0.6]"
BTC,2026-07-26 14:45:00+00:00,vwap_reversion,-1,-2.3185272587000907,0,0.65,0.4,0.15,2.22,2.98,1.26,0.03,wait,"(1.0, 1.5]","(0.6, 0.8]"
BTC,2026-07-26 14:50:00+00:00,vwap_reversion,-1,-2.3879929580505626,0,0.44,0.24,0.13,2.17,2.29,0.85,0.01,skip,"(-0.1, 1.0]","(0.4, 0.6]"
BTC,2026-07-26 15:00:00+00:00,vwap_reversion,-1,-2.350253174928592,0,0.63,0.41,0.14,2.9,2.8,1.17,0.03,skip,"(1.0, 1.5]","(0.6, 0.8]"
BTC,2026-07-26 15:20:00+00:00,vwap_reversion,-1,-2.2781918551740326,0,0.65,0.43,0.13,2.86,2.82,1.08,0.03,skip,"(1.0, 1.5]","(0.6, 0.8]"
BTC,2026-07-26 15:35:00+00:00,vwap_reversion,-1,0.6929106553264391,1,0.46,0.37,0.13,2.9,2.4,0.89,0.02,skip,"(-0.1, 1.0]","(0.4, 0.6]"
BTC,2026-07-26 15:40:00+00:00,vwap_reversion,-1,0.6651587903516093,1,0.62,0.25,0.14,2.94,2.73,0.87,0.01,skip,"(-0.1, 1.0]","(0.6, 0.8]"
BTC,2026-07-26 15:55:00+00:00,vwap_reversion,-1,-2.417829751364045,0,0.62,0.38,0.14,2.87,2.53,1.11,0.03,skip,"(1.0, 1.5]","(0.6, 0.8]"
BTC,2026-07-26 16:30:00+00:00,vwap_reversion,-1,0.7465988107888277,1,0.43,0.35,0.13,2.91,2.57,1.01,0.03,skip,"(1.0, 1.5]","(0.4, 0.6]"
BTC,2026-07-26 16:35:00+00:00,vwap_reversion,-1,0.7576271118814042,1,0.29,0.38,0.14,2.91,1.93,0.53,0.0,skip,"(-0.1, 1.0]","(0.2, 0.4]"
BTC,2026-07-26 21:25:00+00:00,vwap_reversion,-1,-3.0935770153346094,0,0.67,0.29,0.15,1.71,2.99,1.36,0.07,skip,"(1.0, 1.5]","(0.6, 0.8]"
BTC,2026-07-26 21:40:00+00:00,vwap_reversion,-1,-2.9293274562247738,0,0.65,0.87,0.14,1.67,2.68,1.38,0.07,skip,"(1.0, 1.5]","(0.6, 0.8]"
BTC,2026-07-26 21:45:00+00:00,vwap_reversion,-1,-2.5835615780847827,0,0.42,0.86,0.14,2.92,2.32,0.86,0.01,skip,"(-0.1, 1.0]","(0.4, 0.6]"
BTC,2026-07-26 21:55:00+00:00,vwap_reversion,-1,-2.57404055641891,0,0.62,0.87,0.14,2.84,2.92,1.31,0.05,skip,"(1.0, 1.5]","(0.6, 0.8]"
BTC,2026-07-26 22:05:00+00:00,vwap_reversion,-1,-1.9569356970533034,0,0.45,0.31,0.13,2.96,2.85,1.2,0.03,skip,"(1.0, 1.5]","(0.4, 0.6]"
BTC,2026-07-26 22:10:00+00:00,vwap_reversion,-1,-1.9562741354373978,0,0.69,0.33,0.14,2.81,3.0,1.45,0.07,skip,"(1.0, 1.5]","(0.6, 0.8]"
BTC,2026-07-26 22:15:00+00:00,vwap_reversion,-1,-1.9483001908422695,0,0.65,0.32,0.14,2.99,3.0,1.25,0.05,skip,"(1.0, 1.5]","(0.6, 0.8]"
BTC,2026-07-26 22:20:00+00:00,vwap_reversion,-1,-1.9586188198603331,0,0.65,0.35,0.15,2.99,2.99,1.26,0.04,skip,"(1.0, 1.5]","(0.6, 0.8]"
BTC,2026-07-26 22:25:00+00:00,vwap_reversion,-1,-1.932040172421392,0,0.67,0.34,0.14,3.0,3.0,1.43,0.08,skip,"(1.0, 1.5]","(0.6, 0.8]"
BTC,2026-07-26 22:35:00+00:00,vwap_reversion,-1,-1.7965487007015777,0,0.67,0.32,0.13,2.99,3.0,1.32,0.08,skip,"(1.0, 1.5]","(0.6, 0.8]"
BTC,2026-07-26 22:40:00+00:00,vwap_reversion,-1,-1.792060217561904,0,0.46,0.3,0.14,2.99,2.85,1.11,0.04,skip,"(1.0, 1.5]","(0.4, 0.6]"
BTC,2026-07-26 23:00:00+00:00,vwap_reversion,-1,-1.7924615566190145,0,0.63,0.33,0.14,3.0,2.99,1.13,0.04,skip,"(1.0, 1.5]","(0.6, 0.8]"
BTC,2026-07-26 23:15:00+00:00,vwap_reversion,-1,-1.684608197024481,0,0.62,0.41,0.36,3.0,2.75,1.46,0.12,wait,"(1.0, 1.5]","(0.6, 0.8]"
BTC,2026-07-26 23:20:00+00:00,vwap_reversion,-1,-1.7105374183112587,0,0.61,0.38,0.14,3.0,2.81,1.09,0.06,skip,"(1.0, 1.5]","(0.6, 0.8]"
BTC,2026-07-26 23:45:00+00:00,vwap_reversion,-1,1.0383458855159835,1,0.48,0.36,0.14,3.0,1.95,0.69,0.01,skip,"(-0.1, 1.0]","(0.4, 0.6]"
BTC,2026-07-26 23:50:00+00:00,vwap_reversion,-1,1.0259634524783687,1,0.5,0.37,0.15,3.0,2.28,0.65,0.01,skip,"(-0.1, 1.0]","(0.4, 0.6]"
BTC,2026-07-27 04:20:00+00:00,vwap_reversion,-1,0.9351052163298316,1,0.59,0.88,0.14,2.8,2.22,0.93,0.01,skip,"(-0.1, 1.0]","(0.4, 0.6]"
BTC,2026-07-27 06:05:00+00:00,vwap_reversion,-1,-1.8657432660082978,0,0.62,0.8,0.14,2.87,2.89,1.21,0.04,skip,"(1.0, 1.5]","(0.6, 0.8]"
BTC,2026-07-27 06:10:00+00:00,vwap_reversion,-1,0.9716466182248183,1,0.61,0.87,0.13,2.9,2.52,0.95,0.02,skip,"(-0.1, 1.0]","(0.6, 0.8]"
BTC,2026-07-27 06:15:00+00:00,vwap_reversion,-1,0.9732332519406292,1,0.6,0.86,0.14,2.89,2.49,1.07,0.03,skip,"(1.0, 1.5]","(0.4, 0.6]"
BTC,2026-07-27 13:45:00+00:00,vwap_reversion,-1,1.1843799585788466,1,0.63,0.37,0.36,0.54,2.99,1.98,0.15,wait,"(1.5, 2.0]","(0.6, 0.8]"
BTC,2026-07-28 05:05:00+00:00,vwap_reversion,-1,-2.003393883435777,0,0.72,0.13,0.13,0.23,2.54,1.55,0.1,wait,"(1.5, 2.0]","(0.6, 0.8]"
BTC,2026-07-28 06:55:00+00:00,vwap_reversion,-1,0.7466862176947052,1,0.71,0.24,0.14,0.67,2.94,1.44,0.05,wait,"(1.0, 1.5]","(0.6, 0.8]"
BTC,2026-07-28 07:00:00+00:00,vwap_reversion,-1,-2.1930781078469006,0,0.4,0.19,0.14,1.86,2.18,0.8,0.01,skip,"(-0.1, 1.0]","(0.2, 0.4]"
BTC,2026-07-28 15:25:00+00:00,vwap_reversion,-1,-1.3543840568068695,0,0.39,0.4,0.37,0.76,2.19,1.21,0.04,wait,"(1.0, 1.5]","(0.2, 0.4]"
BTC,2026-07-28 15:30:00+00:00,vwap_reversion,-1,-1.3578298793478043,0,0.63,0.28,0.35,2.05,2.59,1.49,0.11,wait,"(1.0, 1.5]","(0.6, 0.8]"
BTC,2026-07-28 15:40:00+00:00,vwap_reversion,-1,-1.3742207388450651,0,0.68,0.41,0.4,1.98,2.9,1.63,0.07,wait,"(1.5, 2.0]","(0.6, 0.8]"
BTC,2026-07-28 15:45:00+00:00,vwap_reversion,-1,-1.3747389747427003,0,0.71,0.42,0.35,2.04,2.87,1.79,0.12,wait,"(1.5, 2.0]","(0.6, 0.8]"
BTC,2026-07-28 16:55:00+00:00,vwap_reversion,-1,1.1720644181875588,1,0.67,0.41,0.38,2.09,2.66,1.73,0.11,wait,"(1.5, 2.0]","(0.6, 0.8]"
BTC,2026-07-28 20:05:00+00:00,vwap_reversion,-1,-1.733351998076805,0,0.51,0.22,0.14,0.69,2.39,0.96,0.01,skip,"(-0.1, 1.0]","(0.4, 0.6]"
BTC,2026-07-28 21:35:00+00:00,vwap_reversion,-1,-2.057446806928025,0,0.37,0.23,0.14,1.97,2.08,0.85,0.01,skip,"(-0.1, 1.0]","(0.2, 0.4]"
BTC,2026-07-28 21:45:00+00:00,vwap_reversion,-1,0.8266376668791777,1,0.57,0.18,0.14,2.12,2.48,0.89,0.01,skip,"(-0.1, 1.0]","(0.4, 0.6]"
BTC,2026-07-28 21:50:00+00:00,vwap_reversion,-1,0.8111795511814737,1,0.51,0.11,0.14,2.12,2.16,0.92,0.01,skip,"(-0.1, 1.0]","(0.4, 0.6]"
BTC,2026-07-29 06:00:00+00:00,vwap_reversion,-1,-1.8747429915258222,0,0.59,0.29,0.13,2.19,2.28,1.04,0.03,skip,"(1.0, 1.5]","(0.4, 0.6]"
BTC,2026-07-29 06:30:00+00:00,vwap_reversion,-1,-1.7688186677626319,0,0.67,0.79,0.13,2.19,3.0,1.54,0.09,skip,"(1.5, 2.0]","(0.6, 0.8]"
BTC,2026-07-29 06:35:00+00:00,vwap_reversion,-1,-1.7932324178612171,0,0.7,0.84,0.14,2.16,2.94,1.45,0.09,skip,"(1.0, 1.5]","(0.6, 0.8]"
BTC,2026-07-29 06:50:00+00:00,vwap_reversion,-1,-1.8600249392544512,0,0.66,0.23,0.13,2.94,2.79,1.19,0.04,skip,"(1.0, 1.5]","(0.6, 0.8]"
BTC,2026-07-29 07:05:00+00:00,vwap_reversion,-1,-1.9400986205442639,0,0.53,0.31,0.14,3.0,2.47,1.17,0.03,skip,"(1.0, 1.5]","(0.4, 0.6]"
BTC,2026-07-29 07:10:00+00:00,vwap_reversion,-1,-1.9682876836264123,0,0.69,0.23,0.13,2.99,2.9,1.3,0.05,skip,"(1.0, 1.5]","(0.6, 0.8]"
BTC,2026-07-29 07:20:00+00:00,vwap_reversion,-1,-1.962858453819837,0,0.47,0.3,0.13,2.99,1.82,1.04,0.02,skip,"(1.0, 1.5]","(0.4, 0.6]"
BTC,2026-07-29 08:00:00+00:00,vwap_reversion,-1,0.8868478634774305,1,0.4,0.28,0.14,2.99,1.49,0.72,0.01,skip,"(-0.1, 1.0]","(0.2, 0.4]"
BTC,2026-07-29 09:40:00+00:00,vwap_reversion,-1,-1.9744881146286137,0,0.65,0.35,0.14,2.89,2.91,1.15,0.04,skip,"(1.0, 1.5]","(0.6, 0.8]"
BTC,2026-07-29 09:55:00+00:00,vwap_reversion,-1,0.9527628708647297,1,0.67,0.87,0.14,2.89,2.81,1.24,0.03,wait,"(1.0, 1.5]","(0.6, 0.8]"
BTC,2026-07-29 10:00:00+00:00,vwap_reversion,-1,0.952277664273515,1,0.44,0.88,0.14,3.0,2.25,0.93,0.02,skip,"(-0.1, 1.0]","(0.4, 0.6]"
BTC,2026-07-29 10:15:00+00:00,vwap_reversion,-1,0.8996658057409539,1,0.66,0.13,0.14,3.0,2.65,1.05,0.03,skip,"(1.0, 1.5]","(0.6, 0.8]"
BTC,2026-07-29 18:00:00+00:00,vwap_reversion,-1,1.2211402558580147,1,0.66,0.74,0.34,0.69,2.99,2.08,0.23,wait,"(2.0, 2.5]","(0.6, 0.8]"
BTC,2026-07-29 18:05:00+00:00,vwap_reversion,-1,1.2255355879624494,1,0.63,0.86,0.35,0.63,2.52,1.68,0.12,wait,"(1.5, 2.0]","(0.6, 0.8]"
BTC,2026-07-30 01:55:00+00:00,vwap_reversion,-1,-1.582053814667838,0,0.68,0.22,0.28,0.5,2.57,1.83,0.14,wait,"(1.5, 2.0]","(0.6, 0.8]"
BTC,2026-07-30 02:00:00+00:00,vwap_reversion,-1,-1.5869947956317927,0,0.68,0.23,0.3,2.22,2.51,1.71,0.14,wait,"(1.5, 2.0]","(0.6, 0.8]"
BTC,2026-07-30 02:05:00+00:00,vwap_reversion,-1,1.1366189231536634,1,0.7,0.25,0.28,2.23,2.79,1.69,0.14,wait,"(1.5, 2.0]","(0.6, 0.8]"
BTC,2026-07-30 02:10:00+00:00,vwap_reversion,-1,1.1363437299016983,1,0.68,0.24,0.27,2.11,2.76,1.77,0.11,wait,"(1.5, 2.0]","(0.6, 0.8]"
BTC,2026-07-30 02:15:00+00:00,vwap_reversion,-1,1.1307180118317943,1,0.7,0.22,0.26,2.16,2.8,1.78,0.14,wait,"(1.5, 2.0]","(0.6, 0.8]"
BTC,2026-07-30 02:20:00+00:00,vwap_reversion,-1,1.122260688826335,1,0.69,0.14,0.27,2.21,2.8,1.67,0.15,wait,"(1.5, 2.0]","(0.6, 0.8]"
BTC,2026-07-30 02:25:00+00:00,vwap_reversion,-1,1.1064969917082719,1,0.69,0.3,0.27,2.19,2.84,1.71,0.14,wait,"(1.5, 2.0]","(0.6, 0.8]"
BTC,2026-07-30 08:25:00+00:00,vwap_reversion,-1,-1.7579991041502312,0,0.5,0.87,0.13,0.4,2.25,1.43,0.06,wait,"(1.0, 1.5]","(0.4, 0.6]"
BTC,2026-07-30 08:30:00+00:00,vwap_reversion,-1,-1.765032394718436,0,0.69,0.88,0.14,0.75,2.71,1.4,0.07,wait,"(1.0, 1.5]","(0.6, 0.8]"
BTC,2026-07-30 08:35:00+00:00,vwap_reversion,-1,-1.7809054895623353,0,0.49,0.87,0.15,0.87,2.2,1.29,0.04,wait,"(1.0, 1.5]","(0.4, 0.6]"
BTC,2026-07-30 08:45:00+00:00,vwap_reversion,-1,-1.780969610611794,0,0.48,0.87,0.14,2.14,2.42,1.32,0.04,skip,"(1.0, 1.5]","(0.4, 0.6]"
BTC,2026-07-30 08:50:00+00:00,vwap_reversion,-1,-1.8047915608490364,0,0.42,0.87,0.14,2.11,2.33,1.12,0.03,skip,"(1.0, 1.5]","(0.4, 0.6]"
BTC,2026-07-30 09:15:00+00:00,vwap_reversion,-1,-1.8603325013495382,0,0.64,0.88,0.14,2.17,2.84,1.31,0.04,skip,"(1.0, 1.5]","(0.6, 0.8]"
BTC,2026-07-30 09:25:00+00:00,vwap_reversion,-1,-1.8620646518247015,0,0.68,0.86,0.14,2.14,2.98,1.44,0.07,wait,"(1.0, 1.5]","(0.6, 0.8]"
BTC,2026-07-30 09:35:00+00:00,vwap_reversion,-1,-1.8329066524226048,0,0.45,0.87,0.14,2.93,2.59,1.17,0.03,skip,"(1.0, 1.5]","(0.4, 0.6]"
BTC,2026-07-30 09:40:00+00:00,vwap_reversion,-1,-1.8396258938178807,0,0.67,0.87,0.14,2.93,2.98,1.31,0.05,skip,"(1.0, 1.5]","(0.6, 0.8]"
BTC,2026-07-30 09:45:00+00:00,vwap_reversion,-1,-1.860161240947282,0,0.68,0.8,0.14,2.93,3.0,1.48,0.06,skip,"(1.0, 1.5]","(0.6, 0.8]"
BTC,2026-07-30 09:50:00+00:00,vwap_reversion,-1,-1.892897572120328,0,0.47,0.87,0.15,2.91,2.51,1.1,0.02,skip,"(1.0, 1.5]","(0.4, 0.6]"
BTC,2026-07-30 09:55:00+00:00,vwap_reversion,-1,-1.9400246246137183,0,0.49,0.87,0.15,2.93,2.47,1.12,0.02,skip,"(1.0, 1.5]","(0.4, 0.6]"
BTC,2026-07-30 10:40:00+00:00,vwap_reversion,-1,-2.2235986057863415,0,0.51,0.11,0.13,2.99,1.63,1.0,0.02,skip,"(-0.1, 1.0]","(0.4, 0.6]"
BTC,2026-07-30 11:15:00+00:00,vwap_reversion,-1,0.6262067571928893,1,0.49,0.22,0.13,2.99,2.03,0.67,0.01,skip,"(-0.1, 1.0]","(0.4, 0.6]"
BTC,2026-07-30 11:35:00+00:00,vwap_reversion,-1,-2.2198595194352517,0,0.3,0.2,0.13,2.9,1.56,0.58,0.0,skip,"(-0.1, 1.0]","(0.2, 0.4]"
BTC,2026-07-30 12:00:00+00:00,vwap_reversion,-1,-1.9598623639323038,0,0.47,0.84,0.13,2.99,2.39,0.99,0.02,skip,"(-0.1, 1.0]","(0.4, 0.6]"
BTC,2026-07-30 12:10:00+00:00,vwap_reversion,-1,0.9333837176974957,1,0.5,0.87,0.14,2.99,2.49,1.07,0.03,skip,"(1.0, 1.5]","(0.4, 0.6]"
BTC,2026-07-30 12:15:00+00:00,vwap_reversion,-1,0.9814138030747496,1,0.46,0.87,0.14,2.99,2.33,1.09,0.03,skip,"(1.0, 1.5]","(0.4, 0.6]"
BTC,2026-07-30 12:30:00+00:00,vwap_reversion,-1,1.0028195268827365,1,0.63,0.84,0.13,2.99,2.61,1.0,0.03,skip,"(-0.1, 1.0]","(0.6, 0.8]"
BTC,2026-07-30 22:10:00+00:00,vwap_reversion,-1,-2.045736290900316,0,0.7,0.31,0.15,1.6,2.87,1.52,0.1,skip,"(1.5, 2.0]","(0.6, 0.8]"
BTC,2026-07-31 01:10:00+00:00,vwap_reversion,-1,1.1481634066988524,1,0.32,0.35,0.33,0.65,2.27,1.15,0.07,skip,"(1.0, 1.5]","(0.2, 0.4]"
BTC,2026-08-01 02:20:00+00:00,vwap_reversion,-1,-3.085467810121114,0,0.66,0.19,0.13,0.57,2.83,1.17,0.05,skip,"(1.0, 1.5]","(0.6, 0.8]"
BTC,2026-08-01 02:35:00+00:00,vwap_reversion,-1,-3.2744407424019744,0,0.65,0.23,0.14,2.05,2.83,1.26,0.04,skip,"(1.0, 1.5]","(0.6, 0.8]"
BTC,2026-08-01 02:45:00+00:00,vwap_reversion,-1,0.08679052088164829,1,0.41,0.2,0.13,2.04,2.66,1.03,0.01,skip,"(1.0, 1.5]","(0.4, 0.6]"
BTC,2026-08-01 05:10:00+00:00,vwap_reversion,-1,-0.19195321330447068,1,0.67,0.22,0.13,2.0,2.77,1.4,0.06,wait,"(1.0, 1.5]","(0.6, 0.8]"
BTC,2026-08-01 08:55:00+00:00,vwap_reversion,-1,-5.2570408747570845,0,0.36,0.18,0.13,2.12,2.02,0.78,0.01,skip,"(-0.1, 1.0]","(0.2, 0.4]"
BTC,2026-08-01 12:05:00+00:00,vwap_reversion,-1,-0.9677940206718986,1,0.42,0.31,0.14,0.79,2.19,0.94,0.02,skip,"(-0.1, 1.0]","(0.4, 0.6]"
BTC,2026-08-02 01:15:00+00:00,vwap_reversion,-1,-2.5263305890800076,0,0.66,0.27,0.15,2.17,2.99,1.34,0.07,skip,"(1.0, 1.5]","(0.6, 0.8]"
BTC,2026-08-02 01:35:00+00:00,vwap_reversion,-1,0.3992555363680798,1,0.44,0.21,0.14,2.11,2.12,0.96,0.02,skip,"(-0.1, 1.0]","(0.4, 0.6]"
BTC,2026-08-02 02:30:00+00:00,vwap_reversion,-1,-1.7353243189127994,0,0.64,0.33,0.14,2.94,3.0,1.22,0.04,skip,"(1.0, 1.5]","(0.6, 0.8]"
BTC,2026-08-02 03:05:00+00:00,vwap_reversion,-1,-1.7999678390011327,0,0.61,0.83,0.14,2.99,2.4,1.26,0.07,skip,"(1.0, 1.5]","(0.6, 0.8]"
BTC,2026-08-02 03:20:00+00:00,vwap_reversion,-1,-1.7948310297834593,0,0.64,0.81,0.14,2.99,2.73,1.13,0.02,skip,"(1.0, 1.5]","(0.6, 0.8]"
BTC,2026-08-02 03:35:00+00:00,vwap_reversion,-1,-1.8822917318590224,0,0.5,0.84,0.14,3.0,1.84,0.8,0.02,skip,"(-0.1, 1.0]","(0.4, 0.6]"
BTC,2026-08-02 03:45:00+00:00,vwap_reversion,-1,-1.9561199140274699,0,0.34,0.83,0.14,2.99,1.17,0.61,0.0,skip,"(-0.1, 1.0]","(0.2, 0.4]"
BTC,2026-08-02 04:05:00+00:00,vwap_reversion,-1,-2.034679528470918,0,0.65,0.39,0.14,3.0,2.72,1.17,0.03,skip,"(1.0, 1.5]","(0.6, 0.8]"
BTC,2026-08-02 04:10:00+00:00,vwap_reversion,-1,-2.078211786105026,0,0.49,0.84,0.13,2.99,2.1,0.98,0.03,skip,"(-0.1, 1.0]","(0.4, 0.6]"
BTC,2026-08-02 04:30:00+00:00,vwap_reversion,-1,-2.2774693464118654,0,0.46,0.83,0.14,2.99,1.85,0.96,0.02,skip,"(-0.1, 1.0]","(0.4, 0.6]"
BTC,2026-08-02 04:55:00+00:00,vwap_reversion,-1,-2.478130026164491,0,0.44,0.87,0.13,2.99,2.18,0.83,0.01,skip,"(-0.1, 1.0]","(0.4, 0.6]"
BTC,2026-08-02 18:40:00+00:00,vwap_reversion,-1,0.730255225175287,1,0.45,0.68,0.14,2.12,2.66,1.25,0.03,skip,"(1.0, 1.5]","(0.4, 0.6]"
BTC,2026-08-02 19:50:00+00:00,vwap_reversion,-1,-2.571880346145191,0,0.32,0.87,0.14,2.23,1.91,0.76,0.01,skip,"(-0.1, 1.0]","(0.2, 0.4]"
BTC,2026-08-02 21:45:00+00:00,vwap_reversion,-1,0.8878048145954318,1,0.63,0.79,0.14,2.99,2.95,1.24,0.05,skip,"(1.0, 1.5]","(0.6, 0.8]"
BTC,2026-08-02 22:10:00+00:00,vwap_reversion,-1,-1.8031638529657075,0,0.56,0.39,0.14,2.94,2.72,0.87,0.01,skip,"(-0.1, 1.0]","(0.4, 0.6]"
BTC,2026-08-02 22:15:00+00:00,vwap_reversion,-1,1.0194548980451772,1,0.52,0.4,0.15,3.0,2.41,0.89,0.01,skip,"(-0.1, 1.0]","(0.4, 0.6]"
BTC,2026-08-03 13:45:00+00:00,vwap_reversion,-1,-1.5268939483293469,0,0.59,0.39,0.45,1.96,2.96,1.65,0.11,wait,"(1.5, 2.0]","(0.4, 0.6]"
BTC,2026-08-03 14:10:00+00:00,vwap_reversion,-1,-1.4409099901544897,0,0.68,0.37,0.33,2.19,3.0,2.0,0.21,wait,"(1.5, 2.0]","(0.6, 0.8]"
BTC,2026-08-03 14:15:00+00:00,vwap_reversion,-1,-1.4299731953520731,0,0.67,0.38,0.31,2.94,2.97,1.56,0.08,wait,"(1.5, 2.0]","(0.6, 0.8]"
BTC,2026-08-03 14:30:00+00:00,vwap_reversion,-1,-1.362513441278142,0,0.71,0.37,0.34,2.94,3.0,2.15,0.28,wait,"(2.0, 2.5]","(0.6, 0.8]"
BTC,2026-08-03 14:40:00+00:00,vwap_reversion,-1,-1.3528165038814501,0,0.72,0.35,0.37,2.94,3.0,2.15,0.22,wait,"(2.0, 2.5]","(0.6, 0.8]"
BTC,2026-08-03 15:05:00+00:00,vwap_reversion,-1,-0.14942379007694878,0,0.64,0.4,0.38,2.99,2.86,1.65,0.1,wait,"(1.5, 2.0]","(0.6, 0.8]"
BTC,2026-08-03 15:10:00+00:00,vwap_reversion,-1,-0.5864120731358268,0,0.63,0.42,0.39,2.99,2.77,1.58,0.12,wait,"(1.5, 2.0]","(0.6, 0.8]"
BTC,2026-08-03 15:15:00+00:00,vwap_reversion,-1,-0.6483041462478686,0,0.59,0.4,0.33,2.99,2.76,1.61,0.09,wait,"(1.5, 2.0]","(0.4, 0.6]"
BTC,2026-08-03 15:20:00+00:00,vwap_reversion,-1,-1.397021686756181,0,0.48,0.41,0.35,2.99,2.54,1.44,0.09,wait,"(1.0, 1.5]","(0.4, 0.6]"
BTC,2026-08-03 15:30:00+00:00,vwap_reversion,-1,-1.419415056043199,0,0.5,0.23,0.33,2.99,2.44,1.18,0.05,skip,"(1.0, 1.5]","(0.4, 0.6]"
BTC,2026-08-04 01:40:00+00:00,vwap_reversion,-1,-1.690327419175221,0,0.48,0.8,0.32,0.6,2.49,1.6,0.08,wait,"(1.5, 2.0]","(0.4, 0.6]"
BTC,2026-08-04 01:45:00+00:00,vwap_reversion,-1,-1.672770930274034,0,0.63,0.84,0.35,0.72,2.78,1.75,0.09,wait,"(1.5, 2.0]","(0.6, 0.8]"
BTC,2026-08-04 02:00:00+00:00,vwap_reversion,-1,-1.6993700338575266,0,0.49,0.37,0.14,2.18,2.28,1.16,0.03,wait,"(1.0, 1.5]","(0.4, 0.6]"
BTC,2026-08-04 02:35:00+00:00,vwap_reversion,-1,1.0560220577542343,1,0.68,0.82,0.14,1.9,2.47,1.35,0.06,wait,"(1.0, 1.5]","(0.6, 0.8]"
BTC,2026-08-04 04:45:00+00:00,vwap_reversion,-1,0.9328967423401932,1,0.48,0.79,0.13,2.86,2.82,1.2,0.05,skip,"(1.0, 1.5]","(0.4, 0.6]"
BTC,2026-08-04 12:35:00+00:00,vwap_reversion,-1,0.9391997877160023,1,0.47,0.68,0.14,1.94,2.75,1.49,0.07,skip,"(1.0, 1.5]","(0.4, 0.6]"
BTC,2026-08-04 12:40:00+00:00,vwap_reversion,-1,0.945854145587281,1,0.66,0.82,0.13,2.25,2.64,1.3,0.05,wait,"(1.0, 1.5]","(0.6, 0.8]"
BTC,2026-08-04 12:50:00+00:00,vwap_reversion,-1,-1.8708241126900234,0,0.53,0.83,0.13,2.17,2.26,1.02,0.02,skip,"(1.0, 1.5]","(0.4, 0.6]"
BTC,2026-08-04 13:05:00+00:00,vwap_reversion,-1,-1.8384425827176158,0,0.62,0.83,0.13,2.88,2.5,1.12,0.02,skip,"(1.0, 1.5]","(0.6, 0.8]"
BTC,2026-08-04 14:55:00+00:00,vwap_reversion,-1,1.2011748723894866,1,0.63,0.27,0.35,0.67,2.5,1.47,0.07,wait,"(1.0, 1.5]","(0.6, 0.8]"
BTC,2026-08-04 15:00:00+00:00,vwap_reversion,-1,1.19425219099548,1,0.42,0.44,0.37,2.86,2.18,1.0,0.02,skip,"(-0.1, 1.0]","(0.4, 0.6]"
BTC,2026-08-04 18:25:00+00:00,vwap_reversion,-1,1.0923622729803348,1,0.68,0.88,0.34,1.69,2.69,1.86,0.14,wait,"(1.5, 2.0]","(0.6, 0.8]"
BTC,2026-08-04 18:30:00+00:00,vwap_reversion,-1,-1.6513775634060288,0,0.48,0.87,0.29,2.89,2.15,1.18,0.04,wait,"(1.0, 1.5]","(0.4, 0.6]"
BTC,2026-08-04 19:10:00+00:00,vwap_reversion,-1,0.9936681703666017,1,0.6,0.21,0.13,2.85,2.34,0.89,0.02,skip,"(-0.1, 1.0]","(0.4, 0.6]"
BTC,2026-08-04 23:05:00+00:00,vwap_reversion,-1,-1.9809579574305378,0,0.51,0.33,0.14,1.65,2.38,1.35,0.11,skip,"(1.0, 1.5]","(0.4, 0.6]"
BTC,2026-08-04 23:15:00+00:00,vwap_reversion,-1,0.9275199032076628,1,0.47,0.26,0.13,1.67,2.64,1.2,0.04,skip,"(1.0, 1.5]","(0.4, 0.6]"
BTC,2026-08-05 01:50:00+00:00,vwap_reversion,-1,-1.834870055111047,0,0.51,0.85,0.14,0.78,2.19,0.95,0.02,skip,"(-0.1, 1.0]","(0.4, 0.6]"
BTC,2026-08-05 01:55:00+00:00,vwap_reversion,-1,-1.8685745812536407,0,0.5,0.32,0.14,0.82,2.32,1.21,0.05,skip,"(1.0, 1.5]","(0.4, 0.6]"
BTC,2026-08-05 02:00:00+00:00,vwap_reversion,-1,0.9991425342932347,1,0.51,0.86,0.13,0.71,2.39,1.21,0.05,skip,"(1.0, 1.5]","(0.4, 0.6]"
BTC,2026-08-05 02:10:00+00:00,vwap_reversion,-1,1.0058069699663528,1,0.67,0.87,0.14,0.79,2.94,1.33,0.04,skip,"(1.0, 1.5]","(0.6, 0.8]"
BTC,2026-08-05 02:25:00+00:00,vwap_reversion,-1,1.0346515020163505,1,0.58,0.82,0.14,2.12,2.45,1.03,0.02,skip,"(1.0, 1.5]","(0.4, 0.6]"
BTC,2026-08-05 02:40:00+00:00,vwap_reversion,-1,0.9971371898216501,1,0.61,0.31,0.14,2.13,2.37,0.95,0.02,skip,"(-0.1, 1.0]","(0.6, 0.8]"
BTC,2026-08-05 05:10:00+00:00,vwap_reversion,-1,-2.170236694881685,0,0.42,0.22,0.13,0.51,2.14,1.07,0.02,skip,"(1.0, 1.5]","(0.4, 0.6]"
BTC,2026-08-05 05:25:00+00:00,vwap_reversion,-1,0.8326252831372227,1,0.66,0.87,0.13,0.53,2.95,1.47,0.06,wait,"(1.0, 1.5]","(0.6, 0.8]"
BTC,2026-08-05 12:20:00+00:00,vwap_reversion,-1,-1.8912977523299523,0,0.69,0.68,0.14,0.56,3.0,1.69,0.1,skip,"(1.5, 2.0]","(0.6, 0.8]"
BTC,2026-08-05 12:25:00+00:00,vwap_reversion,-1,0.9660564771193212,1,0.51,0.69,0.13,0.76,2.77,1.51,0.07,skip,"(1.5, 2.0]","(0.4, 0.6]"
BTC,2026-08-05 12:30:00+00:00,vwap_reversion,-1,-1.783402356452258,0,0.5,0.8,0.14,2.12,2.32,1.18,0.03,wait,"(1.0, 1.5]","(0.4, 0.6]"
BTC,2026-08-05 12:35:00+00:00,vwap_reversion,-1,1.0081362883367861,1,0.5,0.79,0.14,2.21,2.43,1.22,0.02,skip,"(1.0, 1.5]","(0.4, 0.6]"
BTC,2026-08-05 12:40:00+00:00,vwap_reversion,-1,0.9926940815097436,1,0.66,0.81,0.14,2.17,2.82,1.44,0.05,wait,"(1.0, 1.5]","(0.6, 0.8]"
BTC,2026-08-05 15:10:00+00:00,vwap_reversion,-1,1.2065215693572462,1,0.38,0.41,0.43,2.92,2.08,0.91,0.02,skip,"(-0.1, 1.0]","(0.2, 0.4]"
BTC,2026-08-05 17:55:00+00:00,vwap_reversion,-1,-1.8370891168145944,0,0.58,0.85,0.14,2.87,2.54,0.8,0.01,skip,"(-0.1, 1.0]","(0.4, 0.6]"
BTC,2026-08-05 19:05:00+00:00,vwap_reversion,-1,-1.8500514439854614,0,0.55,0.23,0.13,2.82,2.5,0.81,0.01,skip,"(-0.1, 1.0]","(0.4, 0.6]"
BTC,2026-08-05 19:25:00+00:00,vwap_reversion,-1,0.8729582967081426,1,0.61,0.3,0.13,2.87,2.46,0.95,0.02,skip,"(-0.1, 1.0]","(0.6, 0.8]"
BTC,2026-08-06 04:20:00+00:00,vwap_reversion,-1,-2.3124894014988358,0,0.35,0.85,0.14,0.45,2.03,0.88,0.01,skip,"(-0.1, 1.0]","(0.2, 0.4]"
BTC,2026-08-06 04:30:00+00:00,vwap_reversion,-1,-2.384782913252675,0,0.65,0.87,0.15,0.69,2.6,1.35,0.04,wait,"(1.0, 1.5]","(0.6, 0.8]"
BTC,2026-08-06 04:35:00+00:00,vwap_reversion,-1,-2.384229530483205,0,0.53,0.87,0.14,0.7,2.3,1.08,0.03,skip,"(1.0, 1.5]","(0.4, 0.6]"
BTC,2026-08-06 04:55:00+00:00,vwap_reversion,-1,-2.4323910159366275,0,0.45,0.26,0.14,0.65,2.75,1.19,0.04,skip,"(1.0, 1.5]","(0.4, 0.6]"
BTC,2026-08-06 05:15:00+00:00,vwap_reversion,-1,0.8268928104926593,1,0.67,0.79,0.14,2.16,2.99,1.48,0.09,wait,"(1.0, 1.5]","(0.6, 0.8]"
BTC,2026-08-06 05:30:00+00:00,vwap_reversion,-1,0.8609177307350921,1,0.56,0.83,0.14,2.16,2.5,1.09,0.03,skip,"(1.0, 1.5]","(0.4, 0.6]"
BTC,2026-08-06 05:35:00+00:00,vwap_reversion,-1,0.858017127999555,1,0.63,0.83,0.14,2.19,2.78,1.33,0.06,skip,"(1.0, 1.5]","(0.6, 0.8]"
BTC,2026-08-06 08:50:00+00:00,vwap_reversion,-1,0.6539826511493749,1,0.4,0.85,0.14,2.86,2.13,0.65,0.01,skip,"(-0.1, 1.0]","(0.2, 0.4]"
BTC,2026-08-06 15:00:00+00:00,vwap_reversion,-1,-1.6177322577884634,0,0.62,0.44,0.43,2.19,2.81,1.45,0.08,wait,"(1.0, 1.5]","(0.6, 0.8]"
BTC,2026-08-06 15:10:00+00:00,vwap_reversion,-1,1.1377515226637729,1,0.45,0.44,0.36,2.25,2.25,1.37,0.05,wait,"(1.0, 1.5]","(0.4, 0.6]"
BTC,2026-08-07 01:30:00+00:00,vwap_reversion,-1,0.8311637315589399,1,0.35,0.82,0.13,0.61,2.0,0.73,0.01,skip,"(-0.1, 1.0]","(0.2, 0.4]"
BTC,2026-08-07 06:25:00+00:00,vwap_reversion,-1,0.6570222022393253,1,0.56,0.84,0.14,0.82,2.14,1.05,0.02,skip,"(1.0, 1.5]","(0.4, 0.6]"
BTC,2026-08-07 08:50:00+00:00,vwap_reversion,-1,-2.1857102221377755,0,0.67,0.84,0.14,2.17,2.82,1.29,0.06,skip,"(1.0, 1.5]","(0.6, 0.8]"
BTC,2026-08-07 09:10:00+00:00,vwap_reversion,-1,-2.1725415485527138,0,0.49,0.87,0.14,2.12,2.48,1.34,0.04,skip,"(1.0, 1.5]","(0.4, 0.6]"
BTC,2026-08-07 09:25:00+00:00,vwap_reversion,-1,-2.0977759305529604,0,0.67,0.81,0.14,2.94,3.0,1.42,0.07,skip,"(1.0, 1.5]","(0.6, 0.8]"
BTC,2026-08-07 09:35:00+00:00,vwap_reversion,-1,0.8588852637184891,1,0.71,0.86,0.14,2.91,2.98,1.51,0.09,wait,"(1.5, 2.0]","(0.6, 0.8]"
BTC,2026-08-07 10:00:00+00:00,vwap_reversion,-1,-2.0436610990706003,0,0.62,0.85,0.14,2.99,2.63,1.07,0.03,skip,"(1.0, 1.5]","(0.6, 0.8]"
BTC,2026-08-07 10:05:00+00:00,vwap_reversion,-1,-2.068751182578698,0,0.64,0.34,0.13,2.99,2.47,1.08,0.02,skip,"(1.0, 1.5]","(0.6, 0.8]"
BTC,2026-08-07 10:30:00+00:00,vwap_reversion,-1,-2.1337933669703255,0,0.45,0.85,0.14,3.0,1.9,1.02,0.01,skip,"(1.0, 1.5]","(0.4, 0.6]"
BTC,2026-08-07 10:35:00+00:00,vwap_reversion,-1,-2.1755608887596996,0,0.4,0.84,0.14,2.99,2.14,0.73,0.01,skip,"(-0.1, 1.0]","(0.2, 0.4]"
BTC,2026-08-07 10:40:00+00:00,vwap_reversion,-1,-2.2226830075515283,0,0.52,0.32,0.13,3.0,1.95,0.76,0.01,skip,"(-0.1, 1.0]","(0.4, 0.6]"
BTC,2026-08-07 11:15:00+00:00,vwap_reversion,-1,-2.356387885579076,0,0.56,0.86,0.14,3.0,2.36,0.95,0.02,skip,"(-0.1, 1.0]","(0.4, 0.6]"
BTC,2026-08-07 12:10:00+00:00,vwap_reversion,-1,0.8949043441055999,1,0.45,0.79,0.14,2.99,2.43,0.86,0.02,skip,"(-0.1, 1.0]","(0.4, 0.6]"
BTC,2026-08-07 12:15:00+00:00,vwap_reversion,-1,0.9003448142582746,1,0.44,0.84,0.14,2.99,2.21,0.95,0.01,skip,"(-0.1, 1.0]","(0.4, 0.6]"
BTC,2026-08-07 12:55:00+00:00,vwap_reversion,-1,1.0933585930269427,1,0.37,0.4,0.37,2.99,2.32,0.9,0.02,skip,"(-0.1, 1.0]","(0.2, 0.4]"
BTC,2026-08-07 19:25:00+00:00,vwap_reversion,-1,-2.0093536488672847,0,0.51,0.23,0.14,0.62,2.04,0.89,0.01,skip,"(-0.1, 1.0]","(0.4, 0.6]"
BTC,2026-08-07 19:35:00+00:00,vwap_reversion,-1,-1.9812831903322234,0,0.66,0.33,0.14,0.74,2.69,1.45,0.06,wait,"(1.0, 1.5]","(0.6, 0.8]"
BTC,2026-08-07 19:40:00+00:00,vwap_reversion,-1,-2.000780984523711,0,0.42,0.23,0.14,0.59,2.02,1.0,0.01,skip,"(-0.1, 1.0]","(0.4, 0.6]"
BTC,2026-08-07 19:45:00+00:00,vwap_reversion,-1,-2.031672924452007,0,0.61,0.14,0.13,0.68,2.27,1.21,0.03,skip,"(1.0, 1.5]","(0.6, 0.8]"
BTC,2026-08-07 20:00:00+00:00,vwap_reversion,-1,-2.0292657435067394,0,0.6,0.31,0.14,2.1,2.24,1.0,0.02,skip,"(-0.1, 1.0]","(0.4, 0.6]"
BTC,2026-08-07 21:10:00+00:00,vwap_reversion,-1,-2.8696314678359056,0,0.34,0.18,0.13,1.88,1.72,0.78,0.01,skip,"(-0.1, 1.0]","(0.2, 0.4]"
BTC,2026-08-07 21:40:00+00:00,vwap_reversion,-1,0.36743256353755577,1,0.5,0.23,0.14,1.94,2.34,1.03,0.01,skip,"(1.0, 1.5]","(0.4, 0.6]"
BTC,2026-08-08 03:20:00+00:00,vwap_reversion,-1,-4.2866138006541314,0,0.48,0.22,0.14,0.78,2.34,1.18,0.03,skip,"(1.0, 1.5]","(0.4, 0.6]"
BTC,2026-08-08 03:25:00+00:00,vwap_reversion,-1,-3.9983683208851146,0,0.46,0.31,0.14,0.87,2.46,1.21,0.03,skip,"(1.0, 1.5]","(0.4, 0.6]"
BTC,2026-08-08 03:35:00+00:00,vwap_reversion,-1,-3.6082969914929177,0,0.62,0.29,0.13,2.21,2.67,1.14,0.05,skip,"(1.0, 1.5]","(0.6, 0.8]"
BTC,2026-08-08 04:00:00+00:00,vwap_reversion,-1,-0.0062121521000831625,1,0.62,0.83,0.15,2.92,2.59,0.98,0.03,skip,"(-0.1, 1.0]","(0.6, 0.8]"
BTC,2026-08-08 08:35:00+00:00,vwap_reversion,-1,-7.723375568321376,0,0.61,0.24,0.14,1.68,2.79,1.25,0.05,skip,"(1.0, 1.5]","(0.6, 0.8]"
BTC,2026-08-08 09:25:00+00:00,vwap_reversion,-1,-8.205657125059492,0,0.57,0.24,0.14,2.88,2.66,0.83,0.01,skip,"(-0.1, 1.0]","(0.4, 0.6]"
BTC,2026-08-08 14:30:00+00:00,vwap_reversion,-1,-3.8301844834641092,0,0.49,0.38,0.14,2.9,2.59,1.13,0.03,skip,"(1.0, 1.5]","(0.4, 0.6]"
BTC,2026-08-08 14:35:00+00:00,vwap_reversion,-1,-3.6371423403955867,0,0.67,0.39,0.13,2.88,2.96,1.26,0.05,skip,"(1.0, 1.5]","(0.6, 0.8]"
BTC,2026-08-08 14:50:00+00:00,vwap_reversion,-1,-3.5994027873159617,0,0.65,0.42,0.13,3.0,2.89,1.19,0.04,skip,"(1.0, 1.5]","(0.6, 0.8]"
BTC,2026-08-08 14:55:00+00:00,vwap_reversion,-1,-0.00910638071092774,1,0.36,0.38,0.14,3.0,2.21,0.67,0.01,skip,"(-0.1, 1.0]","(0.2, 0.4]"
BTC,2026-08-08 17:10:00+00:00,vwap_reversion,-1,-4.907502521601973,0,0.39,0.86,0.15,1.7,1.96,0.91,0.01,skip,"(-0.1, 1.0]","(0.2, 0.4]"
BTC,2026-08-09 08:15:00+00:00,vwap_reversion,-1,-1.099756861789967,1,0.71,0.85,0.14,2.03,2.79,1.4,0.06,wait,"(1.0, 1.5]","(0.6, 0.8]"
BTC,2026-08-09 10:20:00+00:00,vwap_reversion,-1,-4.570052207931493,0,0.49,0.83,0.13,2.15,2.55,1.29,0.06,wait,"(1.0, 1.5]","(0.4, 0.6]"
BTC,2026-08-09 11:05:00+00:00,vwap_reversion,-1,-4.958580370379071,0,0.5,0.84,0.14,2.95,2.14,1.14,0.02,skip,"(1.0, 1.5]","(0.4, 0.6]"
BTC,2026-08-09 11:35:00+00:00,vwap_reversion,-1,-6.397605388705622,0,0.47,0.86,0.14,2.19,2.18,1.05,0.02,skip,"(1.0, 1.5]","(0.4, 0.6]"
BTC,2026-08-09 11:45:00+00:00,vwap_reversion,-1,-6.2632723594640565,0,0.43,0.87,0.13,2.93,2.13,0.79,0.01,skip,"(-0.1, 1.0]","(0.4, 0.6]"
BTC,2026-08-09 13:05:00+00:00,vwap_reversion,-1,-5.705855314769799,0,0.49,0.87,0.14,2.13,2.32,1.15,0.03,skip,"(1.0, 1.5]","(0.4, 0.6]"
BTC,2026-08-09 13:20:00+00:00,vwap_reversion,-1,-5.477115026615948,0,0.43,0.86,0.13,2.14,2.28,1.09,0.02,skip,"(1.0, 1.5]","(0.4, 0.6]"
BTC,2026-08-09 13:30:00+00:00,vwap_reversion,-1,-4.004817653004114,0,0.47,0.33,0.14,2.94,2.86,1.34,0.03,skip,"(1.0, 1.5]","(0.4, 0.6]"
BTC,2026-08-09 13:40:00+00:00,vwap_reversion,-1,0.13148225621778012,1,0.45,0.33,0.14,2.95,2.79,1.19,0.03,skip,"(1.0, 1.5]","(0.4, 0.6]"
BTC,2026-08-09 13:45:00+00:00,vwap_reversion,-1,0.03491967591524405,1,0.67,0.4,0.13,2.92,2.99,1.29,0.06,skip,"(1.0, 1.5]","(0.6, 0.8]"
BTC,2026-08-09 14:30:00+00:00,vwap_reversion,-1,0.08258470853041121,1,0.46,0.34,0.14,3.0,2.07,0.89,0.02,skip,"(-0.1, 1.0]","(0.4, 0.6]"
BTC,2026-08-09 14:55:00+00:00,vwap_reversion,-1,0.24700103711906432,1,0.44,0.37,0.14,2.99,2.47,0.81,0.02,skip,"(-0.1, 1.0]","(0.4, 0.6]"
BTC,2026-08-09 15:10:00+00:00,vwap_reversion,-1,0.19895517416401717,1,0.65,0.37,0.14,3.0,2.81,0.94,0.02,skip,"(-0.1, 1.0]","(0.6, 0.8]"
BTC,2026-08-09 21:40:00+00:00,vwap_reversion,-1,-3.672197153340106,0,0.68,0.68,0.14,1.67,2.99,1.65,0.11,wait,"(1.5, 2.0]","(0.6, 0.8]"
BTC,2026-08-09 22:10:00+00:00,vwap_reversion,-1,0.5040602257725317,1,0.47,0.33,0.14,1.7,2.8,1.3,0.03,skip,"(1.0, 1.5]","(0.4, 0.6]"
BTC,2026-08-09 22:15:00+00:00,vwap_reversion,-1,0.6771614863609292,1,0.27,0.38,0.15,2.91,2.08,0.5,0.0,skip,"(-0.1, 1.0]","(0.2, 0.4]"
BTC,2026-08-10 01:50:00+00:00,vwap_reversion,-1,1.0913527802309868,1,0.4,0.44,0.37,0.36,2.0,1.41,0.11,wait,"(1.0, 1.5]","(0.2, 0.4]"
BTC,2026-08-10 06:00:00+00:00,vwap_reversion,-1,-2.2349447731481225,0,0.4,0.31,0.13,0.77,2.17,0.96,0.03,skip,"(-0.1, 1.0]","(0.2, 0.4]"
BTC,2026-08-10 06:05:00+00:00,vwap_reversion,-1,-2.147145389979493,0,0.63,0.3,0.14,0.66,2.31,1.19,0.03,skip,"(1.0, 1.5]","(0.6, 0.8]"
BTC,2026-08-10 06:40:00+00:00,vwap_reversion,-1,-2.2463427762074892,0,0.42,0.25,0.13,2.2,2.59,0.99,0.01,skip,"(-0.1, 1.0]","(0.4, 0.6]"
BTC,2026-08-10 06:45:00+00:00,vwap_reversion,-1,-2.3314537180709736,0,0.44,0.2,0.13,2.13,2.18,1.01,0.02,skip,"(1.0, 1.5]","(0.4, 0.6]"
BTC,2026-08-10 06:55:00+00:00,vwap_reversion,-1,-2.3062265731769807,0,0.65,0.3,0.14,2.18,2.68,1.22,0.02,wait,"(1.0, 1.5]","(0.6, 0.8]"
BTC,2026-08-10 07:30:00+00:00,vwap_reversion,-1,0.5936137650967027,1,0.45,0.27,0.13,1.99,2.66,1.1,0.02,skip,"(1.0, 1.5]","(0.4, 0.6]"
BTC,2026-08-10 07:35:00+00:00,vwap_reversion,-1,0.6070307212677695,1,0.66,0.26,0.13,2.1,2.99,1.43,0.07,skip,"(1.0, 1.5]","(0.6, 0.8]"
BTC,2026-08-10 07:40:00+00:00,vwap_reversion,-1,0.5569909157028266,1,0.65,0.23,0.13,2.11,2.81,1.36,0.06,wait,"(1.0, 1.5]","(0.6, 0.8]"
BTC,2026-08-10 12:00:00+00:00,vwap_reversion,-1,0.5621968095863433,1,0.42,0.87,0.13,0.5,2.2,1.08,0.03,skip,"(1.0, 1.5]","(0.4, 0.6]"
BTC,2026-08-11 03:25:00+00:00,vwap_reversion,-1,0.11355569924490375,1,0.35,0.29,0.14,0.84,2.17,0.84,0.01,skip,"(-0.1, 1.0]","(0.2, 0.4]"
BTC,2026-08-11 09:30:00+00:00,vwap_reversion,-1,-3.0588367229645868,0,0.68,0.86,0.13,2.02,2.82,1.44,0.07,wait,"(1.0, 1.5]","(0.6, 0.8]"
BTC,2026-08-11 09:50:00+00:00,vwap_reversion,-1,-3.028031429635061,0,0.42,0.88,0.14,2.16,2.34,1.16,0.02,skip,"(1.0, 1.5]","(0.4, 0.6]"
BTC,2026-08-11 10:05:00+00:00,vwap_reversion,-1,0.30385034082127094,1,0.44,0.88,0.14,2.92,2.51,1.17,0.02,wait,"(1.0, 1.5]","(0.4, 0.6]"
BTC,2026-08-11 11:10:00+00:00,vwap_reversion,-1,-2.3612399303522387,0,0.4,0.81,0.14,2.19,2.12,0.79,0.01,skip,"(-0.1, 1.0]","(0.2, 0.4]"
BTC,2026-08-11 11:45:00+00:00,vwap_reversion,-1,-2.8574332631345154,0,0.44,0.78,0.14,2.93,2.64,0.77,0.01,skip,"(-0.1, 1.0]","(0.4, 0.6]"
BTC,2026-08-11 11:55:00+00:00,vwap_reversion,-1,-2.9034731882671894,0,0.45,0.85,0.13,2.93,2.26,0.93,0.02,skip,"(-0.1, 1.0]","(0.4, 0.6]"
BTC,2026-08-11 12:00:00+00:00,vwap_reversion,-1,-2.809652783868675,0,0.5,0.87,0.14,2.94,2.4,1.15,0.03,skip,"(1.0, 1.5]","(0.4, 0.6]"
BTC,2026-08-11 12:10:00+00:00,vwap_reversion,-1,0.49787603763516225,1,0.67,0.69,0.14,2.92,3.0,1.49,0.1,wait,"(1.0, 1.5]","(0.6, 0.8]"
BTC,2026-08-12 00:50:00+00:00,vwap_reversion,-1,-2.832430267415479,0,0.59,0.13,0.14,0.78,2.48,1.05,0.02,skip,"(1.0, 1.5]","(0.4, 0.6]"
BTC,2026-08-12 01:00:00+00:00,vwap_reversion,-1,-2.8451650518794676,0,0.61,0.3,0.14,1.94,2.27,1.11,0.04,wait,"(1.0, 1.5]","(0.6, 0.8]"
BTC,2026-08-12 01:05:00+00:00,vwap_reversion,-1,-2.873529006376201,0,0.53,0.31,0.14,2.08,2.3,1.09,0.03,skip,"(1.0, 1.5]","(0.4, 0.6]"
BTC,2026-08-12 01:50:00+00:00,vwap_reversion,-1,-2.7359338193029044,0,0.49,0.22,0.13,2.06,2.36,1.21,0.05,skip,"(1.0, 1.5]","(0.4, 0.6]"
BTC,2026-08-12 02:00:00+00:00,vwap_reversion,-1,-2.6973794571908196,0,0.58,0.29,0.14,2.16,2.11,1.01,0.02,skip,"(1.0, 1.5]","(0.4, 0.6]"
BTC,2026-08-12 02:05:00+00:00,vwap_reversion,-1,0.47496188383300314,1,0.53,0.3,0.15,2.16,2.08,1.16,0.04,skip,"(1.0, 1.5]","(0.4, 0.6]"
BTC,2026-08-12 02:10:00+00:00,vwap_reversion,-1,0.47145981156855704,1,0.6,0.29,0.13,2.23,2.96,1.32,0.04,skip,"(1.0, 1.5]","(0.4, 0.6]"
BTC,2026-08-12 02:15:00+00:00,vwap_reversion,-1,0.41972833877843435,1,0.62,0.13,0.14,2.17,2.31,1.12,0.03,wait,"(1.0, 1.5]","(0.6, 0.8]"
BTC,2026-08-12 09:30:00+00:00,vwap_reversion,-1,-2.2275138559649164,0,0.65,0.81,0.15,2.17,2.92,1.26,0.03,wait,"(1.0, 1.5]","(0.6, 0.8]"
BTC,2026-08-12 09:35:00+00:00,vwap_reversion,-1,-2.1570610664763312,0,0.48,0.82,0.13,2.1,2.48,1.3,0.03,skip,"(1.0, 1.5]","(0.4, 0.6]"
BTC,2026-08-12 09:50:00+00:00,vwap_reversion,-1,-2.125914239846519,0,0.67,0.81,0.14,2.19,2.93,1.47,0.07,wait,"(1.0, 1.5]","(0.6, 0.8]"
BTC,2026-08-12 10:00:00+00:00,vwap_reversion,-1,-2.049930587159427,0,0.67,0.68,0.14,2.93,3.0,1.48,0.06,wait,"(1.0, 1.5]","(0.6, 0.8]"
BTC,2026-08-12 10:05:00+00:00,vwap_reversion,-1,-2.0796470322279443,0,0.43,0.68,0.14,2.93,2.76,1.15,0.02,skip,"(1.0, 1.5]","(0.4, 0.6]"
BTC,2026-08-12 10:10:00+00:00,vwap_reversion,-1,-2.0831026495601517,0,0.67,0.72,0.14,2.94,2.99,1.48,0.07,skip,"(1.0, 1.5]","(0.6, 0.8]"
BTC,2026-08-12 10:20:00+00:00,vwap_reversion,-1,-2.055920460895557,0,0.58,0.8,0.14,2.93,2.57,1.02,0.02,skip,"(1.0, 1.5]","(0.4, 0.6]"
BTC,2026-08-12 10:25:00+00:00,vwap_reversion,-1,-2.089285444483988,0,0.36,0.84,0.14,2.96,1.64,0.85,0.01,skip,"(-0.1, 1.0]","(0.2, 0.4]"
BTC,2026-08-12 10:30:00+00:00,vwap_reversion,-1,-2.0478484086659465,0,0.45,0.84,0.13,2.94,2.1,0.95,0.02,skip,"(-0.1, 1.0]","(0.4, 0.6]"
BTC,2026-08-12 11:00:00+00:00,vwap_reversion,-1,-2.0681034153317652,0,0.49,0.36,0.14,2.99,2.03,0.94,0.02,skip,"(-0.1, 1.0]","(0.4, 0.6]"
BTC,2026-08-12 11:20:00+00:00,vwap_reversion,-1,-2.186218898173234,0,0.43,0.83,0.13,2.99,2.22,0.8,0.01,skip,"(-0.1, 1.0]","(0.4, 0.6]"
BTC,2026-08-12 11:30:00+00:00,vwap_reversion,-1,-2.2377469152700105,0,0.46,0.87,0.14,3.0,1.89,1.0,0.02,skip,"(-0.1, 1.0]","(0.4, 0.6]"
BTC,2026-08-12 11:50:00+00:00,vwap_reversion,-1,-2.3742101075823294,0,0.67,0.33,0.13,2.99,2.61,1.21,0.04,skip,"(1.0, 1.5]","(0.6, 0.8]"
BTC,2026-08-12 12:05:00+00:00,vwap_reversion,-1,-2.3877074414216732,0,0.46,0.87,0.13,2.99,2.46,1.06,0.02,skip,"(1.0, 1.5]","(0.4, 0.6]"
BTC,2026-08-12 12:15:00+00:00,vwap_reversion,-1,-2.290591622213194,0,0.46,0.87,0.14,2.99,2.14,0.94,0.02,skip,"(-0.1, 1.0]","(0.4, 0.6]"
BTC,2026-08-12 12:20:00+00:00,vwap_reversion,-1,-2.2185058523494754,0,0.37,0.79,0.13,3.0,2.4,0.67,0.01,skip,"(-0.1, 1.0]","(0.2, 0.4]"
BTC,2026-08-13 03:50:00+00:00,vwap_reversion,-1,-2.1422422160409527,0,0.38,0.87,0.13,0.61,2.03,0.97,0.02,skip,"(-0.1, 1.0]","(0.2, 0.4]"
BTC,2026-08-13 04:40:00+00:00,vwap_reversion,-1,-2.4040900581664455,0,0.44,0.12,0.14,1.89,2.17,1.15,0.05,skip,"(1.0, 1.5]","(0.4, 0.6]"
BTC,2026-08-13 04:45:00+00:00,vwap_reversion,-1,-2.3216066886018214,0,0.58,0.87,0.14,2.09,2.81,0.99,0.01,skip,"(-0.1, 1.0]","(0.4, 0.6]"
BTC,2026-08-13 05:05:00+00:00,vwap_reversion,-1,-2.109954793934318,0,0.4,0.87,0.14,2.22,2.36,1.0,0.02,skip,"(-0.1, 1.0]","(0.2, 0.4]"
BTC,2026-08-13 05:15:00+00:00,vwap_reversion,-1,0.8616811532311498,1,0.69,0.68,0.13,2.15,3.0,1.55,0.07,skip,"(1.5, 2.0]","(0.6, 0.8]"
BTC,2026-08-13 05:30:00+00:00,vwap_reversion,-1,0.8443445749181753,1,0.64,0.83,0.13,2.92,2.68,1.14,0.03,skip,"(1.0, 1.5]","(0.6, 0.8]"
BTC,2026-08-13 05:40:00+00:00,vwap_reversion,-1,0.7913421799371422,1,0.47,0.34,0.13,2.94,2.23,1.0,0.02,skip,"(-0.1, 1.0]","(0.4, 0.6]"
BTC,2026-08-13 13:05:00+00:00,vwap_reversion,-1,0.8341975305121768,1,0.42,0.84,0.13,0.73,2.27,0.95,0.02,skip,"(-0.1, 1.0]","(0.4, 0.6]"
BTC,2026-08-13 13:40:00+00:00,vwap_reversion,-1,0.9323331498960307,1,0.59,0.84,0.14,0.5,2.33,1.28,0.05,skip,"(1.0, 1.5]","(0.4, 0.6]"
BTC,2026-08-13 14:35:00+00:00,vwap_reversion,-1,1.056585847494793,1,0.63,0.4,0.14,2.13,2.86,1.15,0.02,wait,"(1.0, 1.5]","(0.6, 0.8]"
BTC,2026-08-13 14:40:00+00:00,vwap_reversion,-1,1.0396383227044124,1,0.65,0.42,0.13,2.19,2.9,1.22,0.03,wait,"(1.0, 1.5]","(0.6, 0.8]"
BTC,2026-08-14 16:25:00+00:00,vwap_reversion,-1,-1.7461898544142314,0,0.6,0.84,0.13,2.04,2.61,1.16,0.02,wait,"(1.0, 1.5]","(0.4, 0.6]"
BTC,2026-08-14 16:55:00+00:00,vwap_reversion,-1,-1.8540895312585637,0,0.46,0.36,0.14,2.1,2.07,1.06,0.02,skip,"(1.0, 1.5]","(0.4, 0.6]"
BTC,2026-08-14 17:20:00+00:00,vwap_reversion,-1,0.9000032149626405,1,0.47,0.85,0.14,2.07,2.19,1.07,0.02,skip,"(1.0, 1.5]","(0.4, 0.6]"
BTC,2026-08-15 02:15:00+00:00,vwap_reversion,-1,-3.5619312059889534,0,0.49,0.21,0.13,2.12,2.0,1.04,0.02,skip,"(1.0, 1.5]","(0.4, 0.6]"
BTC,2026-08-15 02:40:00+00:00,vwap_reversion,-1,-3.6330870784064384,0,0.44,0.13,0.14,2.19,2.37,1.04,0.02,skip,"(1.0, 1.5]","(0.4, 0.6]"
BTC,2026-08-15 03:05:00+00:00,vwap_reversion,-1,-4.362598690360741,0,0.64,0.12,0.14,2.92,2.72,1.05,0.03,skip,"(1.0, 1.5]","(0.6, 0.8]"
BTC,2026-08-15 03:15:00+00:00,vwap_reversion,-1,-0.3208696652985749,1,0.5,0.29,0.14,2.93,2.1,0.86,0.01,skip,"(-0.1, 1.0]","(0.4, 0.6]"
BTC,2026-08-15 19:35:00+00:00,vwap_reversion,-1,-6.297626828456964,0,0.45,0.79,0.14,0.76,2.67,0.95,0.01,skip,"(-0.1, 1.0]","(0.4, 0.6]"
BTC,2026-08-15 21:50:00+00:00,vwap_reversion,-1,-2.4551726586844715,1,0.67,0.28,0.14,2.93,2.87,1.34,0.05,skip,"(1.0, 1.5]","(0.6, 0.8]"
BTC,2026-08-15 22:00:00+00:00,vwap_reversion,-1,-2.634369026589716,1,0.65,0.22,0.13,2.99,2.81,1.3,0.03,skip,"(1.0, 1.5]","(0.6, 0.8]"
BTC,2026-08-16 14:35:00+00:00,vwap_reversion,-1,-7.856899420698381,0,0.53,0.84,0.14,2.13,2.28,1.28,0.04,skip,"(1.0, 1.5]","(0.4, 0.6]"
BTC,2026-08-16 15:10:00+00:00,vwap_reversion,-1,-9.771144493098705,0,0.64,0.87,0.13,2.94,2.85,1.3,0.05,skip,"(1.0, 1.5]","(0.6, 0.8]"
BTC,2026-08-16 16:25:00+00:00,vwap_reversion,-1,-3.490073139731331,0,0.67,0.4,0.13,2.99,2.98,1.29,0.07,skip,"(1.0, 1.5]","(0.6, 0.8]"
BTC,2026-08-16 16:30:00+00:00,vwap_reversion,-1,0.10514933415202475,1,0.43,0.33,0.14,3.0,2.81,1.02,0.03,skip,"(1.0, 1.5]","(0.4, 0.6]"
BTC,2026-08-16 16:35:00+00:00,vwap_reversion,-1,0.19091412329429283,1,0.68,0.38,0.15,3.0,2.98,1.36,0.08,skip,"(1.0, 1.5]","(0.6, 0.8]"
BTC,2026-08-17 01:05:00+00:00,vwap_reversion,-1,-1.7626159489472595,0,0.61,0.41,0.15,0.59,2.82,1.3,0.05,skip,"(1.0, 1.5]","(0.6, 0.8]"
BTC,2026-08-17 01:25:00+00:00,vwap_reversion,-1,-1.8053066634406838,0,0.6,0.24,0.14,0.85,2.45,1.05,0.02,skip,"(1.0, 1.5]","(0.4, 0.6]"
BTC,2026-08-17 01:30:00+00:00,vwap_reversion,-1,1.0171251649663275,1,0.45,0.38,0.13,0.77,2.51,1.13,0.04,skip,"(1.0, 1.5]","(0.4, 0.6]"
BTC,2026-08-17 01:35:00+00:00,vwap_reversion,-1,1.01246098966434,1,0.65,0.42,0.14,0.7,2.78,1.25,0.04,skip,"(1.0, 1.5]","(0.6, 0.8]"
BTC,2026-08-17 01:40:00+00:00,vwap_reversion,-1,0.9985828187692976,1,0.47,0.38,0.14,0.63,2.47,1.13,0.04,skip,"(1.0, 1.5]","(0.4, 0.6]"
BTC,2026-08-17 02:40:00+00:00,vwap_reversion,-1,-1.8216991401402218,0,0.46,0.24,0.14,2.15,2.32,0.83,0.01,skip,"(-0.1, 1.0]","(0.4, 0.6]"
BTC,2026-08-17 02:55:00+00:00,vwap_reversion,-1,-1.7657676101206095,0,0.4,0.41,0.13,2.18,2.47,0.99,0.02,skip,"(-0.1, 1.0]","(0.2, 0.4]"
BTC,2026-08-17 03:00:00+00:00,vwap_reversion,-1,-1.7721770154142744,0,0.64,0.41,0.14,2.2,2.92,1.21,0.04,skip,"(1.0, 1.5]","(0.6, 0.8]"
BTC,2026-08-17 03:35:00+00:00,vwap_reversion,-1,-2.0112806341572678,0,0.52,0.81,0.14,2.17,2.29,1.04,0.01,skip,"(1.0, 1.5]","(0.4, 0.6]"
BTC,2026-08-17 03:45:00+00:00,vwap_reversion,-1,-2.078122793447981,0,0.47,0.82,0.13,2.21,1.41,0.8,0.01,skip,"(-0.1, 1.0]","(0.4, 0.6]"
BTC,2026-08-17 03:55:00+00:00,vwap_reversion,-1,-1.9663689375370914,0,0.37,0.82,0.14,2.19,1.98,0.81,0.01,skip,"(-0.1, 1.0]","(0.2, 0.4]"
BTC,2026-08-17 04:05:00+00:00,vwap_reversion,-1,-1.9713314816734286,0,0.69,0.83,0.13,2.87,2.69,1.26,0.06,skip,"(1.0, 1.5]","(0.6, 0.8]"
BTC,2026-08-17 04:20:00+00:00,vwap_reversion,-1,-2.0889157393724767,0,0.66,0.85,0.14,2.86,2.57,1.03,0.03,skip,"(1.0, 1.5]","(0.6, 0.8]"
BTC,2026-08-17 04:50:00+00:00,vwap_reversion,-1,-2.1752522766727744,0,0.56,0.86,0.14,2.99,2.31,0.92,0.02,skip,"(-0.1, 1.0]","(0.4, 0.6]"
BTC,2026-08-17 04:55:00+00:00,vwap_reversion,-1,0.7460046246702348,1,0.58,0.83,0.14,2.99,2.4,0.82,0.01,skip,"(-0.1, 1.0]","(0.4, 0.6]"
BTC,2026-08-17 05:20:00+00:00,vwap_reversion,-1,0.7487233838851168,1,0.5,0.84,0.14,3.0,2.31,1.01,0.03,skip,"(1.0, 1.5]","(0.4, 0.6]"
BTC,2026-08-17 06:40:00+00:00,vwap_reversion,-1,-2.6823622784204546,0,0.42,0.12,0.14,2.99,2.02,0.67,0.01,skip,"(-0.1, 1.0]","(0.4, 0.6]"
BTC,2026-08-17 10:30:00+00:00,vwap_reversion,-1,-2.6487257004337015,0,0.37,0.34,0.14,0.37,2.21,1.03,0.01,skip,"(1.0, 1.5]","(0.2, 0.4]"
BTC,2026-08-17 10:35:00+00:00,vwap_reversion,-1,-2.5032202169276943,0,0.52,0.87,0.14,0.4,2.36,1.35,0.05,wait,"(1.0, 1.5]","(0.4, 0.6]"
BTC,2026-08-17 10:45:00+00:00,vwap_reversion,-1,-2.2848428886541083,0,0.69,0.86,0.14,2.2,2.95,1.45,0.09,skip,"(1.0, 1.5]","(0.6, 0.8]"
BTC,2026-08-17 10:50:00+00:00,vwap_reversion,-1,-2.3004769430330554,0,0.56,0.88,0.14,2.22,2.85,1.3,0.03,wait,"(1.0, 1.5]","(0.4, 0.6]"
BTC,2026-08-17 11:00:00+00:00,vwap_reversion,-1,-2.213001136463641,0,0.47,0.84,0.14,2.88,2.33,0.87,0.02,skip,"(-0.1, 1.0]","(0.4, 0.6]"
BTC,2026-08-17 11:05:00+00:00,vwap_reversion,-1,-2.266179654313238,0,0.64,0.87,0.13,2.89,2.85,1.23,0.04,skip,"(1.0, 1.5]","(0.6, 0.8]"
BTC,2026-08-17 11:15:00+00:00,vwap_reversion,-1,-2.2758001483493007,0,0.66,0.84,0.13,2.99,2.77,1.12,0.03,skip,"(1.0, 1.5]","(0.6, 0.8]"
BTC,2026-08-17 11:45:00+00:00,vwap_reversion,-1,0.6169900583447109,1,0.48,0.87,0.15,3.0,2.24,1.12,0.03,skip,"(1.0, 1.5]","(0.4, 0.6]"
BTC,2026-08-17 15:05:00+00:00,vwap_reversion,-1,-1.7162636254148786,0,0.62,0.39,0.14,2.86,2.94,1.11,0.03,skip,"(1.0, 1.5]","(0.6, 0.8]"
BTC,2026-08-17 15:10:00+00:00,vwap_reversion,-1,-1.7046723969615467,0,0.37,0.37,0.14,2.88,2.05,0.76,0.01,skip,"(-0.1, 1.0]","(0.2, 0.4]"
BTC,2026-08-17 15:30:00+00:00,vwap_reversion,-1,-1.6346322175078174,0,0.41,0.41,0.34,2.91,2.56,1.34,0.04,wait,"(1.0, 1.5]","(0.4, 0.6]"
BTC,2026-08-17 15:35:00+00:00,vwap_reversion,-1,-1.6288664665918728,0,0.49,0.44,0.34,2.84,2.53,1.57,0.09,wait,"(1.5, 2.0]","(0.4, 0.6]"
BTC,2026-08-17 15:40:00+00:00,vwap_reversion,-1,-1.6363878279498139,0,0.72,0.43,0.36,2.91,2.95,1.73,0.12,wait,"(1.5, 2.0]","(0.6, 0.8]"
BTC,2026-08-17 16:00:00+00:00,vwap_reversion,-1,1.0762730536047793,1,0.52,0.41,0.35,2.99,2.65,1.46,0.06,wait,"(1.0, 1.5]","(0.4, 0.6]"
BTC,2026-08-17 16:05:00+00:00,vwap_reversion,-1,-1.6916724066269133,0,0.68,0.43,0.35,2.99,2.89,1.5,0.17,wait,"(1.0, 1.5]","(0.6, 0.8]"
BTC,2026-08-17 16:20:00+00:00,vwap_reversion,-1,-1.7297274288158067,0,0.58,0.83,0.13,2.99,2.42,0.86,0.01,skip,"(-0.1, 1.0]","(0.4, 0.6]"
BTC,2026-08-17 16:25:00+00:00,vwap_reversion,-1,-1.7549828280596582,0,0.57,0.84,0.13,3.0,2.33,0.91,0.02,skip,"(-0.1, 1.0]","(0.4, 0.6]"
BTC,2026-08-17 17:20:00+00:00,vwap_reversion,-1,1.0766050355837629,1,0.72,0.82,0.31,2.99,2.96,1.66,0.15,wait,"(1.5, 2.0]","(0.6, 0.8]"
BTC,2026-08-17 17:50:00+00:00,vwap_reversion,-1,-1.6449415217484884,0,0.62,0.85,0.35,2.99,2.65,1.18,0.05,wait,"(1.0, 1.5]","(0.6, 0.8]"
BTC,2026-08-17 17:55:00+00:00,vwap_reversion,-1,-1.6741250103224823,0,0.61,0.4,0.35,2.97,2.54,1.16,0.05,wait,"(1.0, 1.5]","(0.6, 0.8]"
BTC,2026-08-17 18:15:00+00:00,vwap_reversion,-1,-1.7133659017004355,0,0.67,0.82,0.13,2.99,2.74,1.15,0.03,skip,"(1.0, 1.5]","(0.6, 0.8]"
BTC,2026-08-17 18:20:00+00:00,vwap_reversion,-1,1.0929055285906888,1,0.46,0.81,0.32,2.99,2.42,1.41,0.05,wait,"(1.0, 1.5]","(0.4, 0.6]"
BTC,2026-08-17 18:25:00+00:00,vwap_reversion,-1,1.0928764171477678,1,0.48,0.87,0.31,2.98,2.23,1.45,0.08,wait,"(1.0, 1.5]","(0.4, 0.6]"
BTC,2026-08-17 18:35:00+00:00,vwap_reversion,-1,1.097504335922668,1,0.46,0.39,0.28,3.0,2.16,1.1,0.04,wait,"(1.0, 1.5]","(0.4, 0.6]"
BTC,2026-08-17 23:55:00+00:00,vwap_reversion,-1,0.6094981972632185,1,0.63,0.31,0.13,2.85,2.89,1.0,0.03,skip,"(-0.1, 1.0]","(0.6, 0.8]"
BTC,2026-08-18 06:25:00+00:00,vwap_reversion,-1,-2.2880996722055222,0,0.62,0.87,0.15,1.63,2.77,1.42,0.07,skip,"(1.0, 1.5]","(0.6, 0.8]"
BTC,2026-08-18 06:40:00+00:00,vwap_reversion,-1,0.7021934471300306,1,0.52,0.84,0.14,1.68,2.36,1.29,0.04,wait,"(1.0, 1.5]","(0.4, 0.6]"
BTC,2026-08-18 11:15:00+00:00,vwap_reversion,-1,-2.644854545848741,0,0.68,0.87,0.14,0.63,2.66,1.45,0.04,wait,"(1.0, 1.5]","(0.6, 0.8]"
BTC,2026-08-18 11:35:00+00:00,vwap_reversion,-1,0.31586249116882487,1,0.66,0.12,0.13,2.17,2.73,1.33,0.04,skip,"(1.0, 1.5]","(0.6, 0.8]"
BTC,2026-08-18 11:40:00+00:00,vwap_reversion,-1,0.2804912896363915,1,0.53,0.21,0.14,2.16,2.33,1.21,0.04,skip,"(1.0, 1.5]","(0.4, 0.6]"
BTC,2026-08-18 11:45:00+00:00,vwap_reversion,-1,0.3199721186853811,1,0.46,0.22,0.13,2.13,2.24,1.19,0.03,skip,"(1.0, 1.5]","(0.4, 0.6]"
BTC,2026-08-18 14:30:00+00:00,vwap_reversion,-1,0.032904237729394256,0,0.45,0.38,0.39,2.17,2.84,1.79,0.13,wait,"(1.5, 2.0]","(0.4, 0.6]"
BTC,2026-08-18 14:35:00+00:00,vwap_reversion,-1,-0.6219448454780754,0,0.52,0.38,0.34,2.19,2.75,1.49,0.06,wait,"(1.0, 1.5]","(0.4, 0.6]"
BTC,2026-08-18 14:40:00+00:00,vwap_reversion,-1,-0.5139342123358567,0,0.65,0.41,0.36,2.22,2.95,1.74,0.11,wait,"(1.5, 2.0]","(0.6, 0.8]"
BTC,2026-08-18 14:50:00+00:00,vwap_reversion,-1,-1.5244310835244945,0,0.5,0.43,0.41,2.95,2.53,1.16,0.04,wait,"(1.0, 1.5]","(0.4, 0.6]"
BTC,2026-08-18 15:25:00+00:00,vwap_reversion,-1,-0.7756486569259037,0,0.44,0.42,0.37,2.99,1.61,0.97,0.03,skip,"(-0.1, 1.0]","(0.4, 0.6]"
BTC,2026-08-18 15:45:00+00:00,vwap_reversion,-1,1.0876448338680802,1,0.64,0.42,0.38,2.88,2.56,1.24,0.09,wait,"(1.0, 1.5]","(0.6, 0.8]"
BTC,2026-08-18 15:55:00+00:00,vwap_reversion,-1,1.051828094212492,1,0.45,0.42,0.14,2.9,2.32,0.69,0.01,skip,"(-0.1, 1.0]","(0.4, 0.6]"
BTC,2026-08-18 16:00:00+00:00,vwap_reversion,-1,1.034572464008001,1,0.53,0.84,0.14,2.87,2.2,0.87,0.01,skip,"(-0.1, 1.0]","(0.4, 0.6]"
BTC,2026-08-18 23:50:00+00:00,vwap_reversion,-1,-0.08171415194650186,1,0.45,0.19,0.13,2.86,2.15,0.83,0.01,skip,"(-0.1, 1.0]","(0.4, 0.6]"
BTC,2026-08-19 08:35:00+00:00,vwap_reversion,-1,0.5811509487139717,1,0.47,0.87,0.14,0.42,2.19,1.31,0.06,skip,"(1.0, 1.5]","(0.4, 0.6]"
BTC,2026-08-19 08:40:00+00:00,vwap_reversion,-1,0.5617525669881742,1,0.65,0.85,0.14,0.38,2.47,1.28,0.05,wait,"(1.0, 1.5]","(0.6, 0.8]"
BTC,2026-08-19 08:50:00+00:00,vwap_reversion,-1,0.4961676817974325,1,0.44,0.35,0.15,0.9,2.04,1.03,0.03,wait,"(1.0, 1.5]","(0.4, 0.6]"
BTC,2026-08-19 11:05:00+00:00,vwap_reversion,-1,0.12474855193628487,1,0.7,0.33,0.14,2.16,2.84,1.34,0.06,skip,"(1.0, 1.5]","(0.6, 0.8]"
BTC,2026-08-19 11:10:00+00:00,vwap_reversion,-1,-3.1372146135521133,0,0.62,0.87,0.13,2.18,2.79,1.23,0.03,wait,"(1.0, 1.5]","(0.6, 0.8]"
BTC,2026-08-19 13:10:00+00:00,vwap_reversion,-1,-1.8412883263785422,0,0.49,0.32,0.14,2.99,2.84,0.94,0.02,skip,"(-0.1, 1.0]","(0.4, 0.6]"
BTC,2026-08-19 13:20:00+00:00,vwap_reversion,-1,-1.8805168229472684,0,0.4,0.33,0.13,2.99,2.78,0.81,0.01,skip,"(-0.1, 1.0]","(0.2, 0.4]"
BTC,2026-08-19 13:30:00+00:00,vwap_reversion,-1,1.044096880192756,1,0.62,0.33,0.15,2.99,3.0,1.13,0.02,skip,"(1.0, 1.5]","(0.6, 0.8]"
BTC,2026-08-19 13:45:00+00:00,vwap_reversion,-1,-1.5321626560868693,0,0.68,0.37,0.35,3.0,2.99,1.75,0.18,wait,"(1.5, 2.0]","(0.6, 0.8]"
BTC,2026-08-19 15:10:00+00:00,vwap_reversion,-1,-1.3648774774844652,0,0.49,0.33,0.36,3.0,2.85,1.84,0.13,wait,"(1.5, 2.0]","(0.4, 0.6]"
BTC,2026-08-19 15:15:00+00:00,vwap_reversion,-1,-1.3524367052968183,0,0.71,0.41,0.39,3.0,2.99,1.95,0.22,wait,"(1.5, 2.0]","(0.6, 0.8]"
BTC,2026-08-19 15:25:00+00:00,vwap_reversion,-1,1.3883861429335684,1,0.54,0.41,0.87,3.0,2.84,1.94,0.19,wait,"(1.5, 2.0]","(0.4, 0.6]"
BTC,2026-08-19 15:40:00+00:00,vwap_reversion,-1,1.398040347439835,1,0.71,0.46,0.88,3.0,2.99,2.01,0.17,wait,"(2.0, 2.5]","(0.6, 0.8]"
BTC,2026-08-19 15:50:00+00:00,vwap_reversion,-1,-1.164001182427026,0,0.49,0.41,0.87,3.0,2.77,1.7,0.11,wait,"(1.5, 2.0]","(0.4, 0.6]"
BTC,2026-08-19 16:05:00+00:00,vwap_reversion,-1,1.3906189810821625,1,0.72,0.51,0.89,3.0,2.99,1.9,0.16,wait,"(1.5, 2.0]","(0.6, 0.8]"
BTC,2026-08-19 17:00:00+00:00,vwap_reversion,-1,1.3436717481358522,1,0.49,0.47,0.88,3.0,2.28,1.28,0.04,wait,"(1.0, 1.5]","(0.4, 0.6]"
BTC,2026-08-19 20:50:00+00:00,vwap_reversion,-1,-1.359973592167581,0,0.43,0.82,0.33,3.0,2.61,1.44,0.1,wait,"(1.0, 1.5]","(0.4, 0.6]"
BTC,2026-08-19 20:55:00+00:00,vwap_reversion,-1,-1.355132516463238,0,0.67,0.89,0.35,3.0,2.59,1.51,0.18,wait,"(1.5, 2.0]","(0.6, 0.8]"
BTC,2026-08-19 21:05:00+00:00,vwap_reversion,-1,1.3239602973457738,1,0.73,0.73,0.85,3.0,3.0,2.22,0.3,wait,"(2.0, 2.5]","(0.6, 0.8]"
BTC,2026-08-19 21:20:00+00:00,vwap_reversion,-1,-1.256725515668773,0,0.7,0.86,0.86,3.0,2.78,1.78,0.14,wait,"(1.5, 2.0]","(0.6, 0.8]"
BTC,2026-08-19 21:25:00+00:00,vwap_reversion,-1,-1.2607885491870303,0,0.47,0.87,0.85,3.0,2.3,1.61,0.06,wait,"(1.5, 2.0]","(0.4, 0.6]"
BTC,2026-08-19 21:45:00+00:00,vwap_reversion,-1,1.3525515167288475,1,0.52,0.74,0.86,3.0,2.77,1.86,0.17,wait,"(1.5, 2.0]","(0.4, 0.6]"
BTC,2026-08-19 21:55:00+00:00,vwap_reversion,-1,1.3439442437832592,1,0.7,0.85,0.85,3.0,2.69,1.83,0.27,wait,"(1.5, 2.0]","(0.6, 0.8]"
BTC,2026-08-20 06:45:00+00:00,vwap_reversion,-1,-1.6355676123417877,0,0.48,0.23,0.27,2.98,2.34,1.31,0.08,wait,"(1.0, 1.5]","(0.4, 0.6]"
BTC,2026-08-20 08:15:00+00:00,vwap_reversion,-1,-1.2858999678214473,0,0.7,0.41,0.85,3.0,3.0,2.14,0.26,wait,"(2.0, 2.5]","(0.6, 0.8]"
BTC,2026-08-20 08:30:00+00:00,vwap_reversion,-1,-1.2824015274499947,0,0.7,0.48,0.86,3.0,2.99,1.96,0.2,wait,"(1.5, 2.0]","(0.6, 0.8]"
BTC,2026-08-20 08:35:00+00:00,vwap_reversion,-1,-1.2700970195578278,0,0.5,0.48,0.85,3.0,2.62,1.79,0.13,wait,"(1.5, 2.0]","(0.4, 0.6]"
BTC,2026-08-20 08:40:00+00:00,vwap_reversion,-1,-1.270713226099716,0,0.71,0.49,0.86,3.0,2.98,1.91,0.17,wait,"(1.5, 2.0]","(0.6, 0.8]"
BTC,2026-08-20 08:45:00+00:00,vwap_reversion,-1,-1.2674601513192638,0,0.46,0.45,0.85,3.0,2.57,1.62,0.08,wait,"(1.5, 2.0]","(0.4, 0.6]"
BTC,2026-08-20 09:00:00+00:00,vwap_reversion,-1,-1.2741460041912787,0,0.69,0.46,0.86,3.0,2.92,1.84,0.17,wait,"(1.5, 2.0]","(0.6, 0.8]"
BTC,2026-08-20 09:15:00+00:00,vwap_reversion,-1,-1.2647347533859468,0,0.67,0.47,0.87,3.0,2.96,1.88,0.18,wait,"(1.5, 2.0]","(0.6, 0.8]"
BTC,2026-08-20 09:35:00+00:00,vwap_reversion,-1,-1.2741163688567465,0,0.66,0.45,0.86,3.0,2.71,1.73,0.18,wait,"(1.5, 2.0]","(0.6, 0.8]"
BTC,2026-08-20 09:45:00+00:00,vwap_reversion,-1,-1.2889746174516359,0,0.5,0.45,0.86,3.0,2.27,1.55,0.07,wait,"(1.5, 2.0]","(0.4, 0.6]"
BTC,2026-08-20 10:05:00+00:00,vwap_reversion,-1,-1.3041457719944702,0,0.51,0.86,0.85,3.0,1.55,1.37,0.09,wait,"(1.0, 1.5]","(0.4, 0.6]"
BTC,2026-08-20 10:20:00+00:00,vwap_reversion,-1,1.3279546671258793,1,0.47,0.47,0.88,3.0,2.34,1.28,0.06,wait,"(1.0, 1.5]","(0.4, 0.6]"
BTC,2026-08-20 15:00:00+00:00,vwap_reversion,-1,-1.2718060804511757,0,0.53,0.76,0.85,2.64,2.75,2.22,0.25,wait,"(2.0, 2.5]","(0.4, 0.6]"
BTC,2026-08-20 15:10:00+00:00,vwap_reversion,-1,-1.2647937012472161,0,0.64,0.88,0.86,2.71,2.57,1.65,0.12,wait,"(1.5, 2.0]","(0.6, 0.8]"
BTC,2026-08-20 15:30:00+00:00,vwap_reversion,-1,-1.2446412893844916,0,0.69,0.85,0.85,2.96,2.96,1.94,0.15,wait,"(1.5, 2.0]","(0.6, 0.8]"
BTC,2026-08-20 15:50:00+00:00,vwap_reversion,-1,-1.2548029631484203,0,0.45,0.87,0.85,2.98,1.9,1.14,0.03,wait,"(1.0, 1.5]","(0.4, 0.6]"
BTC,2026-08-20 17:00:00+00:00,vwap_reversion,-1,1.2942245190243113,1,0.43,0.88,0.86,2.98,2.04,1.08,0.04,wait,"(1.0, 1.5]","(0.4, 0.6]"
BTC,2026-08-20 17:30:00+00:00,vwap_reversion,-1,1.2685749776737107,1,0.53,0.23,0.3,2.99,2.33,1.09,0.03,wait,"(1.0, 1.5]","(0.4, 0.6]"
BTC,2026-08-20 17:50:00+00:00,vwap_reversion,-1,1.2527503174492467,1,0.46,0.14,0.3,2.98,1.45,1.08,0.05,skip,"(1.0, 1.5]","(0.4, 0.6]"
BTC,2026-08-20 20:25:00+00:00,vwap_reversion,-1,-1.5817398470921844,0,0.6,0.24,0.3,2.99,2.53,1.08,0.04,wait,"(1.0, 1.5]","(0.4, 0.6]"
BTC,2026-08-20 20:30:00+00:00,vwap_reversion,-1,-1.581665665837176,0,0.68,0.23,0.27,2.99,2.73,1.39,0.08,wait,"(1.0, 1.5]","(0.6, 0.8]"
BTC,2026-08-20 23:25:00+00:00,vwap_reversion,-1,-1.5366481359205912,0,0.47,0.31,0.3,2.45,2.74,1.65,0.12,wait,"(1.5, 2.0]","(0.4, 0.6]"
BTC,2026-08-20 23:30:00+00:00,vwap_reversion,-1,1.1727783589362413,1,0.69,0.35,0.32,2.99,2.84,1.62,0.1,wait,"(1.5, 2.0]","(0.6, 0.8]"
BTC,2026-08-20 23:40:00+00:00,vwap_reversion,-1,-1.5337889505121012,0,0.56,0.14,0.27,2.98,2.16,1.22,0.06,wait,"(1.0, 1.5]","(0.4, 0.6]"
BTC,2026-08-20 23:45:00+00:00,vwap_reversion,-1,-1.5439937516114979,0,0.52,0.23,0.3,2.99,2.36,1.27,0.06,wait,"(1.0, 1.5]","(0.4, 0.6]"
BTC,2026-08-21 01:30:00+00:00,vwap_reversion,-1,-1.2653421094400858,0,0.7,0.41,0.86,3.0,3.0,2.04,0.23,wait,"(2.0, 2.5]","(0.6, 0.8]"
BTC,2026-08-21 02:05:00+00:00,vwap_reversion,-1,1.3587353627616032,1,0.27,0.45,0.85,3.0,1.58,0.98,0.02,skip,"(-0.1, 1.0]","(0.2, 0.4]"
BTC,2026-08-21 04:55:00+00:00,vwap_reversion,-1,-1.4506877331855048,0,0.6,0.35,0.32,2.97,2.4,1.22,0.05,wait,"(1.0, 1.5]","(0.4, 0.6]"
BTC,2026-08-21 05:15:00+00:00,vwap_reversion,-1,1.2532680416692392,1,0.69,0.85,0.3,2.98,2.82,1.42,0.15,wait,"(1.0, 1.5]","(0.6, 0.8]"
BTC,2026-08-21 05:20:00+00:00,vwap_reversion,-1,-1.387921503711108,0,0.47,0.87,0.35,2.98,2.23,1.43,0.08,wait,"(1.0, 1.5]","(0.4, 0.6]"
BTC,2026-08-21 05:40:00+00:00,vwap_reversion,-1,-1.3850428734899152,0,0.46,0.85,0.38,3.0,2.01,0.95,0.02,skip,"(-0.1, 1.0]","(0.4, 0.6]"
BTC,2026-08-21 05:50:00+00:00,vwap_reversion,-1,-1.4096588918322648,0,0.53,0.86,0.33,3.0,2.14,1.32,0.07,wait,"(1.0, 1.5]","(0.4, 0.6]"
BTC,2026-08-21 06:05:00+00:00,vwap_reversion,-1,1.2293193861330718,1,0.66,0.83,0.27,3.0,2.51,1.37,0.08,wait,"(1.0, 1.5]","(0.6, 0.8]"
BTC,2026-08-21 07:00:00+00:00,vwap_reversion,-1,-1.341442844345775,0,0.63,0.9,0.84,2.99,2.63,1.35,0.04,wait,"(1.0, 1.5]","(0.6, 0.8]"
BTC,2026-08-21 07:15:00+00:00,vwap_reversion,-1,-1.2761916063112853,0,0.51,0.74,0.86,3.0,2.81,1.99,0.16,wait,"(1.5, 2.0]","(0.4, 0.6]"
BTC,2026-08-21 07:30:00+00:00,vwap_reversion,-1,-1.2789416666690638,0,0.7,0.85,0.86,3.0,2.95,1.99,0.19,wait,"(1.5, 2.0]","(0.6, 0.8]"
BTC,2026-08-21 07:40:00+00:00,vwap_reversion,-1,-1.2729962616812676,0,0.7,0.84,0.85,3.0,2.94,1.71,0.13,wait,"(1.5, 2.0]","(0.6, 0.8]"
BTC,2026-08-21 07:55:00+00:00,vwap_reversion,-1,-1.2823678682489235,0,0.51,0.76,0.85,3.0,2.83,1.61,0.07,wait,"(1.5, 2.0]","(0.4, 0.6]"
BTC,2026-08-21 08:10:00+00:00,vwap_reversion,-1,-1.2435015526273885,0,0.68,0.85,0.84,3.0,2.94,1.68,0.11,wait,"(1.5, 2.0]","(0.6, 0.8]"
BTC,2026-08-21 08:25:00+00:00,vwap_reversion,-1,-1.2356080146780766,0,0.49,0.84,0.85,3.0,2.33,1.68,0.07,wait,"(1.5, 2.0]","(0.4, 0.6]"
BTC,2026-08-21 08:35:00+00:00,vwap_reversion,-1,-1.2359440289882688,0,0.71,0.87,0.85,3.0,2.98,2.08,0.25,wait,"(2.0, 2.5]","(0.6, 0.8]"
BTC,2026-08-21 08:40:00+00:00,vwap_reversion,-1,-1.2373773559613752,0,0.49,0.84,0.84,3.0,2.62,1.71,0.12,wait,"(1.5, 2.0]","(0.4, 0.6]"
BTC,2026-08-21 09:40:00+00:00,vwap_reversion,-1,1.3976637402572734,1,0.36,0.42,0.87,3.0,1.79,1.03,0.02,skip,"(1.0, 1.5]","(0.2, 0.4]"
BTC,2026-08-21 09:45:00+00:00,vwap_reversion,-1,1.3942098656991901,1,0.5,0.45,0.86,2.99,2.36,1.24,0.03,wait,"(1.0, 1.5]","(0.4, 0.6]"
BTC,2026-08-21 21:10:00+00:00,vwap_reversion,-1,-1.4327064026216647,0,0.42,0.31,0.33,1.67,1.73,1.43,0.06,wait,"(1.0, 1.5]","(0.4, 0.6]"
BTC,2026-08-21 21:25:00+00:00,vwap_reversion,-1,-1.3785493859366935,0,0.71,0.23,0.28,2.83,2.85,1.68,0.16,wait,"(1.5, 2.0]","(0.6, 0.8]"
BTC,2026-08-21 21:45:00+00:00,vwap_reversion,-1,-1.3265591012450084,0,0.55,0.43,0.86,2.85,2.23,1.76,0.13,wait,"(1.5, 2.0]","(0.4, 0.6]"
BTC,2026-08-21 22:20:00+00:00,vwap_reversion,-1,1.320358985402608,1,0.57,0.88,0.86,2.99,2.35,1.49,0.1,wait,"(1.0, 1.5]","(0.4, 0.6]"
BTC,2026-08-22 02:55:00+00:00,vwap_reversion,-1,-1.443061055792134,0,0.61,0.34,0.27,2.78,2.28,1.23,0.05,wait,"(1.0, 1.5]","(0.6, 0.8]"
BTC,2026-08-22 03:05:00+00:00,vwap_reversion,-1,-1.4448643521990725,0,0.7,0.22,0.29,2.83,2.33,1.61,0.16,wait,"(1.5, 2.0]","(0.6, 0.8]"
BTC,2026-08-22 03:30:00+00:00,vwap_reversion,-1,1.2254956943637034,1,0.42,0.21,0.29,2.84,1.45,1.01,0.02,skip,"(1.0, 1.5]","(0.4, 0.6]"
BTC,2026-08-22 03:35:00+00:00,vwap_reversion,-1,1.215503190249864,1,0.63,0.23,0.28,2.82,2.12,1.22,0.07,wait,"(1.0, 1.5]","(0.6, 0.8]"
BTC,2026-08-23 10:05:00+00:00,vwap_reversion,-1,-1.7945148295245352,0,0.39,0.22,0.13,0.99,1.97,0.96,0.01,skip,"(-0.1, 1.0]","(0.2, 0.4]"
BTC,2026-08-23 10:25:00+00:00,vwap_reversion,-1,-1.707108708344887,0,0.31,0.86,0.14,2.14,1.66,0.76,0.01,skip,"(-0.1, 1.0]","(0.2, 0.4]"
BTC,2026-08-23 10:40:00+00:00,vwap_reversion,-1,-1.689574688980705,0,0.37,0.84,0.28,2.14,1.95,1.02,0.02,wait,"(1.0, 1.5]","(0.2, 0.4]"
BTC,2026-08-23 11:30:00+00:00,vwap_reversion,-1,-1.6193314323891517,0,0.68,0.87,0.32,2.16,2.67,1.66,0.1,wait,"(1.5, 2.0]","(0.6, 0.8]"
BTC,2026-08-23 11:45:00+00:00,vwap_reversion,-1,-1.5969887737078248,0,0.48,0.87,0.35,2.94,2.31,1.32,0.06,wait,"(1.0, 1.5]","(0.4, 0.6]"
BTC,2026-08-23 21:05:00+00:00,vwap_reversion,-1,-2.0521064702269163,0,0.66,0.32,0.15,2.2,2.85,1.3,0.07,skip,"(1.0, 1.5]","(0.6, 0.8]"
BTC,2026-08-23 21:20:00+00:00,vwap_reversion,-1,-1.8283378721454824,0,0.43,0.29,0.13,2.12,2.81,1.34,0.07,skip,"(1.0, 1.5]","(0.4, 0.6]"
BTC,2026-08-24 10:05:00+00:00,vwap_reversion,-1,-1.6298850018985394,0,0.7,0.88,0.33,2.14,2.85,1.81,0.12,wait,"(1.5, 2.0]","(0.6, 0.8]"
BTC,2026-08-24 10:25:00+00:00,vwap_reversion,-1,-1.5896794268023988,0,0.73,0.89,0.34,2.22,2.74,1.9,0.26,wait,"(1.5, 2.0]","(0.6, 0.8]"
BTC,2026-08-24 11:35:00+00:00,vwap_reversion,-1,-1.4697715915945146,0,0.49,0.7,0.32,2.19,2.7,1.82,0.08,wait,"(1.5, 2.0]","(0.4, 0.6]"
BTC,2026-08-24 12:25:00+00:00,vwap_reversion,-1,-1.3951379547923874,0,0.6,0.87,0.34,2.99,2.51,1.21,0.03,wait,"(1.0, 1.5]","(0.4, 0.6]"
BTC,2026-08-24 12:30:00+00:00,vwap_reversion,-1,-1.3725399968161573,0,0.68,0.82,0.34,2.83,2.87,1.75,0.12,wait,"(1.5, 2.0]","(0.6, 0.8]"
BTC,2026-08-24 12:40:00+00:00,vwap_reversion,-1,-1.3572046475127137,0,0.69,0.84,0.31,2.87,2.86,1.68,0.09,wait,"(1.5, 2.0]","(0.6, 0.8]"
BTC,2026-08-24 12:50:00+00:00,vwap_reversion,-1,-1.3380709686049377,0,0.54,0.41,0.85,2.9,2.87,2.29,0.2,wait,"(2.0, 2.5]","(0.4, 0.6]"
BTC,2026-08-24 12:55:00+00:00,vwap_reversion,-1,-1.3365819916393167,0,0.74,0.86,0.85,2.84,2.98,2.33,0.3,wait,"(2.0, 2.5]","(0.6, 0.8]"
BTC,2026-08-24 13:10:00+00:00,vwap_reversion,-1,1.29432748249959,1,0.68,0.46,0.86,2.99,2.98,1.84,0.14,wait,"(1.5, 2.0]","(0.6, 0.8]"
BTC,2026-08-24 13:20:00+00:00,vwap_reversion,-1,1.2977428677122627,1,0.58,0.45,0.86,2.99,2.75,1.66,0.12,wait,"(1.5, 2.0]","(0.4, 0.6]"
BTC,2026-08-24 13:25:00+00:00,vwap_reversion,-1,1.2937954223328731,1,0.58,0.86,0.85,2.99,2.73,1.51,0.07,wait,"(1.5, 2.0]","(0.4, 0.6]"
BTC,2026-08-24 14:15:00+00:00,vwap_reversion,-1,-1.2616092655549738,0,0.63,0.48,0.86,2.85,2.73,1.61,0.09,wait,"(1.5, 2.0]","(0.6, 0.8]"
BTC,2026-08-24 14:30:00+00:00,vwap_reversion,-1,-1.221502280899554,0,0.46,0.47,0.86,2.85,2.5,1.72,0.09,wait,"(1.5, 2.0]","(0.4, 0.6]"
BTC,2026-08-24 14:35:00+00:00,vwap_reversion,-1,-1.227764418633564,0,0.73,0.52,0.87,2.82,2.98,2.13,0.27,wait,"(2.0, 2.5]","(0.6, 0.8]"
BTC,2026-08-24 14:40:00+00:00,vwap_reversion,-1,-1.2266571532692232,0,0.67,0.49,0.85,2.87,2.91,2.07,0.18,wait,"(2.0, 2.5]","(0.6, 0.8]"
BTC,2026-08-24 14:45:00+00:00,vwap_reversion,-1,-1.2294556628116897,0,0.72,0.5,0.88,2.81,2.81,1.99,0.24,wait,"(1.5, 2.0]","(0.6, 0.8]"
BTC,2026-08-24 15:05:00+00:00,vwap_reversion,-1,-1.2358355307654583,0,0.61,0.29,0.86,2.91,2.64,1.42,0.06,wait,"(1.0, 1.5]","(0.6, 0.8]"
BTC,2026-08-24 15:25:00+00:00,vwap_reversion,-1,1.3404448189495601,1,0.66,0.87,0.86,2.83,2.72,2.04,0.18,wait,"(2.0, 2.5]","(0.6, 0.8]"
BTC,2026-08-24 15:30:00+00:00,vwap_reversion,-1,1.337893923083633,1,0.64,0.87,0.85,2.83,2.51,1.86,0.16,wait,"(1.5, 2.0]","(0.6, 0.8]"
BTC,2026-08-25 00:45:00+00:00,vwap_reversion,-1,-1.443646698551192,0,0.53,0.81,0.32,2.01,2.72,2.07,0.19,wait,"(2.0, 2.5]","(0.4, 0.6]"
BTC,2026-08-25 00:55:00+00:00,vwap_reversion,-1,-1.4136004641305533,0,0.46,0.83,0.38,2.14,2.75,1.87,0.12,wait,"(1.5, 2.0]","(0.4, 0.6]"
BTC,2026-08-25 01:20:00+00:00,vwap_reversion,-1,-1.3805994684298497,0,0.63,0.84,0.34,2.99,2.53,1.5,0.1,wait,"(1.0, 1.5]","(0.6, 0.8]"
BTC,2026-08-25 01:25:00+00:00,vwap_reversion,-1,1.2631258842501158,1,0.67,0.83,0.33,2.99,2.78,1.65,0.11,wait,"(1.5, 2.0]","(0.6, 0.8]"
BTC,2026-08-25 02:10:00+00:00,vwap_reversion,-1,-1.4071476954849644,0,0.38,0.84,0.33,3.0,1.21,0.66,0.01,skip,"(-0.1, 1.0]","(0.2, 0.4]"
BTC,2026-08-25 02:20:00+00:00,vwap_reversion,-1,-1.2862724432382366,0,0.71,0.42,0.86,2.86,3.0,2.34,0.35,wait,"(2.0, 2.5]","(0.6, 0.8]"
BTC,2026-08-25 02:40:00+00:00,vwap_reversion,-1,1.3254398457187644,1,0.7,0.43,0.86,3.0,3.0,2.1,0.25,wait,"(2.0, 2.5]","(0.6, 0.8]"
BTC,2026-08-25 02:55:00+00:00,vwap_reversion,-1,-1.2898986745320382,0,0.36,0.49,0.83,2.99,2.0,1.06,0.02,wait,"(1.0, 1.5]","(0.2, 0.4]"
BTC,2026-08-25 03:05:00+00:00,vwap_reversion,-1,1.3109505882862456,1,0.69,0.87,0.86,2.99,2.47,1.73,0.14,wait,"(1.5, 2.0]","(0.6, 0.8]"
BTC,2026-08-25 03:10:00+00:00,vwap_reversion,-1,1.3054974433929536,1,0.48,0.87,0.85,2.99,1.85,1.68,0.09,wait,"(1.5, 2.0]","(0.4, 0.6]"
BTC,2026-08-25 03:30:00+00:00,vwap_reversion,-1,1.2933127425835311,1,0.43,0.88,0.85,3.0,0.67,1.23,0.03,wait,"(1.0, 1.5]","(0.4, 0.6]"
BTC,2026-08-25 03:35:00+00:00,vwap_reversion,-1,1.2894060981706843,1,0.57,0.87,0.87,2.99,1.6,1.43,0.08,wait,"(1.0, 1.5]","(0.4, 0.6]"
BTC,2026-08-26 02:35:00+00:00,vwap_reversion,-1,1.1130679764783398,1,0.68,0.34,0.37,2.19,2.61,1.64,0.11,wait,"(1.5, 2.0]","(0.6, 0.8]"
BTC,2026-08-26 02:40:00+00:00,vwap_reversion,-1,1.1045356937544064,1,0.43,0.14,0.26,2.23,2.01,1.15,0.03,wait,"(1.0, 1.5]","(0.4, 0.6]"
BTC,2026-08-26 21:15:00+00:00,vwap_reversion,-1,-1.7713116636909239,0,0.44,0.22,0.15,2.14,2.24,1.06,0.03,skip,"(1.0, 1.5]","(0.4, 0.6]"
BTC,2026-08-26 21:20:00+00:00,vwap_reversion,-1,-1.7713634149689592,0,0.67,0.24,0.14,2.15,2.71,1.32,0.06,wait,"(1.0, 1.5]","(0.6, 0.8]"
BTC,2026-08-26 21:25:00+00:00,vwap_reversion,-1,-1.7493976115902108,0,0.65,0.22,0.13,2.15,2.51,1.35,0.04,skip,"(1.0, 1.5]","(0.6, 0.8]"
BTC,2026-08-26 21:35:00+00:00,vwap_reversion,-1,-1.7555711423239675,0,0.69,0.22,0.13,2.12,2.67,1.32,0.06,skip,"(1.0, 1.5]","(0.6, 0.8]"
BTC,2026-08-26 23:35:00+00:00,vwap_reversion,-1,-1.7471317069186478,0,0.42,0.86,0.14,1.98,2.33,0.85,0.02,skip,"(-0.1, 1.0]","(0.4, 0.6]"
BTC,2026-08-26 23:45:00+00:00,vwap_reversion,-1,1.061932316216904,1,0.67,0.88,0.29,2.05,2.96,1.76,0.11,wait,"(1.5, 2.0]","(0.6, 0.8]"
BTC,2026-08-26 23:50:00+00:00,vwap_reversion,-1,1.0600432689104071,1,0.66,0.87,0.14,2.06,2.92,1.25,0.04,wait,"(1.0, 1.5]","(0.6, 0.8]"
BTC,2026-08-26 23:55:00+00:00,vwap_reversion,-1,1.0646676673193123,1,0.44,0.82,0.32,2.2,2.73,1.5,0.06,wait,"(1.0, 1.5]","(0.4, 0.6]"
BTC,2026-08-27 08:10:00+00:00,vwap_reversion,-1,-1.547416491591917,0,0.48,0.7,0.32,2.18,2.88,1.99,0.19,wait,"(1.5, 2.0]","(0.4, 0.6]"
BTC,2026-08-27 08:40:00+00:00,vwap_reversion,-1,1.1811417432721474,1,0.45,0.8,0.27,2.93,2.62,1.55,0.1,wait,"(1.5, 2.0]","(0.4, 0.6]"
BTC,2026-08-27 08:45:00+00:00,vwap_reversion,-1,-1.491601544102077,0,0.48,0.36,0.37,2.94,2.88,1.62,0.08,wait,"(1.5, 2.0]","(0.4, 0.6]"
BTC,2026-08-27 08:50:00+00:00,vwap_reversion,-1,-1.502953408413167,0,0.7,0.83,0.31,2.93,2.77,1.76,0.23,wait,"(1.5, 2.0]","(0.6, 0.8]"
BTC,2026-08-27 09:00:00+00:00,vwap_reversion,-1,-1.520009439794866,0,0.6,0.81,0.37,2.99,2.72,1.67,0.11,wait,"(1.5, 2.0]","(0.4, 0.6]"
BTC,2026-08-27 09:05:00+00:00,vwap_reversion,-1,-1.5225820782500874,0,0.7,0.85,0.32,3.0,2.61,1.64,0.17,wait,"(1.5, 2.0]","(0.6, 0.8]"
BTC,2026-08-27 09:40:00+00:00,vwap_reversion,-1,1.2089787402223457,1,0.59,0.45,0.39,2.99,2.69,1.51,0.08,wait,"(1.5, 2.0]","(0.4, 0.6]"
BTC,2026-08-27 09:45:00+00:00,vwap_reversion,-1,1.1979053054321827,1,0.73,0.85,0.33,2.99,2.87,1.77,0.29,wait,"(1.5, 2.0]","(0.6, 0.8]"
BTC,2026-08-27 15:00:00+00:00,vwap_reversion,-1,-1.3612169778471077,0,0.64,0.85,0.31,2.92,2.68,1.44,0.07,wait,"(1.0, 1.5]","(0.6, 0.8]"
BTC,2026-08-27 15:25:00+00:00,vwap_reversion,-1,1.2934901614949932,1,0.72,0.88,0.86,2.99,2.65,1.88,0.28,wait,"(1.5, 2.0]","(0.6, 0.8]"
BTC,2026-08-27 15:35:00+00:00,vwap_reversion,-1,-1.340876341515459,0,0.66,0.88,0.85,2.99,2.49,1.58,0.13,wait,"(1.5, 2.0]","(0.6, 0.8]"
BTC,2026-08-27 15:40:00+00:00,vwap_reversion,-1,-1.3374428861429273,0,0.66,0.87,0.86,2.99,2.46,1.53,0.07,wait,"(1.5, 2.0]","(0.6, 0.8]"
BTC,2026-08-27 22:00:00+00:00,vwap_reversion,-1,-1.8540414952659872,0,0.35,0.13,0.14,1.74,2.08,0.86,0.01,skip,"(-0.1, 1.0]","(0.2, 0.4]"
BTC,2026-08-27 22:20:00+00:00,vwap_reversion,-1,0.9942632333555833,1,0.35,0.19,0.13,1.76,2.01,0.81,0.01,skip,"(-0.1, 1.0]","(0.2, 0.4]"
BTC,2026-08-28 00:55:00+00:00,vwap_reversion,-1,-1.69498296617149,0,0.4,0.87,0.32,2.84,2.16,1.25,0.04,skip,"(1.0, 1.5]","(0.2, 0.4]"
BTC,2026-08-28 01:10:00+00:00,vwap_reversion,-1,-1.6367090008371339,0,0.7,0.88,0.36,2.83,2.66,1.72,0.13,wait,"(1.5, 2.0]","(0.6, 0.8]"
BTC,2026-08-28 01:20:00+00:00,vwap_reversion,-1,-1.5572942917837942,0,0.48,0.83,0.31,2.86,2.78,1.87,0.12,wait,"(1.5, 2.0]","(0.4, 0.6]"
BTC,2026-08-28 01:30:00+00:00,vwap_reversion,-1,1.1984025452457059,1,0.69,0.72,0.37,2.99,3.0,2.08,0.21,wait,"(2.0, 2.5]","(0.6, 0.8]"
BTC,2026-08-29 14:40:00+00:00,vwap_reversion,-1,-2.297296876606428,0,0.48,0.68,0.14,2.07,2.76,1.34,0.03,skip,"(1.0, 1.5]","(0.4, 0.6]"
BTC,2026-08-29 14:45:00+00:00,vwap_reversion,-1,0.8245477147675134,1,0.48,0.66,0.13,2.06,2.75,1.39,0.04,skip,"(1.0, 1.5]","(0.4, 0.6]"
BTC,2026-08-29 14:55:00+00:00,vwap_reversion,-1,0.8080217321441582,1,0.45,0.83,0.14,2.09,2.28,1.17,0.03,wait,"(1.0, 1.5]","(0.4, 0.6]"
BTC,2026-08-29 15:10:00+00:00,vwap_reversion,-1,0.8456454090059441,1,0.52,0.83,0.14,2.13,2.31,1.08,0.02,skip,"(1.0, 1.5]","(0.4, 0.6]"
BTC,2026-08-29 15:20:00+00:00,vwap_reversion,-1,0.8683696638438416,1,0.37,0.82,0.13,2.94,1.99,0.74,0.01,skip,"(-0.1, 1.0]","(0.2, 0.4]"
BTC,2026-08-29 16:15:00+00:00,vwap_reversion,-1,0.8623390533219059,1,0.52,0.84,0.14,1.93,2.35,1.14,0.02,wait,"(1.0, 1.5]","(0.4, 0.6]"
BTC,2026-08-29 16:50:00+00:00,vwap_reversion,-1,0.835950842768355,1,0.6,0.83,0.14,1.98,2.65,1.08,0.02,skip,"(1.0, 1.5]","(0.4, 0.6]"
BTC,2026-08-29 17:00:00+00:00,vwap_reversion,-1,0.8043637880738197,1,0.43,0.84,0.14,2.24,2.0,0.9,0.02,skip,"(-0.1, 1.0]","(0.4, 0.6]"
BTC,2026-08-29 18:35:00+00:00,vwap_reversion,-1,-2.1908581068742317,0,0.35,0.82,0.14,1.99,2.14,0.76,0.01,skip,"(-0.1, 1.0]","(0.2, 0.4]"
BTC,2026-08-29 19:15:00+00:00,vwap_reversion,-1,0.7493337146031626,1,0.67,0.85,0.13,2.88,2.82,1.32,0.05,skip,"(1.0, 1.5]","(0.6, 0.8]"
BTC,2026-08-30 06:35:00+00:00,vwap_reversion,-1,-3.5971188186986747,0,0.44,0.29,0.14,0.77,2.23,1.15,0.02,skip,"(1.0, 1.5]","(0.4, 0.6]"
BTC,2026-08-30 06:40:00+00:00,vwap_reversion,-1,-3.3088743605281565,0,0.69,0.31,0.14,0.72,2.84,1.34,0.05,skip,"(1.0, 1.5]","(0.6, 0.8]"
BTC,2026-08-30 07:00:00+00:00,vwap_reversion,-1,0.1010543132811968,1,0.41,0.13,0.14,2.16,2.16,0.9,0.02,skip,"(-0.1, 1.0]","(0.4, 0.6]"
BTC,2026-08-30 11:30:00+00:00,vwap_reversion,-1,0.09846077080483422,1,0.66,0.87,0.14,2.15,2.69,1.31,0.05,wait,"(1.0, 1.5]","(0.6, 0.8]"
BTC,2026-08-30 12:10:00+00:00,vwap_reversion,-1,0.8133326343960541,1,0.66,0.34,0.14,2.12,3.0,1.5,0.09,skip,"(1.0, 1.5]","(0.6, 0.8]"
BTC,2026-08-30 12:20:00+00:00,vwap_reversion,-1,-2.0203287734676967,0,0.61,0.35,0.13,2.22,2.98,1.29,0.04,skip,"(1.0, 1.5]","(0.6, 0.8]"
BTC,2026-08-30 12:30:00+00:00,vwap_reversion,-1,-1.8244025134916846,0,0.63,0.35,0.14,2.96,2.97,1.3,0.03,skip,"(1.0, 1.5]","(0.6, 0.8]"
BTC,2026-08-30 12:40:00+00:00,vwap_reversion,-1,-1.7865582260652926,0,0.65,0.38,0.14,2.93,2.96,1.1,0.03,skip,"(1.0, 1.5]","(0.6, 0.8]"
BTC,2026-08-30 12:45:00+00:00,vwap_reversion,-1,-1.8020366843693054,0,0.39,0.4,0.14,2.95,2.27,0.93,0.01,skip,"(-0.1, 1.0]","(0.2, 0.4]"
BTC,2026-08-30 12:50:00+00:00,vwap_reversion,-1,-1.8160529770629832,0,0.64,0.38,0.13,2.96,2.96,1.08,0.02,skip,"(1.0, 1.5]","(0.6, 0.8]"
BTC,2026-08-30 13:00:00+00:00,vwap_reversion,-1,-1.7563776627144811,0,0.43,0.33,0.14,2.99,2.79,1.19,0.02,skip,"(1.0, 1.5]","(0.4, 0.6]"
BTC,2026-08-30 13:30:00+00:00,vwap_reversion,-1,-1.8887041817250412,0,0.4,0.39,0.14,3.0,1.75,0.7,0.01,skip,"(-0.1, 1.0]","(0.2, 0.4]"
BTC,2026-08-30 13:50:00+00:00,vwap_reversion,-1,0.9732239008355908,1,0.42,0.39,0.14,3.0,2.56,0.87,0.03,skip,"(-0.1, 1.0]","(0.4, 0.6]"
BTC,2026-08-30 14:00:00+00:00,vwap_reversion,-1,0.9691593933823832,1,0.65,0.37,0.14,3.0,2.81,0.94,0.02,skip,"(-0.1, 1.0]","(0.6, 0.8]"
BTC,2026-08-30 16:15:00+00:00,vwap_reversion,-1,-1.606376476911224,0,0.61,0.43,0.34,2.99,2.76,1.16,0.07,wait,"(1.0, 1.5]","(0.6, 0.8]"
BTC,2026-08-30 16:35:00+00:00,vwap_reversion,-1,-1.6121054673291135,0,0.46,0.43,0.33,2.98,2.13,1.17,0.03,skip,"(1.0, 1.5]","(0.4, 0.6]"
BTC,2026-08-30 16:40:00+00:00,vwap_reversion,-1,-1.6061503301371411,0,0.46,0.45,0.34,2.99,2.46,1.31,0.07,wait,"(1.0, 1.5]","(0.4, 0.6]"
BTC,2026-08-30 16:45:00+00:00,vwap_reversion,-1,-1.6260104030122062,0,0.44,0.42,0.31,3.0,2.09,0.92,0.02,skip,"(-0.1, 1.0]","(0.4, 0.6]"
BTC,2026-08-31 05:25:00+00:00,vwap_reversion,-1,-1.5718905308660402,0,0.38,0.89,0.32,0.63,2.1,1.25,0.04,wait,"(1.0, 1.5]","(0.2, 0.4]"
BTC,2026-08-31 07:15:00+00:00,vwap_reversion,-1,-1.6999624345755548,0,0.58,0.3,0.14,1.98,2.52,1.09,0.01,skip,"(1.0, 1.5]","(0.4, 0.6]"
BTC,2026-08-31 07:25:00+00:00,vwap_reversion,-1,-1.689669444418912,0,0.39,0.23,0.28,2.22,2.0,0.99,0.02,wait,"(-0.1, 1.0]","(0.2, 0.4]"
BTC,2026-08-31 08:40:00+00:00,vwap_reversion,-1,-1.6655562849748704,0,0.42,0.88,0.29,1.54,2.28,1.51,0.06,wait,"(1.5, 2.0]","(0.4, 0.6]"
BTC,2026-08-31 08:45:00+00:00,vwap_reversion,-1,-1.665035708993219,0,0.58,0.87,0.34,2.01,2.35,2.01,0.2,wait,"(2.0, 2.5]","(0.4, 0.6]"
BTC,2026-08-31 08:50:00+00:00,vwap_reversion,-1,-1.6634573658716065,0,0.74,0.87,0.3,2.21,2.84,1.85,0.19,wait,"(1.5, 2.0]","(0.6, 0.8]"
BTC,2026-08-31 08:55:00+00:00,vwap_reversion,-1,-1.668668406910782,0,0.46,0.81,0.34,2.11,2.74,1.78,0.06,wait,"(1.5, 2.0]","(0.4, 0.6]"
BTC,2026-08-31 09:30:00+00:00,vwap_reversion,-1,-1.5835858729051997,0,0.64,0.35,0.35,2.9,2.42,1.43,0.09,wait,"(1.0, 1.5]","(0.6, 0.8]"
BTC,2026-08-31 09:45:00+00:00,vwap_reversion,-1,1.1135963351808933,1,0.65,0.86,0.34,2.95,2.45,1.32,0.1,wait,"(1.0, 1.5]","(0.6, 0.8]"
BTC,2026-08-31 14:40:00+00:00,vwap_reversion,-1,-1.3218612262604104,0,0.38,0.47,0.85,0.24,2.08,1.62,0.11,wait,"(1.5, 2.0]","(0.2, 0.4]"
BTC,2026-08-31 17:40:00+00:00,vwap_reversion,-1,-1.4833924959995053,0,0.44,0.89,0.34,1.34,2.18,1.53,0.07,wait,"(1.5, 2.0]","(0.4, 0.6]"
BTC,2026-08-31 17:50:00+00:00,vwap_reversion,-1,-1.504016798843026,0,0.39,0.36,0.29,2.84,1.9,1.08,0.03,wait,"(1.0, 1.5]","(0.2, 0.4]"
BTC,2026-08-31 19:10:00+00:00,vwap_reversion,-1,1.1262674998242916,1,0.43,0.25,0.31,2.86,2.08,0.98,0.03,skip,"(-0.1, 1.0]","(0.4, 0.6]"
BTC,2026-09-01 00:25:00+00:00,vwap_reversion,-1,0.7626315206315655,1,0.46,0.18,0.13,0.49,2.25,1.0,0.02,skip,"(-0.1, 1.0]","(0.4, 0.6]"
BTC,2026-09-01 04:25:00+00:00,vwap_reversion,-1,0.9930547682070222,1,0.57,0.85,0.14,2.11,2.15,1.02,0.01,skip,"(1.0, 1.5]","(0.4, 0.6]"
BTC,2026-09-01 05:05:00+00:00,vwap_reversion,-1,-1.8299571587328196,0,0.71,0.86,0.14,2.14,2.89,1.37,0.05,wait,"(1.0, 1.5]","(0.6, 0.8]"
BTC,2026-09-01 05:35:00+00:00,vwap_reversion,-1,-1.8067127250845512,0,0.68,0.85,0.13,2.13,2.85,1.37,0.05,skip,"(1.0, 1.5]","(0.6, 0.8]"
BTC,2026-09-01 05:55:00+00:00,vwap_reversion,-1,1.0051560258818626,1,0.65,0.84,0.15,2.19,2.59,1.3,0.03,skip,"(1.0, 1.5]","(0.6, 0.8]"
BTC,2026-09-02 03:05:00+00:00,vwap_reversion,-1,-1.6844372233641334,0,0.43,0.88,0.35,0.83,2.04,1.36,0.04,wait,"(1.0, 1.5]","(0.4, 0.6]"
BTC,2026-09-02 03:10:00+00:00,vwap_reversion,-1,-1.6605785629061898,0,0.48,0.89,0.38,0.58,2.12,1.9,0.15,wait,"(1.5, 2.0]","(0.4, 0.6]"
BTC,2026-09-02 03:15:00+00:00,vwap_reversion,-1,-1.641357278864211,0,0.71,0.85,0.33,0.49,2.77,1.75,0.14,wait,"(1.5, 2.0]","(0.6, 0.8]"
BTC,2026-09-02 03:20:00+00:00,vwap_reversion,-1,-1.6559807344549162,0,0.7,0.87,0.34,0.6,2.46,2.01,0.17,wait,"(2.0, 2.5]","(0.6, 0.8]"
BTC,2026-09-02 03:25:00+00:00,vwap_reversion,-1,1.1206153425150005,1,0.46,0.88,0.4,0.61,2.39,1.73,0.13,wait,"(1.5, 2.0]","(0.4, 0.6]"
BTC,2026-09-03 02:40:00+00:00,vwap_reversion,-1,1.1488451860400326,1,0.67,0.86,0.31,2.12,2.49,1.64,0.12,wait,"(1.5, 2.0]","(0.6, 0.8]"
BTC,2026-09-03 07:05:00+00:00,vwap_reversion,-1,-1.6668588857392233,0,0.62,0.89,0.35,2.76,2.86,1.46,0.11,wait,"(1.0, 1.5]","(0.6, 0.8]"
BTC,2026-09-03 07:10:00+00:00,vwap_reversion,-1,1.0895144318092198,1,0.59,0.85,0.3,2.82,2.51,1.14,0.06,wait,"(1.0, 1.5]","(0.4, 0.6]"
BTC,2026-09-03 11:25:00+00:00,vwap_reversion,-1,-1.832009393931445,0,0.61,0.37,0.14,0.65,2.67,1.1,0.02,skip,"(1.0, 1.5]","(0.6, 0.8]"
BTC,2026-09-03 11:40:00+00:00,vwap_reversion,-1,-1.8374278800393975,0,0.63,0.86,0.14,0.64,2.09,1.15,0.04,skip,"(1.0, 1.5]","(0.6, 0.8]"
BTC,2026-09-03 11:55:00+00:00,vwap_reversion,-1,-1.850354077155853,0,0.45,0.84,0.14,2.19,2.0,0.84,0.01,skip,"(-0.1, 1.0]","(0.4, 0.6]"
BTC,2026-09-03 12:15:00+00:00,vwap_reversion,-1,-1.7819125568132212,0,0.39,0.87,0.14,2.14,1.58,0.93,0.01,skip,"(-0.1, 1.0]","(0.2, 0.4]"
BTC,2026-09-03 12:30:00+00:00,vwap_reversion,-1,-1.6411495037707204,0,0.49,0.81,0.32,2.2,2.76,1.89,0.16,wait,"(1.5, 2.0]","(0.4, 0.6]"
BTC,2026-09-03 12:40:00+00:00,vwap_reversion,-1,-1.6040509317122649,0,0.47,0.82,0.29,2.24,2.49,1.57,0.11,wait,"(1.5, 2.0]","(0.4, 0.6]"
BTC,2026-09-03 12:55:00+00:00,vwap_reversion,-1,-1.5308153162241245,0,0.5,0.7,0.33,2.2,2.75,1.99,0.17,wait,"(1.5, 2.0]","(0.4, 0.6]"
BTC,2026-09-03 13:00:00+00:00,vwap_reversion,-1,-1.5241637444387925,0,0.46,0.81,0.33,3.0,2.62,1.38,0.07,wait,"(1.0, 1.5]","(0.4, 0.6]"
BTC,2026-09-03 13:10:00+00:00,vwap_reversion,-1,-1.5524300825319013,0,0.71,0.86,0.35,2.99,2.87,1.63,0.17,wait,"(1.5, 2.0]","(0.6, 0.8]"
BTC,2026-09-03 13:30:00+00:00,vwap_reversion,-1,-1.5384773407587666,0,0.43,0.81,0.33,2.99,2.29,1.33,0.04,wait,"(1.0, 1.5]","(0.4, 0.6]"
BTC,2026-09-03 13:45:00+00:00,vwap_reversion,-1,-1.4765399599711606,0,0.67,0.72,0.33,2.99,2.99,1.95,0.15,wait,"(1.5, 2.0]","(0.6, 0.8]"
BTC,2026-09-03 13:50:00+00:00,vwap_reversion,-1,-1.469060852607028,0,0.71,0.84,0.28,2.99,2.81,1.7,0.18,wait,"(1.5, 2.0]","(0.6, 0.8]"
BTC,2026-09-03 14:05:00+00:00,vwap_reversion,-1,-1.4772106740130844,0,0.7,0.85,0.34,2.99,2.77,1.7,0.19,wait,"(1.5, 2.0]","(0.6, 0.8]"
BTC,2026-09-03 14:15:00+00:00,vwap_reversion,-1,-1.4731829823571598,0,0.68,0.72,0.31,2.99,3.0,1.77,0.14,wait,"(1.5, 2.0]","(0.6, 0.8]"
BTC,2026-09-03 14:30:00+00:00,vwap_reversion,-1,-1.401396346224532,0,0.72,0.35,0.33,2.99,3.0,1.97,0.2,wait,"(1.5, 2.0]","(0.6, 0.8]"
BTC,2026-09-03 14:35:00+00:00,vwap_reversion,-1,-1.3999859924232685,0,0.44,0.37,0.34,2.99,2.71,1.36,0.05,wait,"(1.0, 1.5]","(0.4, 0.6]"
BTC,2026-09-03 14:40:00+00:00,vwap_reversion,-1,-1.388171293457617,0,0.7,0.39,0.35,2.99,2.99,1.81,0.15,wait,"(1.5, 2.0]","(0.6, 0.8]"
BTC,2026-09-03 14:50:00+00:00,vwap_reversion,-1,-1.3129828130108,0,0.68,0.47,0.85,3.0,2.98,1.97,0.2,wait,"(1.5, 2.0]","(0.6, 0.8]"
BTC,2026-09-03 15:00:00+00:00,vwap_reversion,-1,1.3228407773120243,1,0.49,0.42,0.87,3.0,2.84,1.86,0.12,wait,"(1.5, 2.0]","(0.4, 0.6]"
BTC,2026-09-03 15:05:00+00:00,vwap_reversion,-1,-1.2772093428802533,0,0.47,0.41,0.86,3.0,2.9,1.89,0.13,wait,"(1.5, 2.0]","(0.4, 0.6]"
BTC,2026-09-03 15:15:00+00:00,vwap_reversion,-1,-1.2825879035439838,0,0.67,0.51,0.86,3.0,2.98,1.69,0.09,wait,"(1.5, 2.0]","(0.6, 0.8]"
BTC,2026-09-03 15:40:00+00:00,vwap_reversion,-1,-1.315684733390101,0,0.72,0.48,0.88,3.0,2.98,1.96,0.29,wait,"(1.5, 2.0]","(0.6, 0.8]"
BTC,2026-09-03 15:45:00+00:00,vwap_reversion,-1,-1.3229492764122162,0,0.51,0.44,0.86,3.0,2.33,1.56,0.07,wait,"(1.5, 2.0]","(0.4, 0.6]"
BTC,2026-09-03 16:10:00+00:00,vwap_reversion,-1,-1.2869481249001749,0,0.64,0.46,0.87,3.0,2.65,1.51,0.1,wait,"(1.5, 2.0]","(0.6, 0.8]"
BTC,2026-09-03 17:15:00+00:00,vwap_reversion,-1,-1.4037650475737702,0,0.37,0.87,0.33,3.0,1.83,0.84,0.01,skip,"(-0.1, 1.0]","(0.2, 0.4]"
BTC,2026-09-03 19:20:00+00:00,vwap_reversion,-1,-1.462922803098801,0,0.45,0.85,0.29,3.0,2.28,1.14,0.04,wait,"(1.0, 1.5]","(0.4, 0.6]"
BTC,2026-09-03 19:40:00+00:00,vwap_reversion,-1,-1.4797582587873082,0,0.64,0.86,0.29,3.0,2.46,1.1,0.05,wait,"(1.0, 1.5]","(0.6, 0.8]"
BTC,2026-09-03 21:30:00+00:00,vwap_reversion,-1,1.2454436543535796,1,0.46,0.79,0.32,2.98,2.74,1.51,0.12,wait,"(1.5, 2.0]","(0.4, 0.6]"
BTC,2026-09-04 08:35:00+00:00,vwap_reversion,-1,-1.8093683637088238,0,0.6,0.88,0.15,1.7,2.7,1.14,0.02,skip,"(1.0, 1.5]","(0.4, 0.6]"
BTC,2026-09-04 08:45:00+00:00,vwap_reversion,-1,-1.7330366765342406,0,0.62,0.87,0.13,1.67,2.58,1.18,0.05,wait,"(1.0, 1.5]","(0.6, 0.8]"
BTC,2026-09-04 09:00:00+00:00,vwap_reversion,-1,-1.7262286601871963,0,0.52,0.87,0.14,2.79,2.52,0.8,0.01,skip,"(-0.1, 1.0]","(0.4, 0.6]"
BTC,2026-09-04 09:15:00+00:00,vwap_reversion,-1,1.0679819596777083,1,0.39,0.88,0.29,2.88,1.78,0.71,0.01,skip,"(-0.1, 1.0]","(0.2, 0.4]"
BTC,2026-09-04 11:25:00+00:00,vwap_reversion,-1,1.0733614206011342,1,0.7,0.87,0.34,2.84,2.71,1.63,0.11,wait,"(1.5, 2.0]","(0.6, 0.8]"
BTC,2026-09-05 12:40:00+00:00,vwap_reversion,-1,-3.339474714887889,0,0.63,0.88,0.14,0.64,2.71,1.17,0.03,skip,"(1.0, 1.5]","(0.6, 0.8]"
BTC,2026-09-05 12:45:00+00:00,vwap_reversion,-1,0.13266331944784965,1,0.67,0.87,0.14,2.02,2.85,1.25,0.04,wait,"(1.0, 1.5]","(0.6, 0.8]"
BTC,2026-09-05 16:40:00+00:00,vwap_reversion,-1,-2.5403621136139947,0,0.64,0.83,0.15,2.16,2.85,1.33,0.05,skip,"(1.0, 1.5]","(0.6, 0.8]"
BTC,2026-09-05 16:55:00+00:00,vwap_reversion,-1,-2.165935448298101,0,0.61,0.38,0.14,2.17,2.76,1.19,0.03,skip,"(1.0, 1.5]","(0.6, 0.8]"
BTC,2026-09-05 17:00:00+00:00,vwap_reversion,-1,-2.1012318471052116,0,0.58,0.37,0.14,3.0,2.76,1.06,0.03,skip,"(1.0, 1.5]","(0.4, 0.6]"
BTC,2026-09-05 17:05:00+00:00,vwap_reversion,-1,0.8538796002838012,1,0.48,0.37,0.13,2.99,2.52,0.88,0.02,skip,"(-0.1, 1.0]","(0.4, 0.6]"
BTC,2026-09-05 17:30:00+00:00,vwap_reversion,-1,0.8924507261547462,1,0.43,0.4,0.14,3.0,2.06,0.63,0.01,skip,"(-0.1, 1.0]","(0.4, 0.6]"
BTC,2026-09-06 09:25:00+00:00,vwap_reversion,-1,0.3892504800770015,1,0.63,0.88,0.15,0.57,2.78,1.26,0.05,skip,"(1.0, 1.5]","(0.6, 0.8]"
BTC,2026-09-06 09:30:00+00:00,vwap_reversion,-1,0.3566842220840709,1,0.68,0.34,0.13,0.55,2.87,1.41,0.05,wait,"(1.0, 1.5]","(0.6, 0.8]"
BTC,2026-09-06 10:25:00+00:00,vwap_reversion,-1,-3.175150683987921,0,0.51,0.14,0.14,0.64,2.37,1.08,0.02,skip,"(1.0, 1.5]","(0.4, 0.6]"
BTC,2026-09-06 10:55:00+00:00,vwap_reversion,-1,-0.11234970281788903,1,0.66,0.13,0.14,2.2,2.54,1.3,0.04,skip,"(1.0, 1.5]","(0.6, 0.8]"
BTC,2026-09-06 18:30:00+00:00,vwap_reversion,-1,0.5498380813616379,1,0.6,0.85,0.14,2.09,2.6,1.1,0.03,skip,"(1.0, 1.5]","(0.4, 0.6]"
BTC,2026-09-06 18:40:00+00:00,vwap_reversion,-1,0.5034913831115351,1,0.68,0.31,0.14,2.05,2.73,1.38,0.06,wait,"(1.0, 1.5]","(0.6, 0.8]"
BTC,2026-09-06 18:50:00+00:00,vwap_reversion,-1,0.4778565698040867,1,0.6,0.13,0.14,2.15,2.15,1.19,0.05,skip,"(1.0, 1.5]","(0.4, 0.6]"
BTC,2026-09-06 20:25:00+00:00,vwap_reversion,-1,-3.224983234190401,0,0.5,0.19,0.13,0.49,2.2,1.3,0.06,skip,"(1.0, 1.5]","(0.4, 0.6]"
BTC,2026-09-06 20:35:00+00:00,vwap_reversion,-1,-3.3016290815041103,0,0.44,0.23,0.14,0.67,2.17,1.02,0.01,skip,"(1.0, 1.5]","(0.4, 0.6]"
BTC,2026-09-06 21:05:00+00:00,vwap_reversion,-1,-2.9828824089520025,0,0.53,0.31,0.14,2.15,2.55,0.9,0.01,skip,"(-0.1, 1.0]","(0.4, 0.6]"
BTC,2026-09-06 21:15:00+00:00,vwap_reversion,-1,0.2940126974522943,1,0.65,0.29,0.15,2.1,2.74,1.27,0.03,wait,"(1.0, 1.5]","(0.6, 0.8]"
BTC,2026-09-06 22:55:00+00:00,vwap_reversion,-1,-2.0167376316215946,0,0.61,0.82,0.14,0.56,2.76,1.23,0.03,skip,"(1.0, 1.5]","(0.6, 0.8]"
BTC,2026-09-06 23:00:00+00:00,vwap_reversion,-1,-1.8129488981789943,0,0.43,0.65,0.14,2.1,2.73,1.16,0.04,skip,"(1.0, 1.5]","(0.4, 0.6]"
BTC,2026-09-06 23:40:00+00:00,vwap_reversion,-1,-1.7122413485661685,0,0.41,0.38,0.14,2.2,2.59,1.0,0.03,skip,"(-0.1, 1.0]","(0.4, 0.6]"
BTC,2026-09-08 01:00:00+00:00,vwap_reversion,-1,-1.9618829295316262,0,0.61,0.84,0.13,0.6,2.51,1.22,0.02,skip,"(1.0, 1.5]","(0.6, 0.8]"
BTC,2026-09-08 01:20:00+00:00,vwap_reversion,-1,-1.902442286250707,0,0.68,0.82,0.14,2.02,2.43,1.32,0.03,wait,"(1.0, 1.5]","(0.6, 0.8]"
BTC,2026-09-08 01:25:00+00:00,vwap_reversion,-1,0.921705244653726,1,0.68,0.38,0.14,1.99,2.44,1.21,0.02,wait,"(1.0, 1.5]","(0.6, 0.8]"
BTC,2026-09-08 10:20:00+00:00,vwap_reversion,-1,1.0019744938654613,1,0.68,0.84,0.14,1.98,2.54,1.27,0.03,wait,"(1.0, 1.5]","(0.6, 0.8]"
BTC,2026-09-09 00:55:00+00:00,vwap_reversion,-1,-2.1922778737487096,0,0.55,0.13,0.13,2.12,2.35,1.08,0.02,skip,"(1.0, 1.5]","(0.4, 0.6]"
BTC,2026-09-09 02:00:00+00:00,vwap_reversion,-1,0.8462147541307743,1,0.58,0.84,0.14,2.19,2.35,1.09,0.02,skip,"(1.0, 1.5]","(0.4, 0.6]"
BTC,2026-09-09 04:35:00+00:00,vwap_reversion,-1,-2.0408717529369684,0,0.64,0.87,0.14,2.18,2.58,1.25,0.05,skip,"(1.0, 1.5]","(0.6, 0.8]"
BTC,2026-09-09 04:55:00+00:00,vwap_reversion,-1,-1.8843118203355196,0,0.65,0.83,0.14,2.22,2.85,1.33,0.05,wait,"(1.0, 1.5]","(0.6, 0.8]"
BTC,2026-09-09 05:05:00+00:00,vwap_reversion,-1,-1.881232094706806,0,0.63,0.83,0.14,2.93,2.76,1.22,0.04,skip,"(1.0, 1.5]","(0.6, 0.8]"
BTC,2026-09-09 05:15:00+00:00,vwap_reversion,-1,1.0198704056937178,1,0.41,0.78,0.13,2.94,2.46,0.86,0.01,skip,"(-0.1, 1.0]","(0.4, 0.6]"
BTC,2026-09-09 06:20:00+00:00,vwap_reversion,-1,-1.735410748106894,0,0.43,0.82,0.14,0.39,2.19,1.16,0.04,skip,"(1.0, 1.5]","(0.4, 0.6]"
BTC,2026-09-09 07:05:00+00:00,vwap_reversion,-1,-1.8221887360726978,0,0.44,0.82,0.13,2.88,2.19,1.05,0.02,skip,"(1.0, 1.5]","(0.4, 0.6]"
BTC,2026-09-09 08:05:00+00:00,vwap_reversion,-1,-1.9009484682819842,0,0.46,0.86,0.14,2.83,2.41,0.87,0.02,skip,"(-0.1, 1.0]","(0.4, 0.6]"
BTC,2026-09-09 08:10:00+00:00,vwap_reversion,-1,-1.864438236396527,0,0.47,0.78,0.14,2.91,2.79,0.81,0.01,skip,"(-0.1, 1.0]","(0.4, 0.6]"
BTC,2026-09-09 08:20:00+00:00,vwap_reversion,-1,-1.8289617843280837,0,0.42,0.87,0.14,2.89,2.32,0.92,0.01,skip,"(-0.1, 1.0]","(0.4, 0.6]"
BTC,2026-09-09 08:35:00+00:00,vwap_reversion,-1,1.0291879611537336,1,0.48,0.8,0.14,2.9,2.42,1.1,0.02,wait,"(1.0, 1.5]","(0.4, 0.6]"
BTC,2026-09-09 08:40:00+00:00,vwap_reversion,-1,1.021042990742947,1,0.67,0.84,0.13,2.87,2.8,1.28,0.05,wait,"(1.0, 1.5]","(0.6, 0.8]"
BTC,2026-09-09 08:45:00+00:00,vwap_reversion,-1,-1.778818572865568,0,0.46,0.81,0.13,3.0,2.48,1.05,0.02,skip,"(1.0, 1.5]","(0.4, 0.6]"
BTC,2026-09-09 11:50:00+00:00,vwap_reversion,-1,-1.6661432955096904,0,0.44,0.83,0.34,1.5,2.09,1.49,0.12,wait,"(1.0, 1.5]","(0.4, 0.6]"
BTC,2026-09-09 11:55:00+00:00,vwap_reversion,-1,-1.680749791172573,0,0.69,0.72,0.35,1.51,3.0,2.07,0.23,wait,"(2.0, 2.5]","(0.6, 0.8]"
BTC,2026-09-09 12:00:00+00:00,vwap_reversion,-1,-1.6813435338611045,0,0.62,0.74,0.32,0.52,2.99,1.7,0.13,wait,"(1.5, 2.0]","(0.6, 0.8]"
BTC,2026-09-09 12:10:00+00:00,vwap_reversion,-1,-1.6787047213323416,0,0.46,0.39,0.33,0.76,2.14,1.45,0.07,wait,"(1.0, 1.5]","(0.4, 0.6]"
BTC,2026-09-09 12:15:00+00:00,vwap_reversion,-1,-1.6690270256184359,0,0.65,0.85,0.35,0.55,2.62,1.78,0.15,wait,"(1.5, 2.0]","(0.6, 0.8]"
BTC,2026-09-09 12:20:00+00:00,vwap_reversion,-1,-1.6915494741707928,0,0.5,0.39,0.34,0.77,1.96,1.53,0.08,wait,"(1.5, 2.0]","(0.4, 0.6]"
BTC,2026-09-09 12:35:00+00:00,vwap_reversion,-1,-1.7211083529936477,0,0.66,0.79,0.14,2.13,3.0,1.46,0.05,skip,"(1.0, 1.5]","(0.6, 0.8]"
BTC,2026-09-09 12:40:00+00:00,vwap_reversion,-1,-1.7203561821603306,0,0.69,0.85,0.14,2.12,2.77,1.21,0.03,wait,"(1.0, 1.5]","(0.6, 0.8]"
BTC,2026-09-09 12:50:00+00:00,vwap_reversion,-1,1.0407646400486934,1,0.47,0.87,0.15,2.15,2.33,1.14,0.02,skip,"(1.0, 1.5]","(0.4, 0.6]"
BTC,2026-09-09 12:55:00+00:00,vwap_reversion,-1,1.030370668499634,1,0.6,0.86,0.14,2.15,2.72,1.25,0.04,wait,"(1.0, 1.5]","(0.4, 0.6]"
BTC,2026-09-09 13:20:00+00:00,vwap_reversion,-1,-1.8013126772183576,0,0.44,0.34,0.14,2.87,1.43,0.68,0.01,skip,"(-0.1, 1.0]","(0.4, 0.6]"
BTC,2026-09-10 01:05:00+00:00,vwap_reversion,-1,1.0305005822527955,1,0.37,0.88,0.15,0.18,2.05,1.0,0.02,skip,"(-0.1, 1.0]","(0.2, 0.4]"
BTC,2026-09-11 04:30:00+00:00,vwap_reversion,-1,-1.8511739809396117,0,0.67,0.32,0.14,0.67,2.93,1.42,0.09,skip,"(1.0, 1.5]","(0.6, 0.8]"
BTC,2026-09-11 07:20:00+00:00,vwap_reversion,-1,0.617444251054526,1,0.62,0.23,0.14,2.08,2.58,1.12,0.03,skip,"(1.0, 1.5]","(0.6, 0.8]"
BTC,2026-09-11 08:30:00+00:00,vwap_reversion,-1,0.8294880610165041,1,0.58,0.88,0.14,1.93,2.41,1.25,0.07,skip,"(1.0, 1.5]","(0.4, 0.6]"
BTC,2026-09-11 08:40:00+00:00,vwap_reversion,-1,0.7932742755216988,1,0.44,0.21,0.14,2.1,2.11,0.79,0.01,skip,"(-0.1, 1.0]","(0.4, 0.6]"
BTC,2026-09-11 12:40:00+00:00,vwap_reversion,-1,-1.310184447287491,0,0.76,0.47,0.87,0.43,3.0,2.8,0.51,take,"(2.5, 3.0]","(0.6, 0.8]"
BTC,2026-09-11 12:45:00+00:00,vwap_reversion,-1,-1.2917260116785578,0,0.53,0.42,0.85,0.6,2.85,2.37,0.25,wait,"(2.0, 2.5]","(0.4, 0.6]"
BTC,2026-09-11 12:50:00+00:00,vwap_reversion,-1,1.3187841850041422,1,0.75,0.45,0.86,0.58,3.0,2.61,0.32,wait,"(2.5, 3.0]","(0.6, 0.8]"
BTC,2026-09-11 13:20:00+00:00,vwap_reversion,-1,1.3045003470565601,1,0.64,0.5,0.85,2.21,2.39,1.75,0.18,wait,"(1.5, 2.0]","(0.6, 0.8]"
BTC,2026-09-11 13:50:00+00:00,vwap_reversion,-1,-1.242876390468361,0,0.57,0.39,0.86,2.13,2.86,2.36,0.28,wait,"(2.0, 2.5]","(0.4, 0.6]"
BTC,2026-09-11 14:00:00+00:00,vwap_reversion,-1,1.3693178833099429,1,0.75,0.43,0.87,2.84,3.0,2.55,0.38,wait,"(2.5, 3.0]","(0.6, 0.8]"
BTC,2026-09-11 14:10:00+00:00,vwap_reversion,-1,1.3782410218383885,1,0.69,0.51,0.86,2.85,2.97,1.85,0.17,wait,"(1.5, 2.0]","(0.6, 0.8]"
BTC,2026-09-11 14:25:00+00:00,vwap_reversion,-1,1.3642959601008302,1,0.61,0.48,0.86,2.99,2.67,1.69,0.11,wait,"(1.5, 2.0]","(0.6, 0.8]"
BTC,2026-09-12 06:45:00+00:00,vwap_reversion,-1,-0.12872702512945358,1,0.69,0.23,0.13,0.75,2.65,1.26,0.05,skip,"(1.0, 1.5]","(0.6, 0.8]"
BTC,2026-09-12 14:30:00+00:00,vwap_reversion,-1,-3.6514544894060417,0,0.68,0.87,0.14,2.14,2.9,1.32,0.05,wait,"(1.0, 1.5]","(0.6, 0.8]"
BTC,2026-09-12 14:40:00+00:00,vwap_reversion,-1,-3.6302522092136673,0,0.43,0.83,0.14,2.12,2.4,1.07,0.02,skip,"(1.0, 1.5]","(0.4, 0.6]"
BTC,2026-09-12 14:50:00+00:00,vwap_reversion,-1,-0.15415369942947485,1,0.67,0.85,0.13,2.13,2.81,1.34,0.05,skip,"(1.0, 1.5]","(0.6, 0.8]"
BTC,2026-09-12 15:00:00+00:00,vwap_reversion,-1,-3.785567439745966,0,0.67,0.85,0.14,2.15,2.8,1.29,0.1,skip,"(1.0, 1.5]","(0.6, 0.8]"
BTC,2026-09-13 05:35:00+00:00,vwap_reversion,-1,-5.22688140731495,0,0.67,0.23,0.13,0.76,2.75,1.3,0.05,skip,"(1.0, 1.5]","(0.6, 0.8]"
BTC,2026-09-13 05:55:00+00:00,vwap_reversion,-1,-1.686597280773854,1,0.65,0.19,0.13,2.16,2.84,1.19,0.05,skip,"(1.0, 1.5]","(0.6, 0.8]"
BTC,2026-09-13 06:10:00+00:00,vwap_reversion,-1,-1.8008207214077203,1,0.54,0.22,0.13,2.12,2.42,1.09,0.02,wait,"(1.0, 1.5]","(0.4, 0.6]"
BTC,2026-09-13 14:30:00+00:00,vwap_reversion,-1,-2.2311583147926854,0,0.62,0.84,0.13,2.09,2.69,1.18,0.04,skip,"(1.0, 1.5]","(0.6, 0.8]"
BTC,2026-09-13 14:35:00+00:00,vwap_reversion,-1,0.7984448274184378,1,0.48,0.81,0.14,2.05,2.59,1.29,0.04,skip,"(1.0, 1.5]","(0.4, 0.6]"
BTC,2026-09-13 14:45:00+00:00,vwap_reversion,-1,0.7923623151527471,1,0.7,0.81,0.14,2.82,2.98,1.4,0.05,wait,"(1.0, 1.5]","(0.6, 0.8]"
BTC,2026-09-13 16:40:00+00:00,vwap_reversion,-1,-2.1436234072861313,0,0.41,0.87,0.14,2.18,2.29,1.01,0.01,skip,"(1.0, 1.5]","(0.4, 0.6]"
BTC,2026-09-13 17:10:00+00:00,vwap_reversion,-1,0.7309321453288588,1,0.66,0.85,0.14,2.11,2.69,1.17,0.02,wait,"(1.0, 1.5]","(0.6, 0.8]"
BTC,2026-09-14 02:25:00+00:00,vwap_reversion,-1,-1.5018068671371863,0,0.43,0.34,0.36,2.17,2.79,1.59,0.07,wait,"(1.5, 2.0]","(0.4, 0.6]"
BTC,2026-09-14 02:30:00+00:00,vwap_reversion,-1,-1.5063376180811505,0,0.45,0.38,0.35,2.15,2.45,1.35,0.05,wait,"(1.0, 1.5]","(0.4, 0.6]"
BTC,2026-09-14 02:45:00+00:00,vwap_reversion,-1,-1.5306497961382761,0,0.51,0.37,0.36,2.2,2.82,1.61,0.09,wait,"(1.5, 2.0]","(0.4, 0.6]"
BTC,2026-09-14 02:50:00+00:00,vwap_reversion,-1,-1.5248602270018126,0,0.42,0.36,0.33,2.16,2.48,1.27,0.04,wait,"(1.0, 1.5]","(0.4, 0.6]"
BTC,2026-09-14 03:00:00+00:00,vwap_reversion,-1,-1.535308484284589,0,0.68,0.36,0.31,2.15,2.99,1.89,0.13,wait,"(1.5, 2.0]","(0.6, 0.8]"
BTC,2026-09-14 03:10:00+00:00,vwap_reversion,-1,1.1618704246266114,1,0.45,0.38,0.32,2.23,2.4,1.39,0.06,wait,"(1.0, 1.5]","(0.4, 0.6]"
BTC,2026-09-14 03:20:00+00:00,vwap_reversion,-1,1.142129465133753,1,0.7,0.83,0.33,2.21,2.79,1.71,0.15,wait,"(1.5, 2.0]","(0.6, 0.8]"
BTC,2026-09-14 06:05:00+00:00,vwap_reversion,-1,-1.9157805388974647,0,0.61,0.23,0.13,2.82,2.57,1.03,0.03,skip,"(1.0, 1.5]","(0.6, 0.8]"
BTC,2026-09-14 06:10:00+00:00,vwap_reversion,-1,0.955013652553033,1,0.54,0.31,0.16,2.86,2.57,0.87,0.01,skip,"(-0.1, 1.0]","(0.4, 0.6]"
BTC,2026-09-14 14:30:00+00:00,vwap_reversion,-1,-1.347373267285783,0,0.49,0.42,0.85,2.85,2.71,1.73,0.11,wait,"(1.5, 2.0]","(0.4, 0.6]"
BTC,2026-09-14 18:45:00+00:00,vwap_reversion,-1,1.1722647247333857,1,0.46,0.89,0.35,2.99,2.01,1.04,0.04,wait,"(1.0, 1.5]","(0.4, 0.6]"
BTC,2026-09-14 20:20:00+00:00,vwap_reversion,-1,1.136423919899747,1,0.72,0.87,0.36,2.99,2.95,1.64,0.13,wait,"(1.5, 2.0]","(0.6, 0.8]"
BTC,2026-09-14 20:30:00+00:00,vwap_reversion,-1,1.1369818147616528,1,0.7,0.32,0.37,2.99,2.7,1.69,0.14,wait,"(1.5, 2.0]","(0.6, 0.8]"
BTC,2026-09-16 02:35:00+00:00,vwap_reversion,-1,1.1048796227841746,1,0.73,0.32,0.27,0.68,2.76,1.88,0.17,wait,"(1.5, 2.0]","(0.6, 0.8]"
BTC,2026-09-16 10:00:00+00:00,vwap_reversion,-1,0.8749393993472506,1,0.66,0.23,0.14,2.0,2.66,1.33,0.04,wait,"(1.0, 1.5]","(0.6, 0.8]"
BTC,2026-09-16 11:50:00+00:00,vwap_reversion,-1,0.9878040628781338,1,0.69,0.86,0.14,2.12,2.91,1.38,0.07,skip,"(1.0, 1.5]","(0.6, 0.8]"
BTC,2026-09-16 18:05:00+00:00,vwap_reversion,-1,1.2958764646125664,1,0.56,0.45,0.86,0.32,2.67,2.42,0.29,wait,"(2.0, 2.5]","(0.4, 0.6]"
BTC,2026-09-17 01:30:00+00:00,vwap_reversion,-1,-1.6480666441514276,0,0.63,0.33,0.28,2.16,2.68,1.48,0.09,wait,"(1.0, 1.5]","(0.6, 0.8]"
BTC,2026-09-17 07:05:00+00:00,vwap_reversion,-1,0.8686721470111081,1,0.36,0.3,0.14,1.98,2.1,0.87,0.01,skip,"(-0.1, 1.0]","(0.2, 0.4]"
BTC,2026-09-17 09:05:00+00:00,vwap_reversion,-1,-2.116214234575899,0,0.56,0.22,0.13,1.64,2.44,0.96,0.02,skip,"(-0.1, 1.0]","(0.4, 0.6]"
BTC,2026-09-17 09:10:00+00:00,vwap_reversion,-1,-2.1139718355453088,0,0.46,0.13,0.13,1.68,2.26,1.2,0.05,skip,"(1.0, 1.5]","(0.4, 0.6]"
BTC,2026-09-17 09:20:00+00:00,vwap_reversion,-1,-2.0664576760803164,0,0.38,0.21,0.14,2.86,2.04,0.59,0.01,skip,"(-0.1, 1.0]","(0.2, 0.4]"
BTC,2026-09-17 09:25:00+00:00,vwap_reversion,-1,-2.084419502354597,0,0.62,0.22,0.12,2.82,2.41,0.98,0.03,skip,"(-0.1, 1.0]","(0.6, 0.8]"
BTC,2026-09-17 09:35:00+00:00,vwap_reversion,-1,0.8247534187140019,1,0.63,0.3,0.14,2.88,2.6,1.01,0.03,skip,"(1.0, 1.5]","(0.6, 0.8]"
BTC,2026-09-17 12:20:00+00:00,vwap_reversion,-1,-1.7008917941169048,0,0.43,0.8,0.14,0.73,2.55,1.34,0.05,skip,"(1.0, 1.5]","(0.4, 0.6]"
BTC,2026-09-17 12:30:00+00:00,vwap_reversion,-1,1.1033946566497905,1,0.71,0.72,0.32,2.07,3.0,2.16,0.21,wait,"(2.0, 2.5]","(0.6, 0.8]"
BTC,2026-09-18 01:50:00+00:00,vwap_reversion,-1,-2.09370792532071,0,0.63,0.85,0.13,2.09,2.54,1.32,0.04,skip,"(1.0, 1.5]","(0.6, 0.8]"
BTC,2026-09-18 01:55:00+00:00,vwap_reversion,-1,-2.1094613334009824,0,0.64,0.87,0.14,2.11,2.54,1.3,0.03,wait,"(1.0, 1.5]","(0.6, 0.8]"
BTC,2026-09-18 02:00:00+00:00,vwap_reversion,-1,-2.065706386378633,0,0.6,0.87,0.14,2.18,2.17,1.05,0.02,skip,"(1.0, 1.5]","(0.4, 0.6]"
BTC,2026-09-18 02:15:00+00:00,vwap_reversion,-1,-2.0304159451580617,0,0.58,0.87,0.14,2.19,2.31,1.05,0.02,skip,"(1.0, 1.5]","(0.4, 0.6]"
BTC,2026-09-18 03:05:00+00:00,vwap_reversion,-1,-2.0939318995051246,0,0.52,0.86,0.14,2.99,2.32,1.05,0.02,skip,"(1.0, 1.5]","(0.4, 0.6]"
BTC,2026-09-18 03:15:00+00:00,vwap_reversion,-1,1.0214825056227375,1,0.67,0.68,0.14,2.99,3.0,1.3,0.05,skip,"(1.0, 1.5]","(0.6, 0.8]"
BTC,2026-09-18 03:25:00+00:00,vwap_reversion,-1,1.0744909376976906,1,0.45,0.38,0.37,2.99,2.58,1.41,0.06,wait,"(1.0, 1.5]","(0.4, 0.6]"
BTC,2026-09-18 03:30:00+00:00,vwap_reversion,-1,1.074095743376211,1,0.68,0.41,0.36,3.0,2.93,1.5,0.1,wait,"(1.0, 1.5]","(0.6, 0.8]"
BTC,2026-09-18 03:40:00+00:00,vwap_reversion,-1,-1.7020668133950008,0,0.65,0.81,0.14,2.99,2.78,1.13,0.04,skip,"(1.0, 1.5]","(0.6, 0.8]"
BTC,2026-09-18 03:50:00+00:00,vwap_reversion,-1,1.0490662443754952,1,0.64,0.8,0.14,2.99,2.92,1.27,0.05,skip,"(1.0, 1.5]","(0.6, 0.8]"
BTC,2026-09-18 04:00:00+00:00,vwap_reversion,-1,-1.7628137139090403,0,0.39,0.83,0.14,2.99,2.03,0.81,0.01,skip,"(-0.1, 1.0]","(0.2, 0.4]"
BTC,2026-09-18 05:10:00+00:00,vwap_reversion,-1,-1.6416391135096498,0,0.55,0.84,0.27,3.0,2.26,0.91,0.03,skip,"(-0.1, 1.0]","(0.4, 0.6]"
BTC,2026-09-18 05:15:00+00:00,vwap_reversion,-1,-1.6516234758573107,0,0.6,0.84,0.31,3.0,2.51,1.09,0.03,wait,"(1.0, 1.5]","(0.4, 0.6]"
BTC,2026-09-18 07:20:00+00:00,vwap_reversion,-1,-1.6766100769353431,0,0.61,0.85,0.39,2.98,2.64,1.17,0.04,wait,"(1.0, 1.5]","(0.6, 0.8]"
BTC,2026-09-18 07:25:00+00:00,vwap_reversion,-1,-1.6842968886638345,0,0.69,0.38,0.27,2.98,2.68,1.34,0.06,wait,"(1.0, 1.5]","(0.6, 0.8]"
BTC,2026-09-18 07:30:00+00:00,vwap_reversion,-1,-1.697619584683034,0,0.49,0.82,0.33,2.98,2.31,1.3,0.05,wait,"(1.0, 1.5]","(0.4, 0.6]"
BTC,2026-09-18 08:00:00+00:00,vwap_reversion,-1,1.0460854285663146,1,0.43,0.87,0.14,3.0,2.31,0.74,0.01,skip,"(-0.1, 1.0]","(0.4, 0.6]"
BTC,2026-09-18 09:00:00+00:00,vwap_reversion,-1,-1.5939543128512186,0,0.68,0.72,0.31,3.0,3.0,1.82,0.19,wait,"(1.5, 2.0]","(0.6, 0.8]"
BTC,2026-09-18 09:20:00+00:00,vwap_reversion,-1,1.1252036045473697,1,0.71,0.85,0.36,3.0,2.85,1.76,0.2,wait,"(1.5, 2.0]","(0.6, 0.8]"
BTC,2026-09-18 13:50:00+00:00,vwap_reversion,-1,-1.3354388419931098,0,0.75,0.42,0.87,2.99,3.0,2.38,0.34,wait,"(2.0, 2.5]","(0.6, 0.8]"
BTC,2026-09-18 13:55:00+00:00,vwap_reversion,-1,-1.3317136525284494,0,0.74,0.45,0.88,2.98,3.0,2.28,0.24,wait,"(2.0, 2.5]","(0.6, 0.8]"
BTC,2026-09-18 14:05:00+00:00,vwap_reversion,-1,-1.3007298555480395,0,0.7,0.42,0.87,3.0,3.0,2.07,0.25,wait,"(2.0, 2.5]","(0.6, 0.8]"
BTC,2026-09-18 14:35:00+00:00,vwap_reversion,-1,-1.282444229336019,0,0.69,0.41,0.86,3.0,3.0,2.06,0.33,wait,"(2.0, 2.5]","(0.6, 0.8]"
BTC,2026-09-18 15:15:00+00:00,vwap_reversion,-1,1.3126725137340065,1,0.47,0.43,0.85,3.0,2.44,1.41,0.05,wait,"(1.0, 1.5]","(0.4, 0.6]"
BTC,2026-09-18 15:35:00+00:00,vwap_reversion,-1,-1.3115681720201164,0,0.43,0.25,0.88,3.0,2.26,1.23,0.04,wait,"(1.0, 1.5]","(0.4, 0.6]"
BTC,2026-09-18 16:05:00+00:00,vwap_reversion,-1,-1.354727516008795,0,0.49,0.85,0.38,3.0,1.91,1.05,0.02,skip,"(1.0, 1.5]","(0.4, 0.6]"
BTC,2026-09-18 16:15:00+00:00,vwap_reversion,-1,-1.3665621945079425,0,0.68,0.85,0.3,3.0,2.62,1.46,0.09,wait,"(1.0, 1.5]","(0.6, 0.8]"
BTC,2026-09-18 19:15:00+00:00,vwap_reversion,-1,1.1634965030532054,1,0.59,0.34,0.29,3.0,2.56,1.06,0.02,wait,"(1.0, 1.5]","(0.4, 0.6]"
BTC,2026-09-18 19:25:00+00:00,vwap_reversion,-1,1.1619814345270894,1,0.46,0.23,0.28,3.0,1.47,0.92,0.03,skip,"(-0.1, 1.0]","(0.4, 0.6]"
BTC,2026-09-19 00:45:00+00:00,vwap_reversion,-1,-1.9462006001597254,0,0.42,0.21,0.14,2.98,2.02,0.67,0.01,skip,"(-0.1, 1.0]","(0.4, 0.6]"
BTC,2026-09-19 00:50:00+00:00,vwap_reversion,-1,-1.8230091030641125,0,0.43,0.24,0.14,2.99,2.67,1.03,0.02,skip,"(1.0, 1.5]","(0.4, 0.6]"
BTC,2026-09-19 01:00:00+00:00,vwap_reversion,-1,1.076419525053418,1,0.41,0.88,0.32,2.98,2.25,1.04,0.04,skip,"(1.0, 1.5]","(0.4, 0.6]"
BTC,2026-09-19 08:35:00+00:00,vwap_reversion,-1,-2.145346966676935,0,0.62,0.84,0.13,2.87,2.45,1.1,0.04,skip,"(1.0, 1.5]","(0.6, 0.8]"
BTC,2026-09-19 09:05:00+00:00,vwap_reversion,-1,0.7879647809868283,1,0.45,0.78,0.13,2.89,2.69,1.08,0.02,skip,"(1.0, 1.5]","(0.4, 0.6]"
BTC,2026-09-19 14:05:00+00:00,vwap_reversion,-1,-2.409364313951804,0,0.59,0.8,0.15,1.67,2.96,1.32,0.04,skip,"(1.0, 1.5]","(0.4, 0.6]"
BTC,2026-09-19 14:20:00+00:00,vwap_reversion,-1,-2.3094943422916505,0,0.67,0.88,0.14,1.69,2.86,1.33,0.04,wait,"(1.0, 1.5]","(0.6, 0.8]"
BTC,2026-09-19 14:30:00+00:00,vwap_reversion,-1,-2.195723656783128,0,0.64,0.87,0.14,2.87,2.91,1.22,0.04,skip,"(1.0, 1.5]","(0.6, 0.8]"
BTC,2026-09-19 14:35:00+00:00,vwap_reversion,-1,-2.1735951352241267,0,0.44,0.84,0.14,2.84,2.28,0.81,0.02,skip,"(-0.1, 1.0]","(0.4, 0.6]"
BTC,2026-09-19 14:40:00+00:00,vwap_reversion,-1,-2.199187309973679,0,0.54,0.87,0.14,2.88,2.31,1.04,0.03,skip,"(1.0, 1.5]","(0.4, 0.6]"
BTC,2026-09-19 14:45:00+00:00,vwap_reversion,-1,-2.1443458566761575,0,0.62,0.83,0.14,2.93,2.54,1.04,0.03,skip,"(1.0, 1.5]","(0.6, 0.8]"
BTC,2026-09-19 14:50:00+00:00,vwap_reversion,-1,-2.1986654457504486,0,0.55,0.34,0.14,2.88,2.35,0.91,0.01,skip,"(-0.1, 1.0]","(0.4, 0.6]"
BTC,2026-09-19 15:15:00+00:00,vwap_reversion,-1,-2.0559692685432336,0,0.43,0.82,0.14,3.0,2.29,0.73,0.01,skip,"(-0.1, 1.0]","(0.4, 0.6]"
BTC,2026-09-19 16:30:00+00:00,vwap_reversion,-1,1.0140528194587484,1,0.44,0.83,0.14,2.97,1.49,0.75,0.01,skip,"(-0.1, 1.0]","(0.4, 0.6]"
BTC,2026-09-20 14:00:00+00:00,vwap_reversion,-1,0.806887352818103,1,0.43,0.87,0.14,2.16,2.24,1.05,0.03,skip,"(1.0, 1.5]","(0.4, 0.6]"
BTC,2026-09-20 15:00:00+00:00,vwap_reversion,-1,-1.8685301439611268,0,0.47,0.81,0.14,2.13,2.41,1.15,0.04,skip,"(1.0, 1.5]","(0.4, 0.6]"
BTC,2026-09-20 15:05:00+00:00,vwap_reversion,-1,0.9799919125863026,1,0.67,0.8,0.14,2.15,2.69,1.4,0.05,wait,"(1.0, 1.5]","(0.6, 0.8]"
BTC,2026-09-20 15:15:00+00:00,vwap_reversion,-1,0.9818248027211528,1,0.5,0.82,0.14,2.2,2.19,1.23,0.03,skip,"(1.0, 1.5]","(0.4, 0.6]"
BTC,2026-09-20 15:55:00+00:00,vwap_reversion,-1,-1.83945498331007,0,0.59,0.83,0.14,2.11,2.46,1.03,0.02,skip,"(1.0, 1.5]","(0.4, 0.6]"
BTC,2026-09-20 16:15:00+00:00,vwap_reversion,-1,-1.6975882407296945,0,0.67,0.4,0.34,2.93,2.98,1.69,0.14,wait,"(1.5, 2.0]","(0.6, 0.8]"
BTC,2026-09-20 16:25:00+00:00,vwap_reversion,-1,-1.666721650509072,0,0.66,0.41,0.38,2.94,2.93,1.61,0.09,wait,"(1.5, 2.0]","(0.6, 0.8]"
BTC,2026-09-20 16:35:00+00:00,vwap_reversion,-1,1.1307146767079652,1,0.69,0.37,0.35,2.94,3.0,1.98,0.14,wait,"(1.5, 2.0]","(0.6, 0.8]"
BTC,2026-09-20 16:40:00+00:00,vwap_reversion,-1,1.1374366218600112,1,0.7,0.41,0.37,2.95,2.99,1.81,0.13,wait,"(1.5, 2.0]","(0.6, 0.8]"
BTC,2026-09-20 16:45:00+00:00,vwap_reversion,-1,-1.549779141379372,0,0.49,0.43,0.33,2.96,2.37,1.5,0.05,wait,"(1.0, 1.5]","(0.4, 0.6]"
BTC,2026-09-20 17:35:00+00:00,vwap_reversion,-1,1.1458060568054662,1,0.43,0.43,0.35,2.87,1.99,1.2,0.05,wait,"(1.0, 1.5]","(0.4, 0.6]"
BTC,2026-09-21 06:25:00+00:00,vwap_reversion,-1,1.0116460481561556,1,0.66,0.29,0.14,2.87,2.45,1.23,0.05,skip,"(1.0, 1.5]","(0.6, 0.8]"
BTC,2026-09-21 08:05:00+00:00,vwap_reversion,-1,-1.6768384441281483,0,0.53,0.89,0.33,1.67,2.48,2.03,0.22,wait,"(2.0, 2.5]","(0.4, 0.6]"
BTC,2026-09-21 08:10:00+00:00,vwap_reversion,-1,-1.6765009657738361,0,0.6,0.89,0.34,1.71,2.23,1.43,0.08,wait,"(1.0, 1.5]","(0.4, 0.6]"
BTC,2026-09-21 08:20:00+00:00,vwap_reversion,-1,-1.6137361032357973,0,0.47,0.81,0.34,2.84,2.74,1.75,0.08,wait,"(1.5, 2.0]","(0.4, 0.6]"
BTC,2026-09-21 08:30:00+00:00,vwap_reversion,-1,-1.4976591508256143,0,0.51,0.71,0.36,2.86,2.79,1.98,0.16,wait,"(1.5, 2.0]","(0.4, 0.6]"
BTC,2026-09-21 08:35:00+00:00,vwap_reversion,-1,-1.3027232610902886,0,0.52,0.41,0.86,2.86,2.81,2.19,0.18,wait,"(2.0, 2.5]","(0.4, 0.6]"
BTC,2026-09-21 08:40:00+00:00,vwap_reversion,-1,-1.2875336543807718,0,0.72,0.45,0.87,2.83,3.0,2.45,0.34,wait,"(2.0, 2.5]","(0.6, 0.8]"
BTC,2026-09-21 08:50:00+00:00,vwap_reversion,-1,-1.2735484377486925,0,0.7,0.41,0.87,2.99,3.0,2.17,0.2,wait,"(2.0, 2.5]","(0.6, 0.8]"
BTC,2026-09-21 08:55:00+00:00,vwap_reversion,-1,-1.2834386662786497,0,0.64,0.49,0.86,2.99,2.98,1.98,0.14,wait,"(1.5, 2.0]","(0.6, 0.8]"
BTC,2026-09-21 09:00:00+00:00,vwap_reversion,-1,-1.283732662546294,0,0.7,0.5,0.86,2.99,2.99,2.04,0.22,wait,"(2.0, 2.5]","(0.6, 0.8]"
BTC,2026-09-21 09:05:00+00:00,vwap_reversion,-1,-1.2904333928787721,0,0.72,0.41,0.88,3.0,3.0,2.33,0.21,wait,"(2.0, 2.5]","(0.6, 0.8]"
BTC,2026-09-21 09:10:00+00:00,vwap_reversion,-1,-1.3001459702922806,0,0.71,0.51,0.85,2.99,2.99,2.18,0.23,wait,"(2.0, 2.5]","(0.6, 0.8]"
BTC,2026-09-21 09:15:00+00:00,vwap_reversion,-1,-1.3077373528145029,0,0.56,0.44,0.84,2.99,2.71,1.83,0.1,wait,"(1.5, 2.0]","(0.4, 0.6]"
BTC,2026-09-21 09:20:00+00:00,vwap_reversion,-1,-1.3169419859040432,0,0.71,0.44,0.86,2.99,2.99,2.04,0.19,wait,"(2.0, 2.5]","(0.6, 0.8]"
BTC,2026-09-21 09:35:00+00:00,vwap_reversion,-1,1.338003299341804,1,0.73,0.42,0.86,2.99,3.0,2.22,0.28,wait,"(2.0, 2.5]","(0.6, 0.8]"
BTC,2026-09-21 09:50:00+00:00,vwap_reversion,-1,1.3347700790976218,1,0.52,0.45,0.87,3.0,2.83,1.93,0.15,wait,"(1.5, 2.0]","(0.4, 0.6]"
BTC,2026-09-21 10:00:00+00:00,vwap_reversion,-1,1.3280204983862987,1,0.67,0.47,0.85,3.0,2.95,1.91,0.24,wait,"(1.5, 2.0]","(0.6, 0.8]"
BTC,2026-09-21 10:05:00+00:00,vwap_reversion,-1,1.3227314827681036,1,0.68,0.48,0.86,3.0,2.93,1.82,0.17,wait,"(1.5, 2.0]","(0.6, 0.8]"
BTC,2026-09-21 10:20:00+00:00,vwap_reversion,-1,1.3063930131151846,1,0.45,0.44,0.85,3.0,1.83,1.41,0.05,wait,"(1.0, 1.5]","(0.4, 0.6]"
BTC,2026-09-21 11:15:00+00:00,vwap_reversion,-1,-1.4113774740603358,0,0.64,0.38,0.35,3.0,2.45,1.29,0.06,wait,"(1.0, 1.5]","(0.6, 0.8]"
BTC,2026-09-21 11:30:00+00:00,vwap_reversion,-1,-1.4463076869138878,0,0.46,0.87,0.35,3.0,2.17,1.33,0.06,wait,"(1.0, 1.5]","(0.4, 0.6]"
BTC,2026-09-21 11:40:00+00:00,vwap_reversion,-1,-1.4748024427286264,0,0.7,0.86,0.36,3.0,2.82,1.54,0.13,wait,"(1.5, 2.0]","(0.6, 0.8]"
BTC,2026-09-21 11:50:00+00:00,vwap_reversion,-1,-1.500805996502764,0,0.7,0.37,0.39,3.0,2.6,1.58,0.14,wait,"(1.5, 2.0]","(0.6, 0.8]"
BTC,2026-09-21 12:05:00+00:00,vwap_reversion,-1,-1.4838798248262486,0,0.69,0.87,0.35,3.0,2.65,1.55,0.14,wait,"(1.5, 2.0]","(0.6, 0.8]"
BTC,2026-09-21 12:10:00+00:00,vwap_reversion,-1,-1.4761147313556413,0,0.71,0.36,0.33,3.0,2.59,1.48,0.12,wait,"(1.0, 1.5]","(0.6, 0.8]"
BTC,2026-09-21 12:20:00+00:00,vwap_reversion,-1,-1.4139146007444605,0,0.66,0.89,0.31,3.0,2.87,1.63,0.13,wait,"(1.5, 2.0]","(0.6, 0.8]"
BTC,2026-09-21 12:35:00+00:00,vwap_reversion,-1,1.2422930317320144,1,0.7,0.86,0.34,3.0,2.65,1.48,0.1,wait,"(1.0, 1.5]","(0.6, 0.8]"
BTC,2026-09-21 12:55:00+00:00,vwap_reversion,-1,1.221512477518696,1,0.7,0.86,0.37,3.0,2.6,1.61,0.16,wait,"(1.5, 2.0]","(0.6, 0.8]"
BTC,2026-09-21 13:00:00+00:00,vwap_reversion,-1,-1.4491924319892118,0,0.49,0.86,0.3,3.0,2.19,1.28,0.07,wait,"(1.0, 1.5]","(0.4, 0.6]"
BTC,2026-09-21 13:05:00+00:00,vwap_reversion,-1,1.2219162935746313,1,0.49,0.34,0.33,3.0,1.67,1.22,0.06,wait,"(1.0, 1.5]","(0.4, 0.6]"
BTC,2026-09-21 13:50:00+00:00,vwap_reversion,-1,-1.330226883542101,0,0.58,0.87,0.86,3.0,2.38,1.41,0.06,wait,"(1.0, 1.5]","(0.4, 0.6]"
BTC,2026-09-21 13:55:00+00:00,vwap_reversion,-1,1.298048385209296,1,0.58,0.88,0.86,3.0,2.17,1.27,0.03,wait,"(1.0, 1.5]","(0.4, 0.6]"
BTC,2026-09-21 14:25:00+00:00,vwap_reversion,-1,-1.3173851292048544,0,0.69,0.86,0.86,3.0,2.87,1.69,0.11,wait,"(1.5, 2.0]","(0.6, 0.8]"
BTC,2026-09-21 14:50:00+00:00,vwap_reversion,-1,-1.3160475001928515,0,0.49,0.87,0.86,3.0,2.27,1.64,0.08,wait,"(1.5, 2.0]","(0.4, 0.6]"
BTC,2026-09-21 19:20:00+00:00,vwap_reversion,-1,-1.5928869481938663,0,0.62,0.35,0.31,2.99,2.51,1.25,0.07,wait,"(1.0, 1.5]","(0.6, 0.8]"
BTC,2026-09-21 19:40:00+00:00,vwap_reversion,-1,-1.4504996763661904,0,0.63,0.89,0.38,2.98,2.71,1.75,0.13,wait,"(1.5, 2.0]","(0.6, 0.8]"
BTC,2026-09-21 19:45:00+00:00,vwap_reversion,-1,-1.457219498357241,0,0.5,0.85,0.33,3.0,2.21,1.18,0.04,wait,"(1.0, 1.5]","(0.4, 0.6]"
BTC,2026-09-21 20:35:00+00:00,vwap_reversion,-1,1.243202926718304,1,0.4,0.86,0.31,3.0,1.96,0.91,0.02,skip,"(-0.1, 1.0]","(0.2, 0.4]"
BTC,2026-09-21 20:40:00+00:00,vwap_reversion,-1,1.2338145098886686,1,0.49,0.36,0.34,3.0,2.17,0.96,0.02,skip,"(-0.1, 1.0]","(0.4, 0.6]"
BTC,2026-09-21 20:50:00+00:00,vwap_reversion,-1,1.2242201256775298,1,0.4,0.87,0.35,3.0,1.77,0.8,0.02,skip,"(-0.1, 1.0]","(0.2, 0.4]"
BTC,2026-09-21 20:55:00+00:00,vwap_reversion,-1,1.2200569637417213,1,0.57,0.36,0.34,3.0,2.15,0.94,0.03,skip,"(-0.1, 1.0]","(0.4, 0.6]"
BTC,2026-09-22 08:45:00+00:00,vwap_reversion,-1,-1.5436210187367956,0,0.71,0.87,0.32,2.18,2.99,1.94,0.21,wait,"(1.5, 2.0]","(0.6, 0.8]"
BTC,2026-09-22 08:50:00+00:00,vwap_reversion,-1,1.1709890344207583,1,0.75,0.88,0.28,2.18,2.97,2.04,0.22,wait,"(2.0, 2.5]","(0.6, 0.8]"
BTC,2026-09-22 08:55:00+00:00,vwap_reversion,-1,1.1642519976248398,1,0.49,0.87,0.33,2.32,2.5,1.71,0.14,wait,"(1.5, 2.0]","(0.4, 0.6]"
BTC,2026-09-22 15:45:00+00:00,vwap_reversion,-1,1.2304250260814316,1,0.63,0.85,0.33,2.88,2.66,1.48,0.1,wait,"(1.0, 1.5]","(0.6, 0.8]"
BTC,2026-09-23 01:05:00+00:00,vwap_reversion,-1,-1.764012942560024,0,0.6,0.87,0.14,2.08,2.25,1.08,0.02,skip,"(1.0, 1.5]","(0.4, 0.6]"
BTC,2026-09-23 01:10:00+00:00,vwap_reversion,-1,1.0685175175286898,1,0.63,0.81,0.31,2.09,2.96,1.78,0.13,wait,"(1.5, 2.0]","(0.6, 0.8]"
BTC,2026-09-23 03:20:00+00:00,vwap_reversion,-1,-1.821064407307375,0,0.47,0.87,0.14,1.75,2.28,1.32,0.05,wait,"(1.0, 1.5]","(0.4, 0.6]"
BTC,2026-09-23 03:40:00+00:00,vwap_reversion,-1,1.0071629800796735,1,0.66,0.87,0.14,2.83,2.9,1.21,0.04,skip,"(1.0, 1.5]","(0.6, 0.8]"
BTC,2026-09-23 04:10:00+00:00,vwap_reversion,-1,-1.8292864944100575,0,0.59,0.86,0.14,2.77,2.15,1.03,0.02,skip,"(1.0, 1.5]","(0.4, 0.6]"
BTC,2026-09-23 04:15:00+00:00,vwap_reversion,-1,-1.796088283643162,0,0.55,0.85,0.13,2.83,2.15,0.9,0.01,skip,"(-0.1, 1.0]","(0.4, 0.6]"
BTC,2026-09-23 04:25:00+00:00,vwap_reversion,-1,-1.6460516780561392,0,0.43,0.81,0.34,2.91,2.34,1.31,0.05,wait,"(1.0, 1.5]","(0.4, 0.6]"
BTC,2026-09-23 04:40:00+00:00,vwap_reversion,-1,1.1228306353533566,1,0.69,0.84,0.37,2.84,2.92,1.72,0.15,wait,"(1.5, 2.0]","(0.6, 0.8]"
BTC,2026-09-23 04:55:00+00:00,vwap_reversion,-1,1.086742442458071,1,0.63,0.86,0.32,2.83,2.51,1.31,0.05,wait,"(1.0, 1.5]","(0.6, 0.8]"
BTC,2026-09-24 05:05:00+00:00,vwap_reversion,-1,1.0356573254036427,1,0.36,0.83,0.14,0.53,2.05,0.95,0.02,skip,"(-0.1, 1.0]","(0.2, 0.4]"
BTC,2026-09-24 07:30:00+00:00,vwap_reversion,-1,-1.732901271490825,0,0.49,0.78,0.15,0.52,2.66,1.41,0.05,skip,"(1.0, 1.5]","(0.4, 0.6]"
BTC,2026-09-24 07:35:00+00:00,vwap_reversion,-1,-1.7375241199537474,0,0.7,0.87,0.13,0.63,2.68,1.46,0.08,skip,"(1.0, 1.5]","(0.6, 0.8]"
BTC,2026-09-24 08:05:00+00:00,vwap_reversion,-1,1.048697364914125,1,0.62,0.86,0.14,1.97,2.49,1.18,0.03,skip,"(1.0, 1.5]","(0.6, 0.8]"
BTC,2026-09-24 13:30:00+00:00,vwap_reversion,-1,-1.535009829316891,0,0.46,0.8,0.35,0.46,2.7,2.05,0.19,wait,"(2.0, 2.5]","(0.4, 0.6]"
BTC,2026-09-24 14:00:00+00:00,vwap_reversion,-1,-1.439095214287478,0,0.35,0.85,0.3,2.06,1.87,0.84,0.02,skip,"(-0.1, 1.0]","(0.2, 0.4]"
BTC,2026-09-24 14:05:00+00:00,vwap_reversion,-1,-1.4365374366250008,0,0.69,0.84,0.32,2.0,2.58,1.82,0.12,wait,"(1.5, 2.0]","(0.6, 0.8]"
BTC,2026-09-24 14:10:00+00:00,vwap_reversion,-1,-1.4419664154398344,0,0.55,0.85,0.32,1.99,2.14,1.29,0.06,wait,"(1.0, 1.5]","(0.4, 0.6]"
BTC,2026-09-24 16:20:00+00:00,vwap_reversion,-1,-1.3632412464134607,0,0.64,0.86,0.33,2.03,2.32,1.44,0.07,wait,"(1.0, 1.5]","(0.6, 0.8]"
BTC,2026-09-25 02:10:00+00:00,vwap_reversion,-1,1.019858053481481,1,0.32,0.33,0.13,0.8,1.98,0.51,0.0,skip,"(-0.1, 1.0]","(0.2, 0.4]"
BTC,2026-09-25 08:25:00+00:00,vwap_reversion,-1,-1.724892284128465,0,0.45,0.82,0.14,0.73,2.18,0.97,0.03,skip,"(-0.1, 1.0]","(0.4, 0.6]"
BTC,2026-09-25 08:55:00+00:00,vwap_reversion,-1,-1.849917679524066,0,0.27,0.85,0.13,0.89,1.97,0.51,0.0,skip,"(-0.1, 1.0]","(0.2, 0.4]"
BTC,2026-09-25 09:05:00+00:00,vwap_reversion,-1,-1.7798012301307624,0,0.49,0.87,0.14,2.11,2.36,1.16,0.04,skip,"(1.0, 1.5]","(0.4, 0.6]"
BTC,2026-09-25 09:15:00+00:00,vwap_reversion,-1,-1.8070820657787239,0,0.64,0.86,0.14,2.09,2.77,1.23,0.04,skip,"(1.0, 1.5]","(0.6, 0.8]"
BTC,2026-09-25 09:30:00+00:00,vwap_reversion,-1,1.0437234501276682,1,0.42,0.87,0.15,2.2,2.35,1.04,0.03,skip,"(1.0, 1.5]","(0.4, 0.6]"
BTC,2026-09-25 10:40:00+00:00,vwap_reversion,-1,-1.8206803627546098,0,0.51,0.86,0.14,2.17,2.1,1.08,0.02,skip,"(1.0, 1.5]","(0.4, 0.6]"
BTC,2026-09-25 10:45:00+00:00,vwap_reversion,-1,-1.8456791325112802,0,0.57,0.86,0.14,2.16,2.48,0.98,0.02,skip,"(-0.1, 1.0]","(0.4, 0.6]"
BTC,2026-09-26 07:55:00+00:00,vwap_reversion,-1,-0.03070891886855524,1,0.47,0.33,0.14,2.15,2.32,1.19,0.04,skip,"(1.0, 1.5]","(0.4, 0.6]"
BTC,2026-09-26 08:35:00+00:00,vwap_reversion,-1,0.42057334060358464,1,0.68,0.86,0.14,2.18,2.99,1.39,0.06,skip,"(1.0, 1.5]","(0.6, 0.8]"
BTC,2026-09-26 08:40:00+00:00,vwap_reversion,-1,0.48360689882392927,1,0.69,0.85,0.14,2.21,2.94,1.4,0.06,skip,"(1.0, 1.5]","(0.6, 0.8]"
BTC,2026-09-26 15:35:00+00:00,vwap_reversion,-1,-0.0026583477004150594,1,0.68,0.8,0.14,0.57,3.0,1.58,0.08,skip,"(1.5, 2.0]","(0.6, 0.8]"
BTC,2026-09-26 16:15:00+00:00,vwap_reversion,-1,-3.4330811526409697,0,0.6,0.85,0.14,2.09,2.54,1.08,0.04,skip,"(1.0, 1.5]","(0.4, 0.6]"
BTC,2026-09-26 22:05:00+00:00,vwap_reversion,-1,-2.3633724171511084,0,0.44,0.33,0.14,2.17,2.75,1.13,0.02,skip,"(1.0, 1.5]","(0.4, 0.6]"
BTC,2026-09-26 22:10:00+00:00,vwap_reversion,-1,-2.40543965151115,0,0.65,0.39,0.14,2.16,2.96,1.09,0.04,skip,"(1.0, 1.5]","(0.6, 0.8]"
BTC,2026-09-26 23:20:00+00:00,vwap_reversion,-1,-2.5315008274379855,0,0.57,0.84,0.14,2.27,2.54,0.94,0.01,skip,"(-0.1, 1.0]","(0.4, 0.6]"
BTC,2026-09-26 23:55:00+00:00,vwap_reversion,-1,0.5841190337607154,1,0.55,0.83,0.13,2.09,2.63,1.07,0.02,skip,"(1.0, 1.5]","(0.4, 0.6]"
BTC,2026-09-27 01:50:00+00:00,vwap_reversion,-1,0.4241466875744916,1,0.44,0.78,0.14,2.85,2.64,1.03,0.02,skip,"(1.0, 1.5]","(0.4, 0.6]"
BTC,2026-09-27 01:55:00+00:00,vwap_reversion,-1,-2.680868717017581,0,0.32,0.87,0.14,2.91,2.04,0.57,0.0,skip,"(-0.1, 1.0]","(0.2, 0.4]"
BTC,2026-09-27 05:35:00+00:00,vwap_reversion,-1,0.28973614748185034,1,0.47,0.78,0.14,1.73,2.76,1.49,0.04,skip,"(1.0, 1.5]","(0.4, 0.6]"
BTC,2026-09-27 05:45:00+00:00,vwap_reversion,-1,-2.9338042790964227,0,0.58,0.31,0.14,2.88,2.1,0.98,0.02,skip,"(-0.1, 1.0]","(0.4, 0.6]"
BTC,2026-09-27 07:50:00+00:00,vwap_reversion,-1,-2.8588958117154855,0,0.64,0.87,0.14,2.82,2.85,1.18,0.04,skip,"(1.0, 1.5]","(0.6, 0.8]"
BTC,2026-09-27 08:05:00+00:00,vwap_reversion,-1,-2.60783430900398,0,0.68,0.67,0.14,2.87,3.0,1.53,0.09,skip,"(1.5, 2.0]","(0.6, 0.8]"
BTC,2026-09-27 08:15:00+00:00,vwap_reversion,-1,-2.5928698296785484,0,0.66,0.81,0.13,2.99,2.89,1.23,0.04,skip,"(1.0, 1.5]","(0.6, 0.8]"
BTC,2026-09-27 08:20:00+00:00,vwap_reversion,-1,-2.506291099567384,0,0.68,0.82,0.14,2.99,2.89,1.34,0.08,skip,"(1.0, 1.5]","(0.6, 0.8]"
BTC,2026-09-27 08:30:00+00:00,vwap_reversion,-1,0.626898843020547,1,0.66,0.81,0.14,2.99,2.92,1.18,0.03,skip,"(1.0, 1.5]","(0.6, 0.8]"
BTC,2026-09-27 08:55:00+00:00,vwap_reversion,-1,0.6342710088659138,1,0.57,0.82,0.14,2.99,2.48,0.88,0.01,skip,"(-0.1, 1.0]","(0.4, 0.6]"
BTC,2026-09-27 09:50:00+00:00,vwap_reversion,-1,-2.249351258192787,0,0.59,0.8,0.14,2.9,2.88,0.99,0.04,skip,"(-0.1, 1.0]","(0.4, 0.6]"
BTC,2026-09-27 10:15:00+00:00,vwap_reversion,-1,0.7729667534552601,1,0.65,0.83,0.14,3.0,2.81,1.05,0.02,skip,"(1.0, 1.5]","(0.6, 0.8]"
BTC,2026-09-28 12:55:00+00:00,vwap_reversion,-1,1.0757655147401903,1,0.72,0.88,0.33,2.06,2.82,1.94,0.15,wait,"(1.5, 2.0]","(0.6, 0.8]"
BTC,2026-09-28 13:30:00+00:00,vwap_reversion,-1,-1.6316108040186061,0,0.72,0.81,0.33,1.83,2.98,2.23,0.2,wait,"(2.0, 2.5]","(0.6, 0.8]"
BTC,2026-09-28 13:40:00+00:00,vwap_reversion,-1,1.1613506608076618,1,0.71,0.85,0.34,2.06,2.89,1.78,0.15,wait,"(1.5, 2.0]","(0.6, 0.8]"
BTC,2026-09-28 16:25:00+00:00,vwap_reversion,-1,1.2684054626265806,1,0.72,0.82,0.33,0.6,2.95,1.91,0.13,wait,"(1.5, 2.0]","(0.6, 0.8]"
BTC,2026-09-28 16:30:00+00:00,vwap_reversion,-1,1.2668692301480462,1,0.7,0.85,0.32,2.28,2.84,1.75,0.15,wait,"(1.5, 2.0]","(0.6, 0.8]"
BTC,2026-09-28 16:35:00+00:00,vwap_reversion,-1,-1.377191313198799,0,0.47,0.38,0.36,2.17,2.0,1.36,0.06,wait,"(1.0, 1.5]","(0.4, 0.6]"
BTC,2026-07-01 14:45:00+00:00,trend_pullback,1,1.3261606989782804,1,0.35,0.42,0.83,0.0,1.67,1.81,0.08,wait,"(1.5, 2.0]","(0.2, 0.4]"
BTC,2026-07-01 15:00:00+00:00,trend_pullback,1,1.323253934664137,1,0.19,0.45,0.83,0.0,2.03,1.4,0.03,wait,"(1.0, 1.5]","(0.0, 0.2]"
BTC,2026-07-01 16:25:00+00:00,trend_pullback,1,-1.3432199434688479,0,0.3,0.87,0.85,0.0,0.79,1.76,0.08,wait,"(1.5, 2.0]","(0.2, 0.4]"
BTC,2026-07-01 16:40:00+00:00,trend_pullback,1,-1.3885349242931613,0,0.26,0.23,0.3,0.0,0.86,1.22,0.05,wait,"(1.0, 1.5]","(0.2, 0.4]"
BTC,2026-07-01 17:15:00+00:00,trend_pullback,1,1.2263178009806022,1,0.2,0.16,0.3,0.28,1.27,0.95,0.03,skip,"(-0.1, 1.0]","(0.0, 0.2]"
BTC,2026-07-01 17:20:00+00:00,trend_pullback,1,-1.4328022803083245,0,0.12,0.17,0.3,0.0,2.04,0.59,0.0,skip,"(-0.1, 1.0]","(0.0, 0.2]"
BTC,2026-07-01 18:15:00+00:00,trend_pullback,1,-1.520234714215226,0,0.19,0.09,0.28,0.0,1.26,1.0,0.02,wait,"(-0.1, 1.0]","(0.0, 0.2]"
BTC,2026-07-01 18:25:00+00:00,trend_pullback,1,1.149206049533717,1,0.16,0.08,0.3,0.0,1.73,0.66,0.01,skip,"(-0.1, 1.0]","(0.0, 0.2]"
BTC,2026-07-01 18:30:00+00:00,trend_pullback,1,-1.5578791152943314,0,0.19,0.09,0.3,0.0,1.21,0.95,0.02,skip,"(-0.1, 1.0]","(0.0, 0.2]"
BTC,2026-07-01 18:45:00+00:00,trend_pullback,1,-1.594763286476346,0,0.16,0.22,0.27,0.0,2.03,0.85,0.01,skip,"(-0.1, 1.0]","(0.0, 0.2]"
BTC,2026-07-01 18:55:00+00:00,trend_pullback,1,1.1462808877691149,1,0.24,0.13,0.3,0.0,0.87,1.19,0.05,wait,"(1.0, 1.5]","(0.2, 0.4]"
BTC,2026-07-01 19:00:00+00:00,trend_pullback,1,-1.5508497717893366,0,0.23,0.24,0.29,0.0,1.88,1.31,0.02,wait,"(1.0, 1.5]","(0.2, 0.4]"
BTC,2026-07-01 19:30:00+00:00,trend_pullback,1,-1.5697439602330494,0,0.2,0.12,0.32,0.0,1.34,1.14,0.02,wait,"(1.0, 1.5]","(0.0, 0.2]"
BTC,2026-07-01 19:40:00+00:00,trend_pullback,1,-1.5990817299660254,0,0.2,0.27,0.32,0.01,1.07,0.89,0.01,wait,"(-0.1, 1.0]","(0.0, 0.2]"
BTC,2026-07-01 21:00:00+00:00,trend_pullback,1,1.0939119825310517,1,0.19,0.1,0.28,0.01,1.92,1.04,0.02,skip,"(1.0, 1.5]","(0.0, 0.2]"
BTC,2026-07-02 03:25:00+00:00,trend_pullback,1,1.1845564345620256,1,0.13,0.77,0.3,0.01,2.71,0.65,0.01,skip,"(-0.1, 1.0]","(0.0, 0.2]"
BTC,2026-07-02 04:35:00+00:00,trend_pullback,1,-1.4992309845974527,0,0.26,0.84,0.37,0.0,0.81,1.29,0.03,wait,"(1.0, 1.5]","(0.2, 0.4]"
BTC,2026-07-02 04:50:00+00:00,trend_pullback,1,-1.5257165649202236,0,0.27,0.31,0.39,0.0,1.66,1.38,0.04,wait,"(1.0, 1.5]","(0.2, 0.4]"
BTC,2026-07-02 05:05:00+00:00,trend_pullback,1,-1.508181188108149,0,0.26,0.32,0.28,0.0,0.94,1.21,0.08,wait,"(1.0, 1.5]","(0.2, 0.4]"
BTC,2026-07-02 05:10:00+00:00,trend_pullback,1,-1.5209709718708213,0,0.28,0.88,0.38,0.0,1.89,1.56,0.08,wait,"(1.5, 2.0]","(0.2, 0.4]"
BTC,2026-07-02 05:30:00+00:00,trend_pullback,1,-1.5773971385280776,0,0.48,0.09,0.24,0.0,1.38,1.57,0.2,wait,"(1.5, 2.0]","(0.4, 0.6]"
BTC,2026-07-02 11:55:00+00:00,trend_pullback,1,-1.5584621236867229,0,0.16,0.87,0.36,0.0,2.48,0.8,0.01,skip,"(-0.1, 1.0]","(0.0, 0.2]"
BTC,2026-07-02 12:25:00+00:00,trend_pullback,1,-1.514640093394227,0,0.16,0.85,0.32,0.0,1.38,0.88,0.01,skip,"(-0.1, 1.0]","(0.0, 0.2]"
BTC,2026-07-02 12:35:00+00:00,trend_pullback,1,1.2305669401712576,1,0.2,0.83,0.36,0.0,1.77,1.15,0.02,wait,"(1.0, 1.5]","(0.0, 0.2]"
BTC,2026-07-02 13:30:00+00:00,trend_pullback,1,-1.3480245930769172,0,0.12,0.83,0.83,0.0,2.45,0.87,0.01,skip,"(-0.1, 1.0]","(0.0, 0.2]"
BTC,2026-07-02 14:55:00+00:00,trend_pullback,1,-1.2918891962618244,0,0.25,0.25,0.84,0.08,1.11,1.44,0.06,wait,"(1.0, 1.5]","(0.2, 0.4]"
BTC,2026-07-02 15:20:00+00:00,trend_pullback,1,-1.3075977617660737,0,0.19,0.24,0.81,0.01,0.89,1.16,0.03,wait,"(1.0, 1.5]","(0.0, 0.2]"
BTC,2026-07-02 15:25:00+00:00,trend_pullback,1,-1.3108604341046681,0,0.2,0.38,0.82,0.01,1.45,1.06,0.01,wait,"(1.0, 1.5]","(0.0, 0.2]"
BTC,2026-07-02 15:30:00+00:00,trend_pullback,1,-1.3241956698508424,0,0.19,0.22,0.8,0.01,1.64,1.05,0.03,wait,"(1.0, 1.5]","(0.0, 0.2]"
BTC,2026-07-02 15:40:00+00:00,trend_pullback,1,-1.32608235402121,0,0.18,0.22,0.81,0.01,0.39,0.96,0.01,wait,"(-0.1, 1.0]","(0.0, 0.2]"
BTC,2026-07-02 16:10:00+00:00,trend_pullback,1,-1.378339735721181,0,0.18,0.15,0.33,0.01,0.47,0.75,0.01,skip,"(-0.1, 1.0]","(0.0, 0.2]"
BTC,2026-07-02 17:40:00+00:00,trend_pullback,1,-1.428612755447888,0,0.18,0.15,0.34,0.0,1.08,0.95,0.02,wait,"(-0.1, 1.0]","(0.0, 0.2]"
BTC,2026-07-02 17:50:00+00:00,trend_pullback,1,-1.4294418429865428,0,0.13,0.15,0.32,0.0,0.79,0.63,0.0,skip,"(-0.1, 1.0]","(0.0, 0.2]"
BTC,2026-07-02 18:00:00+00:00,trend_pullback,1,-1.4581103733586718,0,0.13,0.12,0.28,0.01,1.17,0.68,0.01,skip,"(-0.1, 1.0]","(0.0, 0.2]"
BTC,2026-07-02 18:05:00+00:00,trend_pullback,1,-1.4673985017097537,0,0.13,0.09,0.29,0.01,1.52,0.77,0.01,skip,"(-0.1, 1.0]","(0.0, 0.2]"
BTC,2026-07-02 18:25:00+00:00,trend_pullback,1,-1.5131848217512807,0,0.25,0.34,0.31,0.01,1.89,1.29,0.03,wait,"(1.0, 1.5]","(0.2, 0.4]"
BTC,2026-07-02 18:45:00+00:00,trend_pullback,1,-1.574668154613762,0,0.29,0.12,0.33,0.0,1.54,1.52,0.05,wait,"(1.5, 2.0]","(0.2, 0.4]"
BTC,2026-07-03 02:00:00+00:00,trend_pullback,1,-1.674397717957924,0,0.28,0.88,0.34,0.0,1.41,1.22,0.03,wait,"(1.0, 1.5]","(0.2, 0.4]"
BTC,2026-07-03 02:05:00+00:00,trend_pullback,1,-1.6572988130216475,0,0.25,0.85,0.31,0.0,1.86,1.19,0.02,wait,"(1.0, 1.5]","(0.2, 0.4]"
BTC,2026-07-03 06:45:00+00:00,trend_pullback,1,1.0140458451537535,1,0.19,0.31,0.14,0.0,0.42,0.66,0.01,skip,"(-0.1, 1.0]","(0.0, 0.2]"
BTC,2026-07-03 06:50:00+00:00,trend_pullback,1,-1.7510699687640014,0,0.13,0.16,0.14,0.01,1.75,0.56,0.0,skip,"(-0.1, 1.0]","(0.0, 0.2]"
BTC,2026-07-03 07:05:00+00:00,trend_pullback,1,1.0353962665803234,1,0.25,0.33,0.16,0.0,0.51,0.96,0.01,wait,"(-0.1, 1.0]","(0.2, 0.4]"
BTC,2026-07-03 07:15:00+00:00,trend_pullback,1,0.9987763150827722,1,0.2,0.34,0.15,0.0,0.79,0.86,0.02,skip,"(-0.1, 1.0]","(0.0, 0.2]"
BTC,2026-07-03 07:25:00+00:00,trend_pullback,1,0.9580288058057194,1,0.22,0.78,0.13,0.0,2.51,0.88,0.01,skip,"(-0.1, 1.0]","(0.2, 0.4]"
BTC,2026-07-03 08:05:00+00:00,trend_pullback,1,0.9410593296445804,1,0.23,0.11,0.14,0.0,1.21,0.8,0.01,skip,"(-0.1, 1.0]","(0.2, 0.4]"
BTC,2026-07-03 08:25:00+00:00,trend_pullback,1,0.9050491261007114,1,0.19,0.1,0.13,0.0,0.37,0.67,0.0,skip,"(-0.1, 1.0]","(0.0, 0.2]"
BTC,2026-07-03 08:40:00+00:00,trend_pullback,1,-1.8776687687205067,0,0.15,0.33,0.14,0.0,1.7,0.92,0.02,skip,"(-0.1, 1.0]","(0.0, 0.2]"
BTC,2026-07-03 10:20:00+00:00,trend_pullback,1,1.0109489571212102,1,0.21,0.84,0.14,0.01,1.1,0.84,0.01,skip,"(-0.1, 1.0]","(0.2, 0.4]"
BTC,2026-07-03 10:25:00+00:00,trend_pullback,1,0.99176334681658,1,0.18,0.34,0.14,0.01,1.74,0.58,0.0,skip,"(-0.1, 1.0]","(0.0, 0.2]"
BTC,2026-07-03 10:30:00+00:00,trend_pullback,1,0.9867724115991076,1,0.19,0.35,0.14,0.01,2.14,0.69,0.0,skip,"(-0.1, 1.0]","(0.0, 0.2]"
BTC,2026-07-03 11:00:00+00:00,trend_pullback,1,1.081863179088128,1,0.2,0.8,0.36,0.0,2.95,1.03,0.01,skip,"(1.0, 1.5]","(0.0, 0.2]"
BTC,2026-07-03 11:45:00+00:00,trend_pullback,1,-1.648344859883987,0,0.19,0.87,0.38,0.0,1.91,1.39,0.04,wait,"(1.0, 1.5]","(0.0, 0.2]"
BTC,2026-07-03 12:20:00+00:00,trend_pullback,1,-1.614643364588116,0,0.28,0.83,0.29,0.0,1.2,1.29,0.04,wait,"(1.0, 1.5]","(0.2, 0.4]"
BTC,2026-07-03 12:50:00+00:00,trend_pullback,1,1.0513607446793176,1,0.19,0.83,0.14,0.0,1.67,0.77,0.01,skip,"(-0.1, 1.0]","(0.0, 0.2]"
BTC,2026-07-03 12:55:00+00:00,trend_pullback,1,1.0286844151071246,1,0.21,0.14,0.14,0.0,2.01,0.69,0.01,skip,"(-0.1, 1.0]","(0.2, 0.4]"
BTC,2026-07-03 13:00:00+00:00,trend_pullback,1,1.021934305009442,1,0.17,0.33,0.14,0.01,1.97,0.62,0.0,skip,"(-0.1, 1.0]","(0.0, 0.2]"
BTC,2026-07-03 13:10:00+00:00,trend_pullback,1,1.0216660462964113,1,0.23,0.89,0.15,0.01,1.4,1.09,0.04,skip,"(1.0, 1.5]","(0.2, 0.4]"
BTC,2026-07-03 13:25:00+00:00,trend_pullback,1,-1.7484630179330274,0,0.22,0.87,0.15,0.0,1.97,1.03,0.01,skip,"(1.0, 1.5]","(0.2, 0.4]"
BTC,2026-07-03 13:40:00+00:00,trend_pullback,1,-1.7288653126947187,0,0.18,0.77,0.14,0.0,2.58,0.78,0.01,skip,"(-0.1, 1.0]","(0.0, 0.2]"
BTC,2026-07-03 16:50:00+00:00,trend_pullback,1,1.0778537863949589,1,0.18,0.16,0.36,0.01,1.41,0.81,0.01,skip,"(-0.1, 1.0]","(0.0, 0.2]"
BTC,2026-07-03 16:55:00+00:00,trend_pullback,1,1.0688012810017598,1,0.23,0.35,0.33,0.01,1.95,1.19,0.02,wait,"(1.0, 1.5]","(0.2, 0.4]"
BTC,2026-07-03 17:00:00+00:00,trend_pullback,1,-0.256485524320876,0,0.15,0.87,0.32,0.01,2.06,0.91,0.01,skip,"(-0.1, 1.0]","(0.0, 0.2]"
BTC,2026-07-03 17:25:00+00:00,trend_pullback,1,-0.29464349423361863,0,0.24,0.88,0.33,0.01,1.87,1.27,0.03,wait,"(1.0, 1.5]","(0.2, 0.4]"
BTC,2026-07-03 18:10:00+00:00,trend_pullback,1,0.9519883249207487,1,0.17,0.18,0.13,0.0,0.24,0.56,0.0,skip,"(-0.1, 1.0]","(0.0, 0.2]"
BTC,2026-07-03 18:25:00+00:00,trend_pullback,1,0.9044704470184196,1,0.16,0.08,0.13,0.0,0.2,0.51,0.0,skip,"(-0.1, 1.0]","(0.0, 0.2]"
BTC,2026-07-03 18:30:00+00:00,trend_pullback,1,-1.968954815597699,0,0.2,0.27,0.14,0.0,1.05,0.86,0.01,skip,"(-0.1, 1.0]","(0.0, 0.2]"
BTC,2026-07-03 19:15:00+00:00,trend_pullback,1,-2.0154199243777073,0,0.18,0.31,0.15,0.0,1.98,0.92,0.02,skip,"(-0.1, 1.0]","(0.0, 0.2]"
BTC,2026-07-03 19:25:00+00:00,trend_pullback,1,-2.0257823668773383,0,0.26,0.12,0.15,0.0,1.69,1.02,0.02,skip,"(1.0, 1.5]","(0.2, 0.4]"
BTC,2026-07-03 19:35:00+00:00,trend_pullback,1,-1.9244623355849473,0,0.19,0.22,0.14,0.0,1.94,0.91,0.01,skip,"(-0.1, 1.0]","(0.0, 0.2]"
BTC,2026-07-03 19:45:00+00:00,trend_pullback,1,-1.9675625184098735,0,0.27,0.12,0.13,0.0,1.36,0.92,0.02,skip,"(-0.1, 1.0]","(0.2, 0.4]"
BTC,2026-07-03 20:00:00+00:00,trend_pullback,1,0.839216690781214,1,0.18,0.19,0.12,0.0,1.1,0.65,0.0,skip,"(-0.1, 1.0]","(0.0, 0.2]"
BTC,2026-07-03 20:05:00+00:00,trend_pullback,1,0.98956171237263,1,0.1,0.26,0.13,0.0,2.72,0.43,0.0,skip,"(-0.1, 1.0]","(0.0, 0.2]"
BTC,2026-07-03 21:20:00+00:00,trend_pullback,1,-1.54540187223303,0,0.35,0.38,0.32,0.0,1.99,1.43,0.04,wait,"(1.0, 1.5]","(0.2, 0.4]"
BTC,2026-07-03 21:40:00+00:00,trend_pullback,1,1.141066880472704,1,0.22,0.83,0.29,0.0,1.62,1.1,0.02,wait,"(1.0, 1.5]","(0.2, 0.4]"
BTC,2026-07-03 21:45:00+00:00,trend_pullback,1,-1.574282765862913,0,0.21,0.85,0.35,0.0,1.21,1.15,0.02,wait,"(1.0, 1.5]","(0.2, 0.4]"
BTC,2026-07-03 21:50:00+00:00,trend_pullback,1,-1.5469724950647203,0,0.13,0.82,0.33,0.0,2.29,0.63,0.01,skip,"(-0.1, 1.0]","(0.0, 0.2]"
BTC,2026-07-03 22:15:00+00:00,trend_pullback,1,-1.629110104373765,0,0.2,0.15,0.29,0.0,0.91,0.91,0.02,skip,"(-0.1, 1.0]","(0.0, 0.2]"
BTC,2026-07-03 22:20:00+00:00,trend_pullback,1,-1.6558689045418524,0,0.25,0.88,0.34,0.0,2.24,1.22,0.02,wait,"(1.0, 1.5]","(0.2, 0.4]"
BTC,2026-07-03 23:15:00+00:00,trend_pullback,1,-1.874222537825357,0,0.16,0.18,0.13,0.18,0.46,0.56,0.0,skip,"(-0.1, 1.0]","(0.0, 0.2]"
BTC,2026-07-03 23:20:00+00:00,trend_pullback,1,-1.8798975961433129,0,0.18,0.28,0.15,0.01,1.91,0.67,0.0,skip,"(-0.1, 1.0]","(0.0, 0.2]"
BTC,2026-07-03 23:30:00+00:00,trend_pullback,1,-1.904909330913482,0,0.19,0.11,0.14,0.01,0.81,0.66,0.01,skip,"(-0.1, 1.0]","(0.0, 0.2]"
BTC,2026-07-04 00:05:00+00:00,trend_pullback,1,-1.7448530446719424,0,0.09,0.87,0.14,0.0,2.28,0.56,0.0,skip,"(-0.1, 1.0]","(0.0, 0.2]"
BTC,2026-07-04 00:40:00+00:00,trend_pullback,1,-1.8044962476496837,0,0.35,0.35,0.15,0.0,1.73,1.17,0.02,wait,"(1.0, 1.5]","(0.2, 0.4]"
BTC,2026-07-04 00:45:00+00:00,trend_pullback,1,-1.7831578528009304,0,0.35,0.84,0.15,0.0,1.07,1.27,0.06,wait,"(1.0, 1.5]","(0.2, 0.4]"
BTC,2026-07-04 04:05:00+00:00,trend_pullback,1,-2.0427100213108558,0,0.27,0.09,0.14,0.0,1.49,0.91,0.01,skip,"(-0.1, 1.0]","(0.2, 0.4]"
BTC,2026-07-04 04:20:00+00:00,trend_pullback,1,-1.9894338892105834,0,0.26,0.21,0.13,0.0,0.84,1.08,0.03,wait,"(1.0, 1.5]","(0.2, 0.4]"
BTC,2026-07-04 04:55:00+00:00,trend_pullback,1,-2.046292984848381,0,0.24,0.22,0.15,0.0,2.26,0.89,0.01,skip,"(-0.1, 1.0]","(0.2, 0.4]"
BTC,2026-07-04 13:15:00+00:00,trend_pullback,1,-2.396713294920738,0,0.08,0.87,0.15,0.0,2.27,0.47,0.0,skip,"(-0.1, 1.0]","(0.0, 0.2]"
BTC,2026-07-04 14:00:00+00:00,trend_pullback,1,0.6959719769663834,1,0.23,0.37,0.15,0.01,0.54,0.93,0.01,skip,"(-0.1, 1.0]","(0.2, 0.4]"
BTC,2026-07-04 14:10:00+00:00,trend_pullback,1,0.7207868492817397,1,0.21,0.84,0.14,0.01,0.55,0.88,0.01,skip,"(-0.1, 1.0]","(0.2, 0.4]"
BTC,2026-07-04 14:35:00+00:00,trend_pullback,1,0.7112132389270045,1,0.42,0.85,0.14,0.0,1.73,1.28,0.05,wait,"(1.0, 1.5]","(0.4, 0.6]"
BTC,2026-07-04 14:40:00+00:00,trend_pullback,1,0.7155073628280988,1,0.31,0.37,0.15,0.0,1.32,1.19,0.06,skip,"(1.0, 1.5]","(0.2, 0.4]"
BTC,2026-07-04 14:55:00+00:00,trend_pullback,1,0.6858935034852045,1,0.29,0.38,0.14,0.0,1.26,1.18,0.04,wait,"(1.0, 1.5]","(0.2, 0.4]"
BTC,2026-07-04 15:05:00+00:00,trend_pullback,1,-2.03173821051542,0,0.09,0.64,0.13,0.0,2.81,0.37,0.0,skip,"(-0.1, 1.0]","(0.0, 0.2]"
BTC,2026-07-04 16:15:00+00:00,trend_pullback,1,1.0341159441665027,1,0.34,0.41,0.15,0.0,1.19,1.2,0.08,skip,"(1.0, 1.5]","(0.2, 0.4]"
BTC,2026-07-04 16:20:00+00:00,trend_pullback,1,1.0199437373014735,1,0.26,0.81,0.14,0.0,1.61,1.08,0.02,wait,"(1.0, 1.5]","(0.2, 0.4]"
BTC,2026-07-04 16:25:00+00:00,trend_pullback,1,1.0094657075394706,1,0.2,0.82,0.13,0.0,1.98,0.89,0.01,skip,"(-0.1, 1.0]","(0.0, 0.2]"
BTC,2026-07-04 16:30:00+00:00,trend_pullback,1,-1.7929466954342417,0,0.19,0.8,0.14,0.0,1.61,0.83,0.01,skip,"(-0.1, 1.0]","(0.0, 0.2]"
BTC,2026-07-04 17:05:00+00:00,trend_pullback,1,-1.843029575188255,0,0.21,0.82,0.13,0.0,1.95,1.0,0.01,skip,"(-0.1, 1.0]","(0.2, 0.4]"
BTC,2026-07-04 17:15:00+00:00,trend_pullback,1,0.9858261847092128,1,0.22,0.83,0.13,0.0,0.78,0.99,0.02,wait,"(-0.1, 1.0]","(0.2, 0.4]"
BTC,2026-07-04 17:20:00+00:00,trend_pullback,1,0.9575528682092768,1,0.23,0.36,0.15,0.0,0.82,0.98,0.02,skip,"(-0.1, 1.0]","(0.2, 0.4]"
BTC,2026-07-04 18:25:00+00:00,trend_pullback,1,-1.6369347287872575,0,0.41,0.41,0.33,0.0,2.11,1.63,0.14,wait,"(1.5, 2.0]","(0.4, 0.6]"
BTC,2026-07-04 18:50:00+00:00,trend_pullback,1,1.0439437073949027,1,0.16,0.21,0.13,0.0,0.33,0.61,0.0,skip,"(-0.1, 1.0]","(0.0, 0.2]"
BTC,2026-07-04 18:55:00+00:00,trend_pullback,1,1.0202987971088946,1,0.19,0.39,0.13,0.0,1.07,0.9,0.01,skip,"(-0.1, 1.0]","(0.0, 0.2]"
BTC,2026-07-04 19:00:00+00:00,trend_pullback,1,-1.764479891772851,0,0.21,0.83,0.14,0.0,1.71,0.92,0.01,skip,"(-0.1, 1.0]","(0.2, 0.4]"
BTC,2026-07-04 19:15:00+00:00,trend_pullback,1,1.0221525813897812,1,0.26,0.37,0.13,0.0,0.85,1.07,0.05,wait,"(1.0, 1.5]","(0.2, 0.4]"
BTC,2026-07-04 19:55:00+00:00,trend_pullback,1,-1.7542317861981167,0,0.32,0.37,0.14,0.0,1.85,1.15,0.02,wait,"(1.0, 1.5]","(0.2, 0.4]"
BTC,2026-07-04 20:00:00+00:00,trend_pullback,1,-1.7384448516920998,0,0.14,0.39,0.14,0.0,1.78,0.88,0.02,skip,"(-0.1, 1.0]","(0.0, 0.2]"
BTC,2026-07-04 20:40:00+00:00,trend_pullback,1,-1.7863661502348058,0,0.2,0.84,0.13,0.16,0.89,0.79,0.01,skip,"(-0.1, 1.0]","(0.0, 0.2]"
BTC,2026-07-04 20:45:00+00:00,trend_pullback,1,-1.822028637773671,0,0.2,0.34,0.15,0.0,1.06,0.96,0.02,skip,"(-0.1, 1.0]","(0.0, 0.2]"
BTC,2026-07-04 20:50:00+00:00,trend_pullback,1,-1.84687538034095,0,0.21,0.83,0.14,0.0,1.97,0.91,0.01,skip,"(-0.1, 1.0]","(0.2, 0.4]"
BTC,2026-07-04 21:10:00+00:00,trend_pullback,1,-1.7958980630910741,0,0.13,0.33,0.15,0.0,1.66,0.67,0.01,skip,"(-0.1, 1.0]","(0.0, 0.2]"
BTC,2026-07-05 08:35:00+00:00,trend_pullback,1,-2.056447692804938,0,0.26,0.33,0.14,0.0,0.06,1.02,0.01,wait,"(1.0, 1.5]","(0.2, 0.4]"
BTC,2026-07-05 08:45:00+00:00,trend_pullback,1,-2.102296720159538,0,0.27,0.35,0.15,0.01,0.88,1.05,0.02,skip,"(1.0, 1.5]","(0.2, 0.4]"
BTC,2026-07-05 15:25:00+00:00,trend_pullback,1,0.8805750133459264,1,0.21,0.16,0.14,0.0,0.01,0.69,0.01,skip,"(-0.1, 1.0]","(0.2, 0.4]"
BTC,2026-07-05 15:30:00+00:00,trend_pullback,1,-1.9948275308465342,0,0.24,0.38,0.15,0.0,1.05,0.89,0.02,skip,"(-0.1, 1.0]","(0.2, 0.4]"
BTC,2026-07-05 19:25:00+00:00,trend_pullback,1,-2.1109709471634384,0,0.54,0.87,0.15,0.0,0.99,1.41,0.13,wait,"(1.0, 1.5]","(0.4, 0.6]"
BTC,2026-07-05 19:30:00+00:00,trend_pullback,1,-2.099650348102551,0,0.35,0.36,0.14,0.01,1.81,1.12,0.02,wait,"(1.0, 1.5]","(0.2, 0.4]"
BTC,2026-07-05 19:40:00+00:00,trend_pullback,1,-2.200168019031836,0,0.3,0.16,0.14,0.0,0.35,0.97,0.01,wait,"(-0.1, 1.0]","(0.2, 0.4]"
BTC,2026-07-05 20:05:00+00:00,trend_pullback,1,-2.2971722149982896,0,0.2,0.16,0.13,0.0,0.49,0.71,0.01,skip,"(-0.1, 1.0]","(0.0, 0.2]"
BTC,2026-07-05 23:55:00+00:00,trend_pullback,1,-1.5199593268066833,0,0.36,0.38,0.39,0.0,1.77,1.56,0.12,wait,"(1.5, 2.0]","(0.2, 0.4]"
BTC,2026-07-06 00:00:00+00:00,trend_pullback,1,-1.5109527858402767,0,0.37,0.39,0.33,0.0,1.1,1.59,0.08,wait,"(1.5, 2.0]","(0.2, 0.4]"
BTC,2026-07-06 00:40:00+00:00,trend_pullback,1,1.2106813469816862,1,0.28,0.24,0.37,0.1,0.73,1.25,0.06,wait,"(1.0, 1.5]","(0.2, 0.4]"
BTC,2026-07-06 00:45:00+00:00,trend_pullback,1,1.2158072655928103,1,0.23,0.4,0.33,0.0,1.57,1.29,0.04,wait,"(1.0, 1.5]","(0.2, 0.4]"
BTC,2026-07-06 00:55:00+00:00,trend_pullback,1,-1.4590361213519893,0,0.18,0.46,0.34,0.0,1.55,1.42,0.05,wait,"(1.0, 1.5]","(0.0, 0.2]"
BTC,2026-07-06 01:25:00+00:00,trend_pullback,1,-1.489682954608446,0,0.38,0.86,0.4,0.0,2.0,1.88,0.1,wait,"(1.5, 2.0]","(0.2, 0.4]"
BTC,2026-07-06 01:30:00+00:00,trend_pullback,1,-1.4644433962693462,0,0.12,0.85,0.36,0.0,1.82,1.08,0.03,skip,"(1.0, 1.5]","(0.0, 0.2]"
BTC,2026-07-06 18:00:00+00:00,trend_pullback,1,-1.3917701628888126,0,0.23,0.33,0.41,0.0,0.91,1.19,0.04,wait,"(1.0, 1.5]","(0.2, 0.4]"
BTC,2026-07-06 18:10:00+00:00,trend_pullback,1,-1.1541523253899573,0,0.21,0.16,0.34,0.0,2.06,0.88,0.01,wait,"(-0.1, 1.0]","(0.2, 0.4]"
BTC,2026-07-06 18:20:00+00:00,trend_pullback,1,-1.4455412139760617,0,0.25,0.36,0.37,0.0,1.08,1.41,0.09,wait,"(1.0, 1.5]","(0.2, 0.4]"
BTC,2026-07-06 18:35:00+00:00,trend_pullback,1,-1.4567134034469547,0,0.23,0.09,0.27,0.0,0.67,1.09,0.02,wait,"(1.0, 1.5]","(0.2, 0.4]"
BTC,2026-07-06 19:05:00+00:00,trend_pullback,1,1.1449689619191163,1,0.16,0.08,0.25,0.0,0.31,0.65,0.0,skip,"(-0.1, 1.0]","(0.0, 0.2]"
BTC,2026-07-06 19:10:00+00:00,trend_pullback,1,-1.5753115160615956,0,0.2,0.12,0.25,0.0,0.51,0.94,0.01,wait,"(-0.1, 1.0]","(0.0, 0.2]"
BTC,2026-07-06 19:15:00+00:00,trend_pullback,1,-1.5610838770221604,0,0.14,0.24,0.28,0.0,1.78,0.89,0.02,skip,"(-0.1, 1.0]","(0.0, 0.2]"
BTC,2026-07-06 19:40:00+00:00,trend_pullback,1,-1.6343634937729898,0,0.19,0.08,0.3,0.0,1.37,1.02,0.02,wait,"(1.0, 1.5]","(0.0, 0.2]"
BTC,2026-07-06 20:25:00+00:00,trend_pullback,1,1.0572422953040108,1,0.18,0.11,0.13,0.23,1.69,0.72,0.01,skip,"(-0.1, 1.0]","(0.0, 0.2]"
BTC,2026-07-06 20:30:00+00:00,trend_pullback,1,-1.6809678229006453,0,0.1,0.2,0.31,0.0,2.13,0.61,0.0,skip,"(-0.1, 1.0]","(0.0, 0.2]"
BTC,2026-07-06 20:50:00+00:00,trend_pullback,1,-1.7329066241315891,0,0.14,0.2,0.14,0.0,2.1,0.78,0.01,skip,"(-0.1, 1.0]","(0.0, 0.2]"
BTC,2026-07-06 21:05:00+00:00,trend_pullback,1,-1.5089529395344468,0,0.07,0.27,0.27,0.0,2.8,0.32,0.0,skip,"(-0.1, 1.0]","(0.0, 0.2]"
BTC,2026-07-06 22:35:00+00:00,trend_pullback,1,-1.5424454959501996,0,0.26,0.23,0.3,0.0,0.93,1.26,0.07,wait,"(1.0, 1.5]","(0.2, 0.4]"
BTC,2026-07-06 22:45:00+00:00,trend_pullback,1,-1.554175335167197,0,0.3,0.23,0.28,0.0,1.63,1.34,0.08,wait,"(1.0, 1.5]","(0.2, 0.4]"
BTC,2026-07-06 22:55:00+00:00,trend_pullback,1,-1.5787848737985621,0,0.32,0.09,0.3,0.0,0.74,1.15,0.05,wait,"(1.0, 1.5]","(0.2, 0.4]"
BTC,2026-07-06 23:00:00+00:00,trend_pullback,1,-1.5751214125253385,0,0.29,0.21,0.29,0.0,2.13,1.1,0.02,wait,"(1.0, 1.5]","(0.2, 0.4]"
BTC,2026-07-06 23:10:00+00:00,trend_pullback,1,-1.609711605885542,0,0.2,0.08,0.28,0.0,0.8,0.86,0.02,wait,"(-0.1, 1.0]","(0.0, 0.2]"
BTC,2026-07-07 00:20:00+00:00,trend_pullback,1,-1.721591507361093,0,0.22,0.32,0.14,0.21,1.1,0.91,0.02,skip,"(-0.1, 1.0]","(0.2, 0.4]"
BTC,2026-07-07 00:45:00+00:00,trend_pullback,1,-1.6686215790967043,0,0.25,0.13,0.29,0.01,0.97,1.13,0.05,wait,"(1.0, 1.5]","(0.2, 0.4]"
BTC,2026-07-07 00:50:00+00:00,trend_pullback,1,-1.646659493521893,0,0.13,0.25,0.29,0.01,1.9,0.82,0.01,skip,"(-0.1, 1.0]","(0.0, 0.2]"
BTC,2026-07-07 10:35:00+00:00,trend_pullback,1,-1.7904399588810724,0,0.44,0.36,0.15,0.0,0.48,1.14,0.1,skip,"(1.0, 1.5]","(0.4, 0.6]"
BTC,2026-07-07 10:55:00+00:00,trend_pullback,1,-1.9254363322976684,0,0.23,0.18,0.13,0.01,1.55,0.67,0.0,skip,"(-0.1, 1.0]","(0.2, 0.4]"
BTC,2026-07-07 12:50:00+00:00,trend_pullback,1,-1.566142385143077,0,0.27,0.36,0.35,0.02,0.02,1.38,0.03,wait,"(1.0, 1.5]","(0.2, 0.4]"
BTC,2026-07-07 17:20:00+00:00,trend_pullback,1,-1.44602831282723,0,0.24,0.15,0.28,0.0,0.64,1.1,0.02,wait,"(1.0, 1.5]","(0.2, 0.4]"
BTC,2026-07-07 18:05:00+00:00,trend_pullback,1,-1.5344357727559617,0,0.39,0.89,0.37,0.0,1.92,1.53,0.12,wait,"(1.5, 2.0]","(0.2, 0.4]"
BTC,2026-07-07 18:15:00+00:00,trend_pullback,1,-1.5655509803999226,0,0.16,0.08,0.25,0.0,0.31,0.65,0.0,skip,"(-0.1, 1.0]","(0.0, 0.2]"
BTC,2026-07-07 18:35:00+00:00,trend_pullback,1,-1.6100764665121279,0,0.24,0.09,0.24,0.0,1.32,1.05,0.04,wait,"(1.0, 1.5]","(0.2, 0.4]"
BTC,2026-07-07 18:40:00+00:00,trend_pullback,1,-1.6214583378532834,0,0.2,0.09,0.26,0.0,1.69,0.92,0.01,skip,"(-0.1, 1.0]","(0.0, 0.2]"
BTC,2026-07-08 17:55:00+00:00,trend_pullback,1,1.1576520671610497,1,0.47,0.16,0.27,1.13,1.12,1.51,0.09,wait,"(1.5, 2.0]","(0.4, 0.6]"
BTC,2026-07-08 18:00:00+00:00,trend_pullback,1,-1.5188852499828482,0,0.31,0.4,0.35,1.06,1.6,1.68,0.07,wait,"(1.5, 2.0]","(0.2, 0.4]"
BTC,2026-07-08 18:45:00+00:00,trend_pullback,1,-1.603868203016872,0,0.25,0.09,0.29,1.27,0.52,1.11,0.05,wait,"(1.0, 1.5]","(0.2, 0.4]"
BTC,2026-07-08 19:00:00+00:00,trend_pullback,1,-1.6430001021626393,0,0.18,0.11,0.23,1.34,1.75,0.61,0.0,skip,"(-0.1, 1.0]","(0.0, 0.2]"
BTC,2026-07-08 19:20:00+00:00,trend_pullback,1,-1.6612890979503356,0,0.28,0.13,0.35,1.22,1.03,1.14,0.04,wait,"(1.0, 1.5]","(0.2, 0.4]"
BTC,2026-07-08 19:35:00+00:00,trend_pullback,1,-1.7234802660992112,0,0.27,0.12,0.14,1.45,1.64,0.89,0.01,skip,"(-0.1, 1.0]","(0.2, 0.4]"
BTC,2026-07-08 19:50:00+00:00,trend_pullback,1,-1.7096296655339187,0,0.27,0.19,0.14,1.44,0.39,0.82,0.01,skip,"(-0.1, 1.0]","(0.2, 0.4]"
BTC,2026-07-08 19:55:00+00:00,trend_pullback,1,-1.6968525939119488,0,0.29,0.26,0.33,1.37,1.63,1.57,0.08,wait,"(1.5, 2.0]","(0.2, 0.4]"
BTC,2026-07-08 20:20:00+00:00,trend_pullback,1,-1.6948042351563564,0,0.35,0.13,0.3,0.01,0.43,1.44,0.04,wait,"(1.0, 1.5]","(0.2, 0.4]"
BTC,2026-07-08 20:25:00+00:00,trend_pullback,1,-1.7153991399327937,0,0.21,0.21,0.14,0.0,0.67,0.87,0.01,skip,"(-0.1, 1.0]","(0.2, 0.4]"
BTC,2026-07-08 20:45:00+00:00,trend_pullback,1,-1.7522467063990055,0,0.16,0.08,0.14,0.01,0.01,0.41,0.0,skip,"(-0.1, 1.0]","(0.0, 0.2]"
BTC,2026-07-08 22:15:00+00:00,trend_pullback,1,1.0457937451681876,1,0.5,0.12,0.15,0.0,1.67,1.12,0.06,skip,"(1.0, 1.5]","(0.4, 0.6]"
BTC,2026-07-08 22:20:00+00:00,trend_pullback,1,-1.7178517463442178,0,0.26,0.09,0.14,0.0,1.58,0.84,0.01,skip,"(-0.1, 1.0]","(0.2, 0.4]"
BTC,2026-07-08 22:55:00+00:00,trend_pullback,1,-1.8450156497799821,0,0.2,0.12,0.15,0.0,1.75,0.98,0.02,skip,"(-0.1, 1.0]","(0.0, 0.2]"
BTC,2026-07-08 23:25:00+00:00,trend_pullback,1,-1.9266037397274163,0,0.29,0.21,0.14,0.01,0.26,0.95,0.02,wait,"(-0.1, 1.0]","(0.2, 0.4]"
BTC,2026-07-08 23:40:00+00:00,trend_pullback,1,-1.9053069969166299,0,0.17,0.1,0.13,0.0,0.0,0.57,0.0,skip,"(-0.1, 1.0]","(0.0, 0.2]"
BTC,2026-07-08 23:50:00+00:00,trend_pullback,1,-1.9046788170073938,0,0.18,0.09,0.13,0.0,0.83,0.61,0.01,skip,"(-0.1, 1.0]","(0.0, 0.2]"
BTC,2026-07-09 05:35:00+00:00,trend_pullback,1,1.1212550625375652,1,0.34,0.34,0.38,0.0,0.08,1.6,0.04,wait,"(1.5, 2.0]","(0.2, 0.4]"
BTC,2026-07-09 07:40:00+00:00,trend_pullback,1,1.199123750908395,1,0.14,0.85,0.39,0.0,1.68,1.18,0.03,skip,"(1.0, 1.5]","(0.0, 0.2]"
BTC,2026-07-09 08:10:00+00:00,trend_pullback,1,-1.5084246955810765,0,0.28,0.16,0.34,0.0,1.49,1.22,0.03,wait,"(1.0, 1.5]","(0.2, 0.4]"
BTC,2026-07-09 08:15:00+00:00,trend_pullback,1,-1.5286674352668954,0,0.26,0.17,0.36,0.0,0.7,1.27,0.04,wait,"(1.0, 1.5]","(0.2, 0.4]"
BTC,2026-07-09 08:35:00+00:00,trend_pullback,1,-1.5683648261384822,0,0.22,0.79,0.3,0.0,1.85,1.15,0.04,skip,"(1.0, 1.5]","(0.2, 0.4]"
BTC,2026-07-09 09:25:00+00:00,trend_pullback,1,-1.6748777392503147,0,0.21,0.21,0.29,0.26,1.45,0.93,0.01,wait,"(-0.1, 1.0]","(0.2, 0.4]"
BTC,2026-07-09 09:30:00+00:00,trend_pullback,1,-1.6728816351592717,0,0.21,0.22,0.3,0.0,1.42,1.1,0.02,wait,"(1.0, 1.5]","(0.2, 0.4]"
BTC,2026-07-09 09:35:00+00:00,trend_pullback,1,-1.685272921404739,0,0.2,0.13,0.31,0.0,2.07,1.03,0.01,wait,"(1.0, 1.5]","(0.0, 0.2]"
BTC,2026-07-09 09:50:00+00:00,trend_pullback,1,-1.658747779155297,0,0.16,0.08,0.25,0.01,0.71,0.68,0.01,skip,"(-0.1, 1.0]","(0.0, 0.2]"
BTC,2026-07-09 09:55:00+00:00,trend_pullback,1,-1.6821865371266969,0,0.18,0.09,0.27,0.01,1.72,0.75,0.01,skip,"(-0.1, 1.0]","(0.0, 0.2]"
BTC,2026-07-09 10:00:00+00:00,trend_pullback,1,-1.7031347190966488,0,0.18,0.3,0.14,0.0,2.06,0.75,0.01,skip,"(-0.1, 1.0]","(0.0, 0.2]"
BTC,2026-07-09 10:05:00+00:00,trend_pullback,1,-1.7043606312892052,0,0.15,0.28,0.13,0.0,2.07,0.66,0.01,skip,"(-0.1, 1.0]","(0.0, 0.2]"
BTC,2026-07-09 14:10:00+00:00,trend_pullback,1,-1.377422521977774,0,0.37,0.38,0.34,0.0,1.63,1.5,0.05,wait,"(1.0, 1.5]","(0.2, 0.4]"
BTC,2026-07-09 14:25:00+00:00,trend_pullback,1,1.2661656751062722,1,0.25,0.84,0.33,0.0,1.04,1.47,0.09,wait,"(1.0, 1.5]","(0.2, 0.4]"
BTC,2026-07-09 14:35:00+00:00,trend_pullback,1,1.2660819788836544,1,0.19,0.39,0.33,0.0,0.58,1.04,0.04,wait,"(1.0, 1.5]","(0.0, 0.2]"
BTC,2026-07-09 14:45:00+00:00,trend_pullback,1,1.253323455829833,1,0.19,0.37,0.34,0.01,1.68,0.86,0.01,skip,"(-0.1, 1.0]","(0.0, 0.2]"
BTC,2026-07-09 14:55:00+00:00,trend_pullback,1,1.2496329969955784,1,0.24,0.37,0.3,0.0,0.52,1.23,0.03,wait,"(1.0, 1.5]","(0.2, 0.4]"
BTC,2026-07-09 15:05:00+00:00,trend_pullback,1,-1.3791905896835093,0,0.17,0.84,0.34,0.0,2.0,1.09,0.02,skip,"(1.0, 1.5]","(0.0, 0.2]"
BTC,2026-07-09 15:20:00+00:00,trend_pullback,1,-1.3675147108270915,0,0.23,0.7,0.36,0.0,2.94,0.99,0.01,skip,"(-0.1, 1.0]","(0.2, 0.4]"
BTC,2026-07-09 15:40:00+00:00,trend_pullback,1,-1.3916470242514425,0,0.15,0.18,0.32,0.01,0.76,0.58,0.0,skip,"(-0.1, 1.0]","(0.0, 0.2]"
BTC,2026-07-09 15:45:00+00:00,trend_pullback,1,-1.4046827785142408,0,0.15,0.19,0.27,0.01,0.15,0.63,0.0,skip,"(-0.1, 1.0]","(0.0, 0.2]"
BTC,2026-07-09 16:00:00+00:00,trend_pullback,1,-1.4238545392874116,0,0.19,0.36,0.28,0.01,0.49,0.86,0.02,wait,"(-0.1, 1.0]","(0.0, 0.2]"
BTC,2026-07-09 19:00:00+00:00,trend_pullback,1,-1.5445946208281995,0,0.29,0.89,0.34,0.0,1.65,1.52,0.05,wait,"(1.5, 2.0]","(0.2, 0.4]"
BTC,2026-07-09 19:05:00+00:00,trend_pullback,1,-1.5536374234504353,0,0.28,0.34,0.31,0.0,2.32,1.28,0.05,wait,"(1.0, 1.5]","(0.2, 0.4]"
BTC,2026-07-09 19:20:00+00:00,trend_pullback,1,1.1327909039451984,1,0.28,0.12,0.3,0.0,1.84,1.18,0.02,wait,"(1.0, 1.5]","(0.2, 0.4]"
BTC,2026-07-09 19:25:00+00:00,trend_pullback,1,-0.7095515239978771,0,0.2,0.21,0.29,0.0,0.5,1.03,0.01,wait,"(1.0, 1.5]","(0.0, 0.2]"
BTC,2026-07-09 19:35:00+00:00,trend_pullback,1,-0.5420117741391045,0,0.2,0.22,0.28,0.0,0.42,0.97,0.01,wait,"(-0.1, 1.0]","(0.0, 0.2]"
BTC,2026-07-09 19:40:00+00:00,trend_pullback,1,-1.6109523556699865,0,0.21,0.36,0.34,0.0,1.26,1.6,0.1,wait,"(1.5, 2.0]","(0.2, 0.4]"
BTC,2026-07-09 20:05:00+00:00,trend_pullback,1,1.0988711214011306,1,0.18,0.11,0.27,0.0,0.32,0.75,0.01,wait,"(-0.1, 1.0]","(0.0, 0.2]"
BTC,2026-07-09 20:20:00+00:00,trend_pullback,1,1.0550416098167996,1,0.18,0.08,0.13,0.0,0.67,0.59,0.01,skip,"(-0.1, 1.0]","(0.0, 0.2]"
BTC,2026-07-09 20:25:00+00:00,trend_pullback,1,-0.07645367947351883,0,0.21,0.12,0.14,0.0,1.9,0.8,0.01,skip,"(-0.1, 1.0]","(0.2, 0.4]"
BTC,2026-07-09 20:30:00+00:00,trend_pullback,1,-1.7251874126380577,0,0.15,0.09,0.14,0.0,1.98,0.61,0.0,skip,"(-0.1, 1.0]","(0.0, 0.2]"
BTC,2026-07-09 20:40:00+00:00,trend_pullback,1,-1.7874294142705702,0,0.2,0.11,0.14,0.0,1.97,0.81,0.01,skip,"(-0.1, 1.0]","(0.0, 0.2]"
BTC,2026-07-09 20:55:00+00:00,trend_pullback,1,-1.858451168589934,0,0.19,0.12,0.14,0.0,1.84,0.94,0.02,skip,"(-0.1, 1.0]","(0.0, 0.2]"
BTC,2026-07-09 21:15:00+00:00,trend_pullback,1,-1.88948336627597,0,0.17,0.07,0.13,0.0,1.12,0.65,0.01,skip,"(-0.1, 1.0]","(0.0, 0.2]"
BTC,2026-07-09 22:00:00+00:00,trend_pullback,1,0.8493050353620851,1,0.16,0.16,0.14,0.01,1.04,0.56,0.0,skip,"(-0.1, 1.0]","(0.0, 0.2]"
BTC,2026-07-09 22:15:00+00:00,trend_pullback,1,-1.944202867243062,0,0.12,0.1,0.14,0.01,1.69,0.6,0.01,skip,"(-0.1, 1.0]","(0.0, 0.2]"
BTC,2026-07-09 22:40:00+00:00,trend_pullback,1,-1.953590033909388,0,0.22,0.22,0.14,0.0,1.94,0.93,0.01,skip,"(-0.1, 1.0]","(0.2, 0.4]"
BTC,2026-07-09 23:20:00+00:00,trend_pullback,1,-1.8264065636782267,0,0.18,0.27,0.14,0.3,0.97,0.73,0.02,skip,"(-0.1, 1.0]","(0.0, 0.2]"
BTC,2026-07-10 03:40:00+00:00,trend_pullback,1,1.055356737861332,1,0.25,0.83,0.14,0.0,1.13,1.12,0.04,skip,"(1.0, 1.5]","(0.2, 0.4]"
BTC,2026-07-10 04:30:00+00:00,trend_pullback,1,-1.676768189654954,0,0.17,0.88,0.36,0.0,1.98,1.19,0.03,wait,"(1.0, 1.5]","(0.0, 0.2]"
BTC,2026-07-10 05:10:00+00:00,trend_pullback,1,1.0122596759968654,1,0.3,0.85,0.14,0.0,1.52,1.13,0.06,skip,"(1.0, 1.5]","(0.2, 0.4]"
BTC,2026-07-10 05:15:00+00:00,trend_pullback,1,1.0030962381811046,1,0.22,0.86,0.15,0.0,1.91,0.89,0.01,skip,"(-0.1, 1.0]","(0.2, 0.4]"
BTC,2026-07-10 05:25:00+00:00,trend_pullback,1,0.973664106855353,1,0.24,0.1,0.14,0.0,1.65,0.76,0.01,skip,"(-0.1, 1.0]","(0.2, 0.4]"
BTC,2026-07-10 05:30:00+00:00,trend_pullback,1,-1.7749109900854565,0,0.16,0.82,0.15,0.0,1.56,0.8,0.01,skip,"(-0.1, 1.0]","(0.0, 0.2]"
BTC,2026-07-10 07:40:00+00:00,trend_pullback,1,0.8121370478868128,1,0.18,0.28,0.14,0.01,1.33,0.63,0.0,skip,"(-0.1, 1.0]","(0.0, 0.2]"
BTC,2026-07-10 07:50:00+00:00,trend_pullback,1,0.7586808288428213,1,0.16,0.24,0.14,0.01,1.42,0.77,0.01,skip,"(-0.1, 1.0]","(0.0, 0.2]"
BTC,2026-07-10 08:00:00+00:00,trend_pullback,1,0.7643251231769221,1,0.18,0.24,0.13,0.02,2.54,0.72,0.0,skip,"(-0.1, 1.0]","(0.0, 0.2]"
BTC,2026-07-10 10:15:00+00:00,trend_pullback,1,0.972296833043577,1,0.19,0.14,0.14,0.0,1.77,0.62,0.0,skip,"(-0.1, 1.0]","(0.0, 0.2]"
BTC,2026-07-10 10:20:00+00:00,trend_pullback,1,-1.7995450171020133,0,0.16,0.87,0.14,0.0,1.55,0.8,0.01,skip,"(-0.1, 1.0]","(0.0, 0.2]"
BTC,2026-07-10 10:35:00+00:00,trend_pullback,1,-1.7857170857006717,0,0.16,0.82,0.13,0.0,2.34,0.64,0.0,skip,"(-0.1, 1.0]","(0.0, 0.2]"
BTC,2026-07-10 11:00:00+00:00,trend_pullback,1,-1.868535881483098,0,0.24,0.16,0.14,0.0,1.97,0.95,0.01,skip,"(-0.1, 1.0]","(0.2, 0.4]"
BTC,2026-07-10 11:10:00+00:00,trend_pullback,1,-1.8787706200199945,0,0.18,0.16,0.14,0.0,1.38,0.88,0.02,skip,"(-0.1, 1.0]","(0.0, 0.2]"
BTC,2026-07-10 11:25:00+00:00,trend_pullback,1,-1.9088109592094253,0,0.23,0.31,0.14,0.0,0.69,0.95,0.01,skip,"(-0.1, 1.0]","(0.2, 0.4]"
BTC,2026-07-10 11:40:00+00:00,trend_pullback,1,-1.9246204117559476,0,0.19,0.15,0.13,0.0,1.03,0.65,0.0,skip,"(-0.1, 1.0]","(0.0, 0.2]"
BTC,2026-07-10 11:45:00+00:00,trend_pullback,1,-1.9009962679584576,0,0.14,0.82,0.14,0.0,1.84,0.76,0.01,skip,"(-0.1, 1.0]","(0.0, 0.2]"
BTC,2026-07-10 11:55:00+00:00,trend_pullback,1,-1.961662029963296,0,0.18,0.08,0.13,0.0,0.91,0.57,0.0,skip,"(-0.1, 1.0]","(0.0, 0.2]"
BTC,2026-07-10 12:10:00+00:00,trend_pullback,1,-1.6018337761887518,0,0.15,0.68,0.38,0.0,2.95,0.78,0.01,skip,"(-0.1, 1.0]","(0.0, 0.2]"
BTC,2026-07-10 12:20:00+00:00,trend_pullback,1,-1.5921892903044998,0,0.18,0.84,0.36,0.0,2.45,1.02,0.01,wait,"(1.0, 1.5]","(0.0, 0.2]"
BTC,2026-07-10 12:25:00+00:00,trend_pullback,1,-1.6074625984805433,0,0.25,0.84,0.33,0.0,1.97,1.43,0.05,wait,"(1.0, 1.5]","(0.2, 0.4]"
BTC,2026-07-10 23:05:00+00:00,trend_pullback,1,0.7757276959893863,1,0.28,0.17,0.15,0.0,0.27,0.99,0.01,wait,"(-0.1, 1.0]","(0.2, 0.4]"
BTC,2026-07-10 23:10:00+00:00,trend_pullback,1,0.8021648168240204,1,0.22,0.09,0.13,0.01,0.89,0.91,0.02,skip,"(-0.1, 1.0]","(0.2, 0.4]"
BTC,2026-07-10 23:50:00+00:00,trend_pullback,1,-2.2116756147929157,0,0.34,0.23,0.15,0.01,1.46,1.14,0.04,wait,"(1.0, 1.5]","(0.2, 0.4]"
BTC,2026-07-10 23:55:00+00:00,trend_pullback,1,-2.231041560774043,0,0.27,0.22,0.14,0.01,1.89,1.02,0.02,skip,"(1.0, 1.5]","(0.2, 0.4]"
BTC,2026-07-11 00:25:00+00:00,trend_pullback,1,-2.232429524871447,0,0.24,0.08,0.14,0.34,0.7,0.71,0.01,skip,"(-0.1, 1.0]","(0.2, 0.4]"
BTC,2026-07-11 00:40:00+00:00,trend_pullback,1,-2.1683515479112403,0,0.19,0.09,0.14,0.0,0.46,0.66,0.01,skip,"(-0.1, 1.0]","(0.0, 0.2]"
BTC,2026-07-11 00:50:00+00:00,trend_pullback,1,0.7627901894789032,1,0.17,0.08,0.14,0.0,0.36,0.55,0.01,skip,"(-0.1, 1.0]","(0.0, 0.2]"
BTC,2026-07-11 01:00:00+00:00,trend_pullback,1,0.7151921720138573,1,0.23,0.21,0.15,0.0,1.7,0.86,0.02,skip,"(-0.1, 1.0]","(0.2, 0.4]"
BTC,2026-07-11 01:10:00+00:00,trend_pullback,1,0.6875382673460216,1,0.24,0.2,0.13,0.0,0.99,0.87,0.02,skip,"(-0.1, 1.0]","(0.2, 0.4]"
BTC,2026-07-11 01:15:00+00:00,trend_pullback,1,0.7013290698659015,1,0.24,0.22,0.15,0.01,1.69,1.16,0.03,skip,"(1.0, 1.5]","(0.2, 0.4]"
BTC,2026-07-11 03:05:00+00:00,trend_pullback,1,-2.2620505172718963,0,0.35,0.12,0.15,0.0,1.04,1.02,0.04,wait,"(1.0, 1.5]","(0.2, 0.4]"
BTC,2026-07-11 03:30:00+00:00,trend_pullback,1,-2.2622761125966764,0,0.33,0.08,0.13,0.0,0.84,0.89,0.04,skip,"(-0.1, 1.0]","(0.2, 0.4]"
BTC,2026-07-11 03:35:00+00:00,trend_pullback,1,-2.288522388722751,0,0.18,0.09,0.14,0.0,1.0,0.79,0.01,skip,"(-0.1, 1.0]","(0.0, 0.2]"
BTC,2026-07-11 03:45:00+00:00,trend_pullback,1,-2.3677768480893047,0,0.23,0.2,0.13,0.0,0.37,0.92,0.01,wait,"(-0.1, 1.0]","(0.2, 0.4]"
BTC,2026-07-11 04:20:00+00:00,trend_pullback,1,0.5559009737831969,1,0.17,0.28,0.14,0.0,0.83,0.69,0.01,skip,"(-0.1, 1.0]","(0.0, 0.2]"
BTC,2026-07-11 04:30:00+00:00,trend_pullback,1,-2.5040682718002687,0,0.17,0.12,0.14,0.0,0.93,0.67,0.01,skip,"(-0.1, 1.0]","(0.0, 0.2]"
BTC,2026-07-11 04:45:00+00:00,trend_pullback,1,-2.5381392251541572,0,0.23,0.21,0.14,0.0,0.6,0.9,0.02,skip,"(-0.1, 1.0]","(0.2, 0.4]"
BTC,2026-07-11 04:55:00+00:00,trend_pullback,1,0.537490759508541,1,0.19,0.2,0.14,0.0,0.99,0.69,0.01,skip,"(-0.1, 1.0]","(0.0, 0.2]"
BTC,2026-07-11 05:00:00+00:00,trend_pullback,1,-2.531216400080195,0,0.2,0.27,0.15,0.0,1.66,0.69,0.0,skip,"(-0.1, 1.0]","(0.0, 0.2]"
BTC,2026-07-11 05:05:00+00:00,trend_pullback,1,-2.53989846927741,0,0.18,0.29,0.14,0.0,2.02,0.73,0.01,skip,"(-0.1, 1.0]","(0.0, 0.2]"
BTC,2026-07-11 05:20:00+00:00,trend_pullback,1,-2.524374852240193,0,0.23,0.27,0.15,0.0,0.79,1.02,0.03,wait,"(1.0, 1.5]","(0.2, 0.4]"
BTC,2026-07-11 05:30:00+00:00,trend_pullback,1,-2.564415789279336,0,0.26,0.29,0.15,0.01,2.04,1.11,0.02,wait,"(1.0, 1.5]","(0.2, 0.4]"
BTC,2026-07-11 05:40:00+00:00,trend_pullback,1,-2.5811286706919496,0,0.27,0.24,0.13,0.01,2.73,0.94,0.01,skip,"(-0.1, 1.0]","(0.2, 0.4]"
BTC,2026-07-11 05:50:00+00:00,trend_pullback,1,-2.5330724567307503,0,0.23,0.25,0.14,0.0,0.02,0.94,0.01,wait,"(-0.1, 1.0]","(0.2, 0.4]"
BTC,2026-07-11 05:55:00+00:00,trend_pullback,1,-2.5959665665989107,0,0.18,0.08,0.13,0.0,0.15,0.56,0.0,skip,"(-0.1, 1.0]","(0.0, 0.2]"
BTC,2026-07-11 06:05:00+00:00,trend_pullback,1,0.5086122157166943,1,0.2,0.09,0.14,0.0,0.09,0.64,0.01,skip,"(-0.1, 1.0]","(0.0, 0.2]"
BTC,2026-07-11 06:15:00+00:00,trend_pullback,1,0.503710612636851,1,0.14,0.12,0.13,0.0,1.16,0.65,0.01,skip,"(-0.1, 1.0]","(0.0, 0.2]"
BTC,2026-07-11 06:50:00+00:00,trend_pullback,1,-2.60307790557925,0,0.22,0.12,0.15,0.0,1.76,0.99,0.02,skip,"(-0.1, 1.0]","(0.2, 0.4]"
BTC,2026-07-11 07:05:00+00:00,trend_pullback,1,-2.694154171344781,0,0.26,0.21,0.13,0.0,0.65,0.97,0.01,wait,"(-0.1, 1.0]","(0.2, 0.4]"
BTC,2026-07-11 07:35:00+00:00,trend_pullback,1,-2.8187507036366757,0,0.22,0.11,0.14,0.0,0.12,0.74,0.01,wait,"(-0.1, 1.0]","(0.2, 0.4]"
BTC,2026-07-11 08:50:00+00:00,trend_pullback,1,-3.1289432447973278,0,0.21,0.12,0.14,0.0,2.05,0.89,0.01,skip,"(-0.1, 1.0]","(0.2, 0.4]"
BTC,2026-07-11 09:15:00+00:00,trend_pullback,1,0.12533465848051528,1,0.31,0.12,0.14,0.0,0.68,1.02,0.05,skip,"(1.0, 1.5]","(0.2, 0.4]"
BTC,2026-07-11 09:20:00+00:00,trend_pullback,1,-3.2163702519733337,0,0.18,0.12,0.15,0.0,1.41,0.84,0.01,skip,"(-0.1, 1.0]","(0.0, 0.2]"
BTC,2026-07-11 09:35:00+00:00,trend_pullback,1,-2.9344641374058793,0,0.19,0.12,0.14,0.0,1.84,0.95,0.01,skip,"(-0.1, 1.0]","(0.0, 0.2]"
BTC,2026-07-11 18:05:00+00:00,trend_pullback,1,0.7961447898584666,1,0.32,0.4,0.14,0.0,1.62,0.97,0.01,wait,"(-0.1, 1.0]","(0.2, 0.4]"
BTC,2026-07-11 18:15:00+00:00,trend_pullback,1,-2.1630578463237478,0,0.16,0.22,0.14,0.0,1.44,0.79,0.01,skip,"(-0.1, 1.0]","(0.0, 0.2]"
BTC,2026-07-11 18:55:00+00:00,trend_pullback,1,-2.386581504850134,0,0.15,0.15,0.15,0.0,0.36,0.46,0.0,skip,"(-0.1, 1.0]","(0.0, 0.2]"
BTC,2026-07-11 19:10:00+00:00,trend_pullback,1,-2.534984089128525,0,0.22,0.33,0.14,0.01,1.02,0.73,0.01,skip,"(-0.1, 1.0]","(0.2, 0.4]"
BTC,2026-07-11 19:15:00+00:00,trend_pullback,1,-2.592523502554384,0,0.14,0.08,0.13,0.0,1.16,0.41,0.0,skip,"(-0.1, 1.0]","(0.0, 0.2]"
BTC,2026-07-11 19:20:00+00:00,trend_pullback,1,-2.6566041587692975,0,0.15,0.11,0.14,0.01,1.74,0.57,0.0,skip,"(-0.1, 1.0]","(0.0, 0.2]"
BTC,2026-07-11 21:15:00+00:00,trend_pullback,1,-2.8138358068191187,0,0.34,0.2,0.14,0.0,1.23,1.13,0.07,skip,"(1.0, 1.5]","(0.2, 0.4]"
BTC,2026-07-11 21:45:00+00:00,trend_pullback,1,-3.184617836766287,0,0.16,0.06,0.13,0.0,0.22,0.5,0.0,skip,"(-0.1, 1.0]","(0.0, 0.2]"
BTC,2026-07-11 22:00:00+00:00,trend_pullback,1,-3.2231614750609214,0,0.28,0.17,0.14,0.0,1.3,0.82,0.01,skip,"(-0.1, 1.0]","(0.2, 0.4]"
BTC,2026-07-11 22:05:00+00:00,trend_pullback,1,-3.1050788121024913,0,0.21,0.22,0.14,0.0,1.85,0.89,0.01,skip,"(-0.1, 1.0]","(0.2, 0.4]"
BTC,2026-07-11 22:15:00+00:00,trend_pullback,1,-2.941847120437355,0,0.25,0.24,0.14,0.02,1.39,0.74,0.01,skip,"(-0.1, 1.0]","(0.2, 0.4]"
BTC,2026-07-12 12:40:00+00:00,trend_pullback,1,-2.362561847873435,0,0.23,0.31,0.14,0.01,0.41,0.93,0.01,skip,"(-0.1, 1.0]","(0.2, 0.4]"
BTC,2026-07-12 13:00:00+00:00,trend_pullback,1,-2.466557105072472,0,0.25,0.17,0.15,0.01,1.35,0.93,0.01,wait,"(-0.1, 1.0]","(0.2, 0.4]"
BTC,2026-07-12 13:15:00+00:00,trend_pullback,1,-2.456672169164241,0,0.2,0.77,0.15,0.01,1.86,0.9,0.02,skip,"(-0.1, 1.0]","(0.0, 0.2]"
BTC,2026-07-12 13:25:00+00:00,trend_pullback,1,-2.441190809002,0,0.22,0.83,0.14,0.01,0.28,0.93,0.01,skip,"(-0.1, 1.0]","(0.2, 0.4]"
BTC,2026-07-12 13:30:00+00:00,trend_pullback,1,-2.491036395021705,0,0.27,0.84,0.15,0.01,0.47,1.01,0.01,skip,"(1.0, 1.5]","(0.2, 0.4]"
BTC,2026-07-12 14:00:00+00:00,trend_pullback,1,-2.631260590065654,0,0.15,0.25,0.14,0.01,0.92,0.5,0.0,skip,"(-0.1, 1.0]","(0.0, 0.2]"
BTC,2026-07-12 15:35:00+00:00,trend_pullback,1,-2.162862771922934,0,0.37,0.8,0.14,0.01,1.91,1.22,0.05,wait,"(1.0, 1.5]","(0.2, 0.4]"
BTC,2026-07-12 15:40:00+00:00,trend_pullback,1,-2.1901061945617086,0,0.37,0.32,0.14,0.01,1.96,1.08,0.04,wait,"(1.0, 1.5]","(0.2, 0.4]"
BTC,2026-07-12 15:45:00+00:00,trend_pullback,1,-2.189429647800739,0,0.24,0.82,0.15,0.01,1.02,1.0,0.01,skip,"(-0.1, 1.0]","(0.2, 0.4]"
BTC,2026-07-12 16:05:00+00:00,trend_pullback,1,-2.2424056330909807,0,0.25,0.33,0.15,0.0,0.86,0.99,0.02,skip,"(-0.1, 1.0]","(0.2, 0.4]"
BTC,2026-07-12 16:20:00+00:00,trend_pullback,1,-2.081953636214627,0,0.21,0.83,0.13,0.01,1.21,0.81,0.02,skip,"(-0.1, 1.0]","(0.2, 0.4]"
BTC,2026-07-12 16:25:00+00:00,trend_pullback,1,-2.104478944739507,0,0.15,0.37,0.14,0.0,1.54,0.68,0.01,skip,"(-0.1, 1.0]","(0.0, 0.2]"
BTC,2026-07-12 16:45:00+00:00,trend_pullback,1,-2.229061489796245,0,0.16,0.31,0.14,0.0,0.63,0.54,0.01,skip,"(-0.1, 1.0]","(0.0, 0.2]"
BTC,2026-07-12 16:55:00+00:00,trend_pullback,1,-2.2331888489063214,0,0.18,0.34,0.14,0.0,1.0,0.63,0.01,skip,"(-0.1, 1.0]","(0.0, 0.2]"
BTC,2026-07-12 17:05:00+00:00,trend_pullback,1,-2.3232188176600017,0,0.18,0.33,0.14,0.0,1.96,0.68,0.01,skip,"(-0.1, 1.0]","(0.0, 0.2]"
BTC,2026-07-12 17:15:00+00:00,trend_pullback,1,-2.392532243361066,0,0.14,0.14,0.14,0.0,1.21,0.61,0.01,skip,"(-0.1, 1.0]","(0.0, 0.2]"
BTC,2026-07-12 17:30:00+00:00,trend_pullback,1,-2.5174115989050097,0,0.13,0.3,0.13,0.01,0.26,0.4,0.0,skip,"(-0.1, 1.0]","(0.0, 0.2]"
BTC,2026-07-12 17:35:00+00:00,trend_pullback,1,-2.5530585682938307,0,0.13,0.15,0.14,0.0,1.43,0.43,0.0,skip,"(-0.1, 1.0]","(0.0, 0.2]"
BTC,2026-07-12 19:45:00+00:00,trend_pullback,1,0.09999974101655736,1,0.17,0.12,0.15,0.01,1.26,0.78,0.01,skip,"(-0.1, 1.0]","(0.0, 0.2]"
BTC,2026-07-12 19:50:00+00:00,trend_pullback,1,-2.882340480759852,0,0.09,0.34,0.13,0.01,2.29,0.5,0.0,skip,"(-0.1, 1.0]","(0.0, 0.2]"
BTC,2026-07-12 20:15:00+00:00,trend_pullback,1,-2.9229511470879057,0,0.25,0.11,0.14,0.0,1.41,0.88,0.01,skip,"(-0.1, 1.0]","(0.2, 0.4]"
BTC,2026-07-12 20:35:00+00:00,trend_pullback,1,-3.1046109299694917,0,0.28,0.12,0.15,0.01,1.47,0.96,0.02,skip,"(-0.1, 1.0]","(0.2, 0.4]"
BTC,2026-07-12 20:40:00+00:00,trend_pullback,1,-3.102665597995928,0,0.24,0.27,0.14,0.01,0.8,1.01,0.02,skip,"(1.0, 1.5]","(0.2, 0.4]"
BTC,2026-07-12 21:00:00+00:00,trend_pullback,1,-3.2109985247646886,0,0.27,0.22,0.15,0.0,1.52,1.07,0.03,skip,"(1.0, 1.5]","(0.2, 0.4]"
BTC,2026-07-12 21:10:00+00:00,trend_pullback,1,-3.251501726280657,0,0.23,0.19,0.13,0.01,1.25,0.78,0.01,skip,"(-0.1, 1.0]","(0.2, 0.4]"
BTC,2026-07-13 09:25:00+00:00,trend_pullback,1,-1.9363349590184822,0,0.3,0.11,0.14,1.09,0.36,0.99,0.02,wait,"(-0.1, 1.0]","(0.2, 0.4]"
BTC,2026-07-13 09:30:00+00:00,trend_pullback,1,-1.9588185827650817,0,0.29,0.25,0.14,1.12,1.18,1.16,0.02,wait,"(1.0, 1.5]","(0.2, 0.4]"
BTC,2026-07-13 09:45:00+00:00,trend_pullback,1,-2.0873999752364667,0,0.51,0.23,0.13,1.06,1.65,1.28,0.07,wait,"(1.0, 1.5]","(0.4, 0.6]"
BTC,2026-07-13 09:50:00+00:00,trend_pullback,1,-2.1289117116350385,0,0.34,0.11,0.14,1.06,0.52,0.99,0.01,wait,"(-0.1, 1.0]","(0.2, 0.4]"
BTC,2026-07-13 10:00:00+00:00,trend_pullback,1,-2.2152031741259828,0,0.15,0.09,0.13,1.26,0.0,0.44,0.0,skip,"(-0.1, 1.0]","(0.0, 0.2]"
BTC,2026-07-13 10:15:00+00:00,trend_pullback,1,-2.3067591850264813,0,0.25,0.17,0.14,1.28,0.11,0.8,0.01,skip,"(-0.1, 1.0]","(0.2, 0.4]"
BTC,2026-07-13 10:25:00+00:00,trend_pullback,1,-2.322083336917335,0,0.23,0.1,0.13,1.23,0.36,0.62,0.0,skip,"(-0.1, 1.0]","(0.2, 0.4]"
BTC,2026-07-14 00:45:00+00:00,trend_pullback,1,1.0661173877320647,1,0.29,0.34,0.34,1.08,0.89,1.44,0.08,wait,"(1.0, 1.5]","(0.2, 0.4]"
BTC,2026-07-14 01:50:00+00:00,trend_pullback,1,-1.7059607797674186,0,0.32,0.82,0.15,1.07,0.46,1.15,0.03,wait,"(1.0, 1.5]","(0.2, 0.4]"
BTC,2026-07-14 02:35:00+00:00,trend_pullback,1,1.0271867426723964,1,0.23,0.16,0.14,0.0,0.58,0.89,0.02,skip,"(-0.1, 1.0]","(0.2, 0.4]"
BTC,2026-07-14 02:55:00+00:00,trend_pullback,1,-1.8001250320577673,0,0.29,0.15,0.14,0.01,0.54,0.95,0.01,wait,"(-0.1, 1.0]","(0.2, 0.4]"
BTC,2026-07-14 03:35:00+00:00,trend_pullback,1,-1.7361729735014397,0,0.17,0.15,0.14,0.0,0.36,0.62,0.01,skip,"(-0.1, 1.0]","(0.0, 0.2]"
BTC,2026-07-14 03:45:00+00:00,trend_pullback,1,1.029922805924628,1,0.17,0.16,0.14,0.0,0.39,0.62,0.01,skip,"(-0.1, 1.0]","(0.0, 0.2]"
BTC,2026-07-14 05:40:00+00:00,trend_pullback,1,-1.952991214258043,0,0.41,0.11,0.14,0.01,1.65,1.09,0.04,wait,"(1.0, 1.5]","(0.4, 0.6]"
BTC,2026-07-14 05:50:00+00:00,trend_pullback,1,-1.9949253441654127,0,0.23,0.1,0.14,0.01,1.13,0.75,0.01,skip,"(-0.1, 1.0]","(0.2, 0.4]"
BTC,2026-07-14 05:55:00+00:00,trend_pullback,1,-2.026088686704827,0,0.2,0.2,0.13,0.01,2.38,0.62,0.01,skip,"(-0.1, 1.0]","(0.0, 0.2]"
BTC,2026-07-14 06:30:00+00:00,trend_pullback,1,-2.070928275280883,0,0.19,0.09,0.14,0.0,0.83,0.67,0.01,skip,"(-0.1, 1.0]","(0.0, 0.2]"
BTC,2026-07-14 09:00:00+00:00,trend_pullback,1,-2.041298481179159,0,0.23,0.23,0.14,0.01,2.0,0.97,0.01,skip,"(-0.1, 1.0]","(0.2, 0.4]"
BTC,2026-07-14 09:10:00+00:00,trend_pullback,1,-2.055929752227303,0,0.27,0.09,0.14,0.0,1.81,0.86,0.01,skip,"(-0.1, 1.0]","(0.2, 0.4]"
BTC,2026-07-14 09:20:00+00:00,trend_pullback,1,-2.036414279360613,0,0.26,0.25,0.15,0.01,0.36,0.95,0.01,wait,"(-0.1, 1.0]","(0.2, 0.4]"
BTC,2026-07-14 10:35:00+00:00,trend_pullback,1,0.8916126691679812,1,0.16,0.84,0.15,0.0,1.9,0.84,0.01,skip,"(-0.1, 1.0]","(0.0, 0.2]"
BTC,2026-07-14 11:05:00+00:00,trend_pullback,1,0.9532135745945494,1,0.29,0.83,0.13,0.01,1.42,0.95,0.01,wait,"(-0.1, 1.0]","(0.2, 0.4]"
BTC,2026-07-14 11:10:00+00:00,trend_pullback,1,0.9530800283627634,1,0.25,0.34,0.15,0.01,0.44,0.99,0.01,skip,"(-0.1, 1.0]","(0.2, 0.4]"
BTC,2026-07-14 11:20:00+00:00,trend_pullback,1,0.942488231350267,1,0.19,0.35,0.14,0.01,2.36,0.84,0.01,skip,"(-0.1, 1.0]","(0.0, 0.2]"
BTC,2026-07-14 12:10:00+00:00,trend_pullback,1,0.8830811173308928,1,0.17,0.32,0.14,0.01,1.3,0.83,0.01,skip,"(-0.1, 1.0]","(0.0, 0.2]"
BTC,2026-07-14 12:15:00+00:00,trend_pullback,1,0.9171181958938686,1,0.14,0.83,0.14,0.01,1.88,0.78,0.01,skip,"(-0.1, 1.0]","(0.0, 0.2]"
BTC,2026-07-14 12:30:00+00:00,trend_pullback,1,1.1854560522222597,1,0.07,0.31,0.34,0.01,2.86,0.35,0.0,skip,"(-0.1, 1.0]","(0.0, 0.2]"
BTC,2026-07-14 14:05:00+00:00,trend_pullback,1,1.2693880477751904,1,0.38,0.39,0.37,0.0,1.7,1.55,0.17,wait,"(1.5, 2.0]","(0.2, 0.4]"
BTC,2026-07-14 14:10:00+00:00,trend_pullback,1,1.2744982516742847,1,0.35,0.42,0.37,0.0,1.79,1.55,0.19,wait,"(1.5, 2.0]","(0.2, 0.4]"
BTC,2026-07-14 17:50:00+00:00,trend_pullback,1,-1.4855671010991094,0,0.25,0.36,0.34,0.09,1.01,1.28,0.06,wait,"(1.0, 1.5]","(0.2, 0.4]"
BTC,2026-07-14 18:30:00+00:00,trend_pullback,1,-1.605706916335328,0,0.2,0.09,0.25,0.16,0.5,0.87,0.01,skip,"(-0.1, 1.0]","(0.0, 0.2]"
BTC,2026-07-14 18:35:00+00:00,trend_pullback,1,-1.6005285999076038,0,0.15,0.14,0.28,0.0,2.02,0.86,0.01,skip,"(-0.1, 1.0]","(0.0, 0.2]"
BTC,2026-07-14 18:45:00+00:00,trend_pullback,1,-1.6193703396798562,0,0.18,0.12,0.28,0.0,1.78,0.81,0.01,wait,"(-0.1, 1.0]","(0.0, 0.2]"
BTC,2026-07-14 18:55:00+00:00,trend_pullback,1,-1.6774024133941885,0,0.19,0.09,0.28,0.0,1.06,0.82,0.01,wait,"(-0.1, 1.0]","(0.0, 0.2]"
BTC,2026-07-14 19:00:00+00:00,trend_pullback,1,-1.6913293051671543,0,0.22,0.09,0.29,0.0,1.29,0.98,0.01,wait,"(-0.1, 1.0]","(0.2, 0.4]"
BTC,2026-07-14 19:10:00+00:00,trend_pullback,1,-1.7151936559128396,0,0.17,0.09,0.13,0.0,1.82,0.66,0.01,skip,"(-0.1, 1.0]","(0.0, 0.2]"
BTC,2026-07-14 19:20:00+00:00,trend_pullback,1,-1.7063825080054205,0,0.2,0.11,0.14,0.0,1.47,0.76,0.01,skip,"(-0.1, 1.0]","(0.0, 0.2]"
BTC,2026-07-14 19:45:00+00:00,trend_pullback,1,-1.7966096929602966,0,0.16,0.08,0.13,0.0,1.03,0.71,0.01,skip,"(-0.1, 1.0]","(0.0, 0.2]"
BTC,2026-07-14 19:50:00+00:00,trend_pullback,1,-1.8021027037489876,0,0.19,0.08,0.13,0.0,1.56,0.79,0.01,skip,"(-0.1, 1.0]","(0.0, 0.2]"
BTC,2026-07-14 20:50:00+00:00,trend_pullback,1,0.8601080583608592,1,0.18,0.08,0.13,0.33,0.54,0.61,0.0,skip,"(-0.1, 1.0]","(0.0, 0.2]"
BTC,2026-07-14 20:55:00+00:00,trend_pullback,1,0.8804208223100097,1,0.2,0.2,0.14,0.01,1.55,0.8,0.01,skip,"(-0.1, 1.0]","(0.0, 0.2]"
BTC,2026-07-14 21:55:00+00:00,trend_pullback,1,-1.9314191651210912,0,0.3,0.19,0.13,0.0,1.65,1.18,0.04,wait,"(1.0, 1.5]","(0.2, 0.4]"
BTC,2026-07-14 22:15:00+00:00,trend_pullback,1,1.017370773153822,1,0.13,0.33,0.16,0.0,1.68,0.76,0.01,skip,"(-0.1, 1.0]","(0.0, 0.2]"
BTC,2026-07-14 23:05:00+00:00,trend_pullback,1,1.0823642170064085,1,0.32,0.25,0.31,0.0,1.49,1.72,0.11,wait,"(1.5, 2.0]","(0.2, 0.4]"
BTC,2026-07-15 04:30:00+00:00,trend_pullback,1,-1.977164523656684,0,0.34,0.83,0.14,0.0,1.99,1.25,0.03,wait,"(1.0, 1.5]","(0.2, 0.4]"
BTC,2026-07-15 14:00:00+00:00,trend_pullback,1,1.2582940918260048,1,0.21,0.39,0.37,0.0,1.74,1.12,0.03,wait,"(1.0, 1.5]","(0.2, 0.4]"
BTC,2026-07-15 14:15:00+00:00,trend_pullback,1,-1.397084007858595,0,0.17,0.42,0.38,0.0,2.18,1.05,0.02,skip,"(1.0, 1.5]","(0.0, 0.2]"
BTC,2026-07-15 14:25:00+00:00,trend_pullback,1,1.2720620501653774,1,0.28,0.4,0.35,0.0,1.54,1.36,0.05,wait,"(1.0, 1.5]","(0.2, 0.4]"
BTC,2026-07-15 14:45:00+00:00,trend_pullback,1,-1.3703553515750653,0,0.22,0.23,0.39,0.0,2.07,1.24,0.03,wait,"(1.0, 1.5]","(0.2, 0.4]"
BTC,2026-07-15 15:05:00+00:00,trend_pullback,1,-1.3957360895446065,0,0.18,0.22,0.33,0.0,1.49,1.0,0.02,skip,"(-0.1, 1.0]","(0.0, 0.2]"
BTC,2026-07-15 15:15:00+00:00,trend_pullback,1,-1.418888486671777,0,0.21,0.39,0.37,0.0,2.3,1.18,0.02,wait,"(1.0, 1.5]","(0.2, 0.4]"
BTC,2026-07-15 15:25:00+00:00,trend_pullback,1,-1.4295021478644614,0,0.2,0.85,0.29,0.0,1.31,1.1,0.02,wait,"(1.0, 1.5]","(0.0, 0.2]"
BTC,2026-07-15 15:30:00+00:00,trend_pullback,1,-1.4205733157407232,0,0.21,0.84,0.36,0.0,1.49,1.29,0.03,wait,"(1.0, 1.5]","(0.2, 0.4]"
BTC,2026-07-15 15:55:00+00:00,trend_pullback,1,-1.4583397671200695,0,0.25,0.84,0.29,0.0,1.56,1.12,0.03,wait,"(1.0, 1.5]","(0.2, 0.4]"
BTC,2026-07-16 06:15:00+00:00,trend_pullback,1,-1.9240611809357284,0,0.2,0.32,0.15,0.0,1.2,0.83,0.01,skip,"(-0.1, 1.0]","(0.0, 0.2]"
BTC,2026-07-16 15:15:00+00:00,trend_pullback,1,1.220574246797206,1,0.34,0.38,0.28,0.01,0.94,1.34,0.08,wait,"(1.0, 1.5]","(0.2, 0.4]"
BTC,2026-07-16 15:20:00+00:00,trend_pullback,1,1.2257136348632331,1,0.15,0.86,0.4,0.0,1.4,1.03,0.02,wait,"(1.0, 1.5]","(0.0, 0.2]"
BTC,2026-07-16 15:45:00+00:00,trend_pullback,1,-1.4543984723954217,0,0.26,0.37,0.36,0.01,2.28,1.33,0.02,wait,"(1.0, 1.5]","(0.2, 0.4]"
BTC,2026-07-17 11:30:00+00:00,trend_pullback,1,0.7906476605397007,1,0.27,0.13,0.14,1.43,1.77,0.96,0.01,skip,"(-0.1, 1.0]","(0.2, 0.4]"
BTC,2026-07-17 12:20:00+00:00,trend_pullback,1,-1.9702367073897977,0,0.32,0.27,0.14,1.07,1.11,1.21,0.03,wait,"(1.0, 1.5]","(0.2, 0.4]"
BTC,2026-07-17 16:25:00+00:00,trend_pullback,1,1.2302681711674193,1,0.23,0.23,0.34,0.01,1.77,1.35,0.04,wait,"(1.0, 1.5]","(0.2, 0.4]"
BTC,2026-07-17 16:35:00+00:00,trend_pullback,1,1.220287152725884,1,0.16,0.39,0.29,0.0,1.63,1.12,0.02,wait,"(1.0, 1.5]","(0.0, 0.2]"
BTC,2026-07-17 18:25:00+00:00,trend_pullback,1,1.1742926442137456,1,0.44,0.36,0.36,0.02,1.93,1.59,0.13,wait,"(1.5, 2.0]","(0.4, 0.6]"
BTC,2026-07-17 18:30:00+00:00,trend_pullback,1,1.1613720963110272,1,0.26,0.34,0.35,0.01,0.99,1.38,0.09,wait,"(1.0, 1.5]","(0.2, 0.4]"
BTC,2026-07-17 19:25:00+00:00,trend_pullback,1,-1.578710733967727,0,0.19,0.33,0.38,0.0,0.42,0.96,0.01,wait,"(-0.1, 1.0]","(0.0, 0.2]"
BTC,2026-07-17 19:30:00+00:00,trend_pullback,1,-1.598926746666505,0,0.19,0.85,0.35,0.0,1.37,0.84,0.01,wait,"(-0.1, 1.0]","(0.0, 0.2]"
BTC,2026-07-17 19:35:00+00:00,trend_pullback,1,-1.6019300816206208,0,0.22,0.35,0.32,0.0,2.08,1.03,0.02,wait,"(1.0, 1.5]","(0.2, 0.4]"
BTC,2026-07-17 19:40:00+00:00,trend_pullback,1,-1.617256084671413,0,0.18,0.09,0.28,0.0,1.75,0.98,0.02,skip,"(-0.1, 1.0]","(0.0, 0.2]"
BTC,2026-07-17 20:40:00+00:00,trend_pullback,1,-1.7861289684136668,0,0.2,0.12,0.13,0.0,0.95,0.79,0.01,skip,"(-0.1, 1.0]","(0.0, 0.2]"
BTC,2026-07-17 20:50:00+00:00,trend_pullback,1,-1.7591202992822237,0,0.12,0.09,0.14,0.0,1.68,0.66,0.01,skip,"(-0.1, 1.0]","(0.0, 0.2]"
BTC,2026-07-17 21:20:00+00:00,trend_pullback,1,-1.89680582562734,0,0.2,0.08,0.13,0.0,1.88,0.74,0.01,skip,"(-0.1, 1.0]","(0.0, 0.2]"
BTC,2026-07-17 21:55:00+00:00,trend_pullback,1,-2.086113676144423,0,0.22,0.18,0.14,0.0,1.73,0.78,0.01,skip,"(-0.1, 1.0]","(0.2, 0.4]"
BTC,2026-07-18 02:35:00+00:00,trend_pullback,1,-2.9397583104269716,0,0.15,0.25,0.14,0.01,2.63,0.73,0.0,skip,"(-0.1, 1.0]","(0.0, 0.2]"
BTC,2026-07-18 02:50:00+00:00,trend_pullback,1,-2.9159147390334637,0,0.3,0.21,0.14,0.0,0.28,0.96,0.02,wait,"(-0.1, 1.0]","(0.2, 0.4]"
BTC,2026-07-18 03:05:00+00:00,trend_pullback,1,-3.053908238764241,0,0.16,0.17,0.13,0.0,0.2,0.52,0.01,skip,"(-0.1, 1.0]","(0.0, 0.2]"
BTC,2026-07-18 03:10:00+00:00,trend_pullback,1,-2.989932850494425,0,0.18,0.23,0.13,0.0,0.99,0.71,0.01,skip,"(-0.1, 1.0]","(0.0, 0.2]"
BTC,2026-07-18 04:15:00+00:00,trend_pullback,1,-3.365258398678297,0,0.25,0.19,0.13,0.0,2.76,0.87,0.01,skip,"(-0.1, 1.0]","(0.2, 0.4]"
BTC,2026-07-18 04:25:00+00:00,trend_pullback,1,-3.2079108597749535,0,0.31,0.12,0.14,0.0,1.01,0.93,0.03,skip,"(-0.1, 1.0]","(0.2, 0.4]"
BTC,2026-07-18 06:45:00+00:00,trend_pullback,1,-0.5397260185987577,1,0.18,0.17,0.14,0.0,0.86,0.7,0.01,skip,"(-0.1, 1.0]","(0.0, 0.2]"
BTC,2026-07-18 07:05:00+00:00,trend_pullback,1,-0.7068164056303503,1,0.24,0.18,0.14,0.0,0.73,0.99,0.04,skip,"(-0.1, 1.0]","(0.2, 0.4]"
BTC,2026-07-18 08:20:00+00:00,trend_pullback,1,-4.672863002555208,0,0.25,0.29,0.14,0.2,1.16,0.86,0.02,skip,"(-0.1, 1.0]","(0.2, 0.4]"
BTC,2026-07-18 08:25:00+00:00,trend_pullback,1,-4.442457787439847,0,0.17,0.31,0.14,0.01,1.97,0.67,0.0,skip,"(-0.1, 1.0]","(0.0, 0.2]"
BTC,2026-07-18 08:45:00+00:00,trend_pullback,1,-4.468870444122413,0,0.43,0.22,0.14,0.0,0.46,1.13,0.11,wait,"(1.0, 1.5]","(0.4, 0.6]"
BTC,2026-07-18 08:55:00+00:00,trend_pullback,1,-4.619867855261061,0,0.18,0.31,0.15,0.01,1.85,0.73,0.01,skip,"(-0.1, 1.0]","(0.0, 0.2]"
BTC,2026-07-18 11:55:00+00:00,trend_pullback,1,-1.1039770925028591,1,0.12,0.33,0.15,0.0,2.41,0.59,0.0,skip,"(-0.1, 1.0]","(0.0, 0.2]"
BTC,2026-07-18 12:30:00+00:00,trend_pullback,1,0.32373073952985343,1,0.17,0.38,0.14,0.0,2.17,0.74,0.01,skip,"(-0.1, 1.0]","(0.0, 0.2]"
BTC,2026-07-18 14:00:00+00:00,trend_pullback,1,-2.387160840121336,0,0.19,0.39,0.14,0.01,1.79,0.75,0.01,skip,"(-0.1, 1.0]","(0.0, 0.2]"
BTC,2026-07-18 16:20:00+00:00,trend_pullback,1,0.2756714611253893,1,0.19,0.82,0.15,0.01,2.44,0.92,0.01,skip,"(-0.1, 1.0]","(0.0, 0.2]"
BTC,2026-07-18 16:25:00+00:00,trend_pullback,1,0.24511188333393785,1,0.21,0.82,0.14,0.01,1.97,0.92,0.01,skip,"(-0.1, 1.0]","(0.2, 0.4]"
BTC,2026-07-18 16:40:00+00:00,trend_pullback,1,0.15743988316498353,1,0.17,0.15,0.15,0.01,1.43,0.73,0.01,skip,"(-0.1, 1.0]","(0.0, 0.2]"
BTC,2026-07-18 16:50:00+00:00,trend_pullback,1,0.508355728799776,1,0.07,0.64,0.13,0.0,2.68,0.34,0.0,skip,"(-0.1, 1.0]","(0.0, 0.2]"
BTC,2026-07-18 19:30:00+00:00,trend_pullback,1,0.6865825117005748,1,0.38,0.36,0.15,0.0,1.7,1.31,0.09,wait,"(1.0, 1.5]","(0.2, 0.4]"
BTC,2026-07-18 20:05:00+00:00,trend_pullback,1,0.543806444426355,1,0.17,0.78,0.14,0.0,2.2,0.73,0.01,skip,"(-0.1, 1.0]","(0.0, 0.2]"
BTC,2026-07-18 20:50:00+00:00,trend_pullback,1,0.6647544896518831,1,0.1,0.88,0.13,0.0,2.12,0.62,0.0,skip,"(-0.1, 1.0]","(0.0, 0.2]"
BTC,2026-07-18 21:45:00+00:00,trend_pullback,1,0.7474923473383558,1,0.35,0.8,0.15,0.0,1.86,1.14,0.03,wait,"(1.0, 1.5]","(0.2, 0.4]"
BTC,2026-07-18 21:50:00+00:00,trend_pullback,1,-2.0699445815161783,0,0.14,0.82,0.15,0.0,1.87,0.96,0.02,skip,"(-0.1, 1.0]","(0.0, 0.2]"
BTC,2026-07-18 22:30:00+00:00,trend_pullback,1,0.7994516968943491,1,0.29,0.83,0.15,0.0,2.01,1.18,0.02,wait,"(1.0, 1.5]","(0.2, 0.4]"
BTC,2026-07-18 22:40:00+00:00,trend_pullback,1,-2.155098802290827,0,0.24,0.37,0.14,0.0,1.16,1.1,0.04,skip,"(1.0, 1.5]","(0.2, 0.4]"
BTC,2026-07-18 22:55:00+00:00,trend_pullback,1,-2.1130271361324935,0,0.16,0.63,0.14,0.0,2.08,0.72,0.01,skip,"(-0.1, 1.0]","(0.0, 0.2]"
BTC,2026-07-18 23:15:00+00:00,trend_pullback,1,0.7884847314284206,1,0.2,0.82,0.14,0.0,1.97,1.1,0.02,skip,"(1.0, 1.5]","(0.0, 0.2]"
BTC,2026-07-19 00:05:00+00:00,trend_pullback,1,-2.5288126223379637,0,0.23,0.83,0.15,0.0,2.17,1.17,0.02,wait,"(1.0, 1.5]","(0.2, 0.4]"
BTC,2026-07-19 00:20:00+00:00,trend_pullback,1,-2.582694199841801,0,0.14,0.25,0.13,0.0,2.98,0.6,0.0,skip,"(-0.1, 1.0]","(0.0, 0.2]"
BTC,2026-07-19 02:00:00+00:00,trend_pullback,1,0.0904892256447811,1,0.24,0.24,0.13,0.0,1.98,0.99,0.02,skip,"(-0.1, 1.0]","(0.2, 0.4]"
BTC,2026-07-19 02:20:00+00:00,trend_pullback,1,0.5886679895766975,1,0.41,0.36,0.15,0.0,1.63,1.34,0.05,wait,"(1.0, 1.5]","(0.4, 0.6]"
BTC,2026-07-19 02:30:00+00:00,trend_pullback,1,-2.3821845587374417,0,0.15,0.82,0.14,0.0,1.93,0.81,0.01,skip,"(-0.1, 1.0]","(0.0, 0.2]"
BTC,2026-07-19 02:45:00+00:00,trend_pullback,1,-2.376437423253012,0,0.44,0.87,0.15,0.0,1.68,1.36,0.09,wait,"(1.0, 1.5]","(0.4, 0.6]"
BTC,2026-07-19 02:50:00+00:00,trend_pullback,1,-2.3984146245859095,0,0.49,0.82,0.14,0.0,0.97,1.36,0.15,wait,"(1.0, 1.5]","(0.4, 0.6]"
BTC,2026-07-19 15:50:00+00:00,trend_pullback,1,-2.2660736496686398,0,0.27,0.16,0.14,0.0,0.07,0.85,0.01,wait,"(-0.1, 1.0]","(0.2, 0.4]"
BTC,2026-07-19 15:55:00+00:00,trend_pullback,1,-2.2996461269636455,0,0.43,0.85,0.15,0.0,1.71,1.22,0.05,wait,"(1.0, 1.5]","(0.4, 0.6]"
BTC,2026-07-19 16:00:00+00:00,trend_pullback,1,-2.2337281682193195,0,0.26,0.81,0.15,0.0,2.03,1.12,0.02,skip,"(1.0, 1.5]","(0.2, 0.4]"
BTC,2026-07-19 16:10:00+00:00,trend_pullback,1,-2.1336064959572463,0,0.23,0.19,0.14,0.0,0.03,0.79,0.01,skip,"(-0.1, 1.0]","(0.2, 0.4]"
BTC,2026-07-19 16:15:00+00:00,trend_pullback,1,-2.131626353442261,0,0.36,0.82,0.15,0.0,1.76,1.1,0.02,wait,"(1.0, 1.5]","(0.2, 0.4]"
BTC,2026-07-19 16:20:00+00:00,trend_pullback,1,-2.126816409239105,0,0.17,0.24,0.14,0.0,1.77,0.87,0.01,skip,"(-0.1, 1.0]","(0.0, 0.2]"
BTC,2026-07-19 16:40:00+00:00,trend_pullback,1,-2.1605298309754244,0,0.28,0.39,0.14,0.0,0.84,1.06,0.04,skip,"(1.0, 1.5]","(0.2, 0.4]"
BTC,2026-07-19 17:05:00+00:00,trend_pullback,1,0.8424837507616961,1,0.17,0.83,0.15,0.0,1.5,0.71,0.01,skip,"(-0.1, 1.0]","(0.0, 0.2]"
BTC,2026-07-19 17:10:00+00:00,trend_pullback,1,-1.9769994986891524,0,0.1,0.82,0.13,0.0,2.09,0.55,0.0,skip,"(-0.1, 1.0]","(0.0, 0.2]"
BTC,2026-07-19 23:05:00+00:00,trend_pullback,1,-1.738698099762522,0,0.39,0.83,0.14,0.0,0.99,1.29,0.1,wait,"(1.0, 1.5]","(0.2, 0.4]"
BTC,2026-07-19 23:10:00+00:00,trend_pullback,1,-1.7534159650021366,0,0.26,0.82,0.15,0.0,0.13,1.15,0.03,wait,"(1.0, 1.5]","(0.2, 0.4]"
BTC,2026-07-19 23:15:00+00:00,trend_pullback,1,-1.765478504454678,0,0.25,0.82,0.15,0.0,1.62,1.02,0.02,skip,"(1.0, 1.5]","(0.2, 0.4]"
BTC,2026-07-19 23:30:00+00:00,trend_pullback,1,-1.797597466543796,0,0.24,0.83,0.14,0.0,0.88,1.16,0.04,wait,"(1.0, 1.5]","(0.2, 0.4]"
BTC,2026-07-19 23:40:00+00:00,trend_pullback,1,-1.7525919599836255,0,0.22,0.83,0.14,0.0,1.18,1.17,0.05,skip,"(1.0, 1.5]","(0.2, 0.4]"
BTC,2026-07-19 23:50:00+00:00,trend_pullback,1,-1.7483968732083712,0,0.25,0.78,0.14,0.0,0.3,0.94,0.01,wait,"(-0.1, 1.0]","(0.2, 0.4]"
BTC,2026-07-19 23:55:00+00:00,trend_pullback,1,-1.766310515431334,0,0.22,0.82,0.14,0.0,0.06,0.83,0.01,skip,"(-0.1, 1.0]","(0.2, 0.4]"
BTC,2026-07-20 00:05:00+00:00,trend_pullback,1,1.09470823700041,1,0.19,0.85,0.36,0.0,1.5,1.39,0.05,wait,"(1.0, 1.5]","(0.0, 0.2]"
BTC,2026-07-20 00:35:00+00:00,trend_pullback,1,-1.5463882613323088,0,0.38,0.25,0.32,0.0,1.1,1.64,0.17,wait,"(1.5, 2.0]","(0.2, 0.4]"
BTC,2026-07-20 01:05:00+00:00,trend_pullback,1,-1.4417246332358225,0,0.16,0.42,0.36,0.37,1.58,0.87,0.01,skip,"(-0.1, 1.0]","(0.0, 0.2]"
BTC,2026-07-20 01:20:00+00:00,trend_pullback,1,-1.4094405052011385,0,0.19,0.37,0.36,0.0,0.25,0.81,0.01,wait,"(-0.1, 1.0]","(0.0, 0.2]"
BTC,2026-07-20 01:30:00+00:00,trend_pullback,1,-1.438882272619889,0,0.17,0.2,0.32,0.0,0.31,0.73,0.01,skip,"(-0.1, 1.0]","(0.0, 0.2]"
BTC,2026-07-20 01:35:00+00:00,trend_pullback,1,-1.4498807841433248,0,0.33,0.24,0.36,0.0,1.76,1.29,0.03,wait,"(1.0, 1.5]","(0.2, 0.4]"
BTC,2026-07-20 02:00:00+00:00,trend_pullback,1,-1.4010558760942218,0,0.19,0.42,0.38,0.0,1.17,1.05,0.05,skip,"(1.0, 1.5]","(0.0, 0.2]"
BTC,2026-07-20 03:00:00+00:00,trend_pullback,1,-1.4895224236649522,0,0.23,0.23,0.31,0.0,0.62,1.08,0.04,wait,"(1.0, 1.5]","(0.2, 0.4]"
BTC,2026-07-20 03:10:00+00:00,trend_pullback,1,-1.5174604908021816,0,0.27,0.38,0.33,0.0,1.46,1.36,0.03,wait,"(1.0, 1.5]","(0.2, 0.4]"
BTC,2026-07-20 03:35:00+00:00,trend_pullback,1,-1.5348612589761739,0,0.18,0.36,0.32,0.0,0.41,0.93,0.01,wait,"(-0.1, 1.0]","(0.0, 0.2]"
BTC,2026-07-20 03:40:00+00:00,trend_pullback,1,-1.5383559924682841,0,0.18,0.39,0.31,0.0,1.46,1.08,0.03,skip,"(1.0, 1.5]","(0.0, 0.2]"
BTC,2026-07-20 03:55:00+00:00,trend_pullback,1,-1.5830343550168637,0,0.26,0.88,0.32,0.0,1.31,1.24,0.03,wait,"(1.0, 1.5]","(0.2, 0.4]"
BTC,2026-07-20 11:25:00+00:00,trend_pullback,1,0.9436620276221791,1,0.34,0.09,0.14,0.0,1.03,0.98,0.03,skip,"(-0.1, 1.0]","(0.2, 0.4]"
BTC,2026-07-20 11:30:00+00:00,trend_pullback,1,1.101990523549651,1,0.07,0.79,0.31,0.01,2.79,0.3,0.0,skip,"(-0.1, 1.0]","(0.0, 0.2]"
BTC,2026-07-20 12:20:00+00:00,trend_pullback,1,-1.5368627696482646,0,0.38,0.88,0.37,0.02,2.12,1.58,0.06,wait,"(1.5, 2.0]","(0.2, 0.4]"
BTC,2026-07-20 12:30:00+00:00,trend_pullback,1,-1.5508505963686108,0,0.41,0.89,0.38,0.01,2.09,1.76,0.14,wait,"(1.5, 2.0]","(0.4, 0.6]"
BTC,2026-07-20 12:45:00+00:00,trend_pullback,1,-1.559715660997477,0,0.31,0.89,0.35,0.01,1.64,1.41,0.13,wait,"(1.0, 1.5]","(0.2, 0.4]"
BTC,2026-07-20 13:05:00+00:00,trend_pullback,1,-1.6045837141056638,0,0.21,0.89,0.34,0.0,1.16,1.11,0.04,wait,"(1.0, 1.5]","(0.2, 0.4]"
BTC,2026-07-20 13:15:00+00:00,trend_pullback,1,-1.6517433616623929,0,0.29,0.3,0.27,0.01,0.89,1.15,0.06,wait,"(1.0, 1.5]","(0.2, 0.4]"
BTC,2026-07-20 13:30:00+00:00,trend_pullback,1,-1.6061244906531225,0,0.17,0.88,0.34,0.0,0.56,0.88,0.01,wait,"(-0.1, 1.0]","(0.0, 0.2]"
BTC,2026-07-20 13:45:00+00:00,trend_pullback,1,-1.4968484001126399,0,0.16,0.83,0.28,0.01,1.77,0.63,0.01,skip,"(-0.1, 1.0]","(0.0, 0.2]"
BTC,2026-07-20 17:45:00+00:00,trend_pullback,1,1.1276455084410166,1,0.29,0.33,0.33,0.0,1.02,1.43,0.09,wait,"(1.0, 1.5]","(0.2, 0.4]"
BTC,2026-07-20 20:45:00+00:00,trend_pullback,1,-1.6928603022519861,0,0.19,0.09,0.3,0.01,1.87,1.08,0.02,skip,"(1.0, 1.5]","(0.0, 0.2]"
BTC,2026-07-20 21:20:00+00:00,trend_pullback,1,0.9458670535182677,1,0.2,0.08,0.14,0.01,2.31,0.63,0.0,skip,"(-0.1, 1.0]","(0.0, 0.2]"
BTC,2026-07-20 21:30:00+00:00,trend_pullback,1,-1.862905072821149,0,0.12,0.11,0.13,0.01,1.76,0.66,0.01,skip,"(-0.1, 1.0]","(0.0, 0.2]"
BTC,2026-07-21 01:30:00+00:00,trend_pullback,1,-1.7622097264532868,0,0.27,0.86,0.15,0.0,0.29,1.06,0.02,wait,"(1.0, 1.5]","(0.2, 0.4]"
BTC,2026-07-21 03:50:00+00:00,trend_pullback,1,0.9561191481770432,1,0.2,0.86,0.15,0.0,1.86,1.1,0.02,wait,"(1.0, 1.5]","(0.0, 0.2]"
BTC,2026-07-21 04:30:00+00:00,trend_pullback,1,0.9830754874306988,1,0.33,0.83,0.14,0.0,0.45,1.19,0.03,wait,"(1.0, 1.5]","(0.2, 0.4]"
BTC,2026-07-21 04:35:00+00:00,trend_pullback,1,0.9745255707619145,1,0.28,0.81,0.13,0.0,0.42,1.04,0.02,wait,"(1.0, 1.5]","(0.2, 0.4]"
BTC,2026-07-21 04:40:00+00:00,trend_pullback,1,-1.8542490570466477,0,0.21,0.85,0.15,0.0,0.87,0.84,0.01,wait,"(-0.1, 1.0]","(0.2, 0.4]"
BTC,2026-07-21 04:55:00+00:00,trend_pullback,1,0.9332305652789328,1,0.41,0.85,0.14,0.0,1.78,1.1,0.02,wait,"(1.0, 1.5]","(0.4, 0.6]"
BTC,2026-07-21 05:00:00+00:00,trend_pullback,1,0.9175976204166666,1,0.21,0.81,0.14,0.0,0.23,0.8,0.01,skip,"(-0.1, 1.0]","(0.2, 0.4]"
BTC,2026-07-21 05:10:00+00:00,trend_pullback,1,0.9036152582348443,1,0.22,0.72,0.14,0.0,0.83,0.78,0.01,skip,"(-0.1, 1.0]","(0.2, 0.4]"
BTC,2026-07-21 05:20:00+00:00,trend_pullback,1,0.9187637653266703,1,0.23,0.87,0.15,0.0,1.05,1.18,0.06,skip,"(1.0, 1.5]","(0.2, 0.4]"
BTC,2026-07-21 05:40:00+00:00,trend_pullback,1,0.9119609049707147,1,0.27,0.33,0.16,0.0,1.33,1.12,0.03,skip,"(1.0, 1.5]","(0.2, 0.4]"
BTC,2026-07-21 06:10:00+00:00,trend_pullback,1,1.048399670559132,1,0.32,0.82,0.15,0.0,1.41,1.24,0.04,wait,"(1.0, 1.5]","(0.2, 0.4]"
BTC,2026-07-21 06:20:00+00:00,trend_pullback,1,1.0628146785880221,1,0.19,0.36,0.35,0.0,1.98,1.1,0.02,wait,"(1.0, 1.5]","(0.0, 0.2]"
BTC,2026-07-21 09:05:00+00:00,trend_pullback,1,1.0221765075066218,1,0.25,0.32,0.15,0.0,0.6,0.95,0.01,wait,"(-0.1, 1.0]","(0.2, 0.4]"
BTC,2026-07-21 09:10:00+00:00,trend_pullback,1,1.0164574287195485,1,0.39,0.84,0.14,0.0,1.96,1.23,0.06,wait,"(1.0, 1.5]","(0.2, 0.4]"
BTC,2026-07-21 09:15:00+00:00,trend_pullback,1,0.994734018566716,1,0.25,0.15,0.14,0.0,1.05,0.94,0.01,skip,"(-0.1, 1.0]","(0.2, 0.4]"
BTC,2026-07-21 09:20:00+00:00,trend_pullback,1,0.9833366069856312,1,0.27,0.32,0.14,0.0,1.97,1.01,0.01,skip,"(1.0, 1.5]","(0.2, 0.4]"
BTC,2026-07-21 09:30:00+00:00,trend_pullback,1,0.9638488111931653,1,0.23,0.34,0.14,0.0,1.94,1.01,0.02,skip,"(1.0, 1.5]","(0.2, 0.4]"
BTC,2026-07-21 10:05:00+00:00,trend_pullback,1,0.8911738896438246,1,0.26,0.09,0.14,0.0,2.16,0.95,0.01,skip,"(-0.1, 1.0]","(0.2, 0.4]"
BTC,2026-07-21 11:35:00+00:00,trend_pullback,1,0.8633999039068369,1,0.19,0.11,0.14,0.0,1.12,0.73,0.01,skip,"(-0.1, 1.0]","(0.0, 0.2]"
BTC,2026-07-21 11:40:00+00:00,trend_pullback,1,-2.0109100491990173,0,0.18,0.12,0.14,0.0,1.88,0.8,0.01,skip,"(-0.1, 1.0]","(0.0, 0.2]"
BTC,2026-07-21 12:05:00+00:00,trend_pullback,1,0.8726692501711381,1,0.21,0.24,0.15,0.0,1.82,1.09,0.02,skip,"(1.0, 1.5]","(0.2, 0.4]"
BTC,2026-07-21 12:15:00+00:00,trend_pullback,1,0.915661528030346,1,0.09,0.84,0.14,0.0,2.33,0.48,0.0,skip,"(-0.1, 1.0]","(0.0, 0.2]"
BTC,2026-07-21 13:30:00+00:00,trend_pullback,1,-1.7468849254374506,0,0.26,0.87,0.14,0.0,0.83,1.08,0.02,wait,"(1.0, 1.5]","(0.2, 0.4]"
BTC,2026-07-21 13:45:00+00:00,trend_pullback,1,1.1270750098050235,1,0.13,0.84,0.36,0.0,1.72,0.84,0.02,skip,"(-0.1, 1.0]","(0.0, 0.2]"
BTC,2026-07-21 14:25:00+00:00,trend_pullback,1,1.172860340477766,1,0.35,0.85,0.39,0.0,1.68,1.77,0.16,wait,"(1.5, 2.0]","(0.2, 0.4]"
BTC,2026-07-21 14:40:00+00:00,trend_pullback,1,-1.510510156623169,0,0.22,0.39,0.35,0.0,2.29,1.16,0.02,wait,"(1.0, 1.5]","(0.2, 0.4]"
BTC,2026-07-21 15:05:00+00:00,trend_pullback,1,-1.524408286332976,0,0.17,0.85,0.31,0.0,1.43,1.07,0.03,wait,"(1.0, 1.5]","(0.0, 0.2]"
BTC,2026-07-21 15:15:00+00:00,trend_pullback,1,-1.5461426977816577,0,0.19,0.36,0.29,0.0,0.77,0.98,0.02,wait,"(-0.1, 1.0]","(0.0, 0.2]"
BTC,2026-07-21 16:00:00+00:00,trend_pullback,1,-1.5956714953427344,0,0.18,0.35,0.35,0.01,0.87,0.88,0.01,skip,"(-0.1, 1.0]","(0.0, 0.2]"
BTC,2026-07-22 01:00:00+00:00,trend_pullback,1,-1.8979193805274988,0,0.46,0.87,0.15,0.0,1.86,1.33,0.09,wait,"(1.0, 1.5]","(0.4, 0.6]"
BTC,2026-07-22 15:45:00+00:00,trend_pullback,1,-1.5799575945702422,0,0.36,0.42,0.39,1.16,2.0,1.74,0.08,wait,"(1.5, 2.0]","(0.2, 0.4]"
BTC,2026-07-22 16:25:00+00:00,trend_pullback,1,1.1237053342622767,1,0.3,0.36,0.32,0.01,1.07,1.47,0.05,wait,"(1.0, 1.5]","(0.2, 0.4]"
BTC,2026-07-22 16:30:00+00:00,trend_pullback,1,-1.548310064543285,0,0.11,0.83,0.31,0.01,2.14,0.75,0.01,skip,"(-0.1, 1.0]","(0.0, 0.2]"
BTC,2026-07-22 17:35:00+00:00,trend_pullback,1,-1.6205583568857127,0,0.22,0.35,0.31,0.24,0.45,1.01,0.03,wait,"(1.0, 1.5]","(0.2, 0.4]"
BTC,2026-07-22 17:40:00+00:00,trend_pullback,1,-1.6457371615347238,0,0.2,0.17,0.34,0.0,0.94,0.99,0.04,skip,"(-0.1, 1.0]","(0.0, 0.2]"
BTC,2026-07-22 22:05:00+00:00,trend_pullback,1,-2.0545933874688593,0,0.37,0.12,0.15,0.01,1.68,1.07,0.02,wait,"(1.0, 1.5]","(0.2, 0.4]"
BTC,2026-07-22 22:20:00+00:00,trend_pullback,1,-2.1221860612770604,0,0.21,0.19,0.13,0.0,0.17,0.67,0.0,skip,"(-0.1, 1.0]","(0.2, 0.4]"
BTC,2026-07-22 22:25:00+00:00,trend_pullback,1,-2.164335802805427,0,0.25,0.08,0.14,0.0,0.22,0.75,0.01,skip,"(-0.1, 1.0]","(0.2, 0.4]"
BTC,2026-07-22 22:45:00+00:00,trend_pullback,1,-2.17991087156929,0,0.21,0.12,0.14,0.0,0.57,0.84,0.02,skip,"(-0.1, 1.0]","(0.2, 0.4]"
BTC,2026-07-22 22:50:00+00:00,trend_pullback,1,-2.2246199615965727,0,0.21,0.18,0.14,0.0,1.54,0.79,0.01,skip,"(-0.1, 1.0]","(0.2, 0.4]"
BTC,2026-07-22 23:05:00+00:00,trend_pullback,1,-2.312811480454561,0,0.2,0.12,0.14,0.0,1.37,0.97,0.02,skip,"(-0.1, 1.0]","(0.0, 0.2]"
BTC,2026-07-23 01:00:00+00:00,trend_pullback,1,-1.8581811352249586,0,0.21,0.81,0.13,0.0,0.13,0.74,0.02,skip,"(-0.1, 1.0]","(0.2, 0.4]"
BTC,2026-07-23 10:55:00+00:00,trend_pullback,1,-2.483065656408228,0,0.35,0.23,0.14,1.09,1.67,1.28,0.05,wait,"(1.0, 1.5]","(0.2, 0.4]"
BTC,2026-07-23 11:10:00+00:00,trend_pullback,1,-2.4816397941427977,0,0.21,0.12,0.14,0.0,0.1,0.76,0.01,skip,"(-0.1, 1.0]","(0.2, 0.4]"
BTC,2026-07-23 21:20:00+00:00,trend_pullback,1,0.8563305863890291,1,0.27,0.18,0.15,1.09,1.0,1.18,0.08,skip,"(1.0, 1.5]","(0.2, 0.4]"
BTC,2026-07-23 21:40:00+00:00,trend_pullback,1,0.8092850107813133,1,0.28,0.1,0.13,1.09,0.25,1.07,0.01,wait,"(1.0, 1.5]","(0.2, 0.4]"
BTC,2026-07-23 22:20:00+00:00,trend_pullback,1,-1.996633925217255,0,0.4,0.11,0.14,1.07,0.23,1.14,0.06,skip,"(1.0, 1.5]","(0.2, 0.4]"
BTC,2026-07-23 22:55:00+00:00,trend_pullback,1,-2.138806913854779,0,0.25,0.11,0.14,1.06,0.96,1.03,0.05,skip,"(1.0, 1.5]","(0.2, 0.4]"
BTC,2026-07-23 23:10:00+00:00,trend_pullback,1,-2.1687521356276003,0,0.2,0.22,0.14,0.01,1.7,0.95,0.02,skip,"(-0.1, 1.0]","(0.0, 0.2]"
BTC,2026-07-23 23:25:00+00:00,trend_pullback,1,-2.228834916022654,0,0.23,0.1,0.13,0.01,1.5,0.9,0.01,skip,"(-0.1, 1.0]","(0.2, 0.4]"
BTC,2026-07-23 23:30:00+00:00,trend_pullback,1,-2.2246333864460737,0,0.24,0.2,0.15,0.01,0.84,1.11,0.03,skip,"(1.0, 1.5]","(0.2, 0.4]"
BTC,2026-07-24 02:05:00+00:00,trend_pullback,1,-1.9500073487946235,0,0.25,0.34,0.14,0.0,1.59,1.02,0.02,skip,"(1.0, 1.5]","(0.2, 0.4]"
BTC,2026-07-24 02:20:00+00:00,trend_pullback,1,-1.9531905704114767,0,0.18,0.3,0.14,0.0,1.55,0.75,0.01,skip,"(-0.1, 1.0]","(0.0, 0.2]"
BTC,2026-07-24 02:55:00+00:00,trend_pullback,1,1.0082183440768784,1,0.19,0.82,0.15,0.37,1.06,0.76,0.01,skip,"(-0.1, 1.0]","(0.0, 0.2]"
BTC,2026-07-24 03:00:00+00:00,trend_pullback,1,1.0133005279536986,1,0.12,0.83,0.15,0.0,2.06,0.55,0.0,skip,"(-0.1, 1.0]","(0.0, 0.2]"
BTC,2026-07-24 04:20:00+00:00,trend_pullback,1,-1.9099983852069353,0,0.24,0.82,0.14,0.01,2.29,0.92,0.01,skip,"(-0.1, 1.0]","(0.2, 0.4]"
BTC,2026-07-24 04:45:00+00:00,trend_pullback,1,-2.0642905151997746,0,0.24,0.83,0.14,0.01,1.94,0.9,0.01,wait,"(-0.1, 1.0]","(0.2, 0.4]"
BTC,2026-07-24 05:05:00+00:00,trend_pullback,1,-2.00467336592698,0,0.19,0.83,0.15,0.0,1.05,0.8,0.01,skip,"(-0.1, 1.0]","(0.0, 0.2]"
BTC,2026-07-24 05:15:00+00:00,trend_pullback,1,-2.0882489481838626,0,0.2,0.29,0.14,0.0,1.81,0.69,0.0,skip,"(-0.1, 1.0]","(0.0, 0.2]"
BTC,2026-07-24 05:20:00+00:00,trend_pullback,1,-2.121132252688082,0,0.19,0.85,0.15,0.0,1.42,0.72,0.0,skip,"(-0.1, 1.0]","(0.0, 0.2]"
BTC,2026-07-24 05:55:00+00:00,trend_pullback,1,-2.3013622145291777,0,0.18,0.26,0.14,0.0,1.25,0.63,0.0,skip,"(-0.1, 1.0]","(0.0, 0.2]"
BTC,2026-07-24 06:00:00+00:00,trend_pullback,1,-2.2957525837695214,0,0.13,0.21,0.15,0.0,2.1,0.44,0.0,skip,"(-0.1, 1.0]","(0.0, 0.2]"
BTC,2026-07-24 06:10:00+00:00,trend_pullback,1,0.6922609643865374,1,0.12,0.2,0.13,0.0,1.54,0.47,0.0,skip,"(-0.1, 1.0]","(0.0, 0.2]"
BTC,2026-07-24 06:15:00+00:00,trend_pullback,1,-2.1408850208581622,0,0.08,0.87,0.14,0.01,2.36,0.42,0.0,skip,"(-0.1, 1.0]","(0.0, 0.2]"
BTC,2026-07-25 05:20:00+00:00,trend_pullback,1,-3.4303756304504813,0,0.34,0.12,0.14,1.06,1.31,1.1,0.04,skip,"(1.0, 1.5]","(0.2, 0.4]"
BTC,2026-07-25 11:45:00+00:00,trend_pullback,1,-0.11875001529930206,1,0.3,0.12,0.13,1.07,1.6,0.94,0.01,wait,"(-0.1, 1.0]","(0.2, 0.4]"
BTC,2026-07-25 12:00:00+00:00,trend_pullback,1,-3.797712194243286,0,0.24,0.13,0.15,1.03,1.01,0.99,0.03,skip,"(-0.1, 1.0]","(0.2, 0.4]"
BTC,2026-07-25 12:10:00+00:00,trend_pullback,1,-3.8842640443106986,0,0.31,0.21,0.14,1.1,1.78,0.98,0.01,wait,"(-0.1, 1.0]","(0.2, 0.4]"
BTC,2026-07-25 12:15:00+00:00,trend_pullback,1,-4.0618639228081435,0,0.23,0.09,0.14,1.43,1.26,0.75,0.01,skip,"(-0.1, 1.0]","(0.2, 0.4]"
BTC,2026-07-25 12:30:00+00:00,trend_pullback,1,-0.4362487061857185,1,0.17,0.11,0.14,1.27,0.36,0.52,0.0,skip,"(-0.1, 1.0]","(0.0, 0.2]"
BTC,2026-07-25 12:35:00+00:00,trend_pullback,1,-0.33849433036873106,1,0.17,0.11,0.14,1.27,1.91,0.63,0.0,skip,"(-0.1, 1.0]","(0.0, 0.2]"
BTC,2026-07-25 14:05:00+00:00,trend_pullback,1,-3.0634554505922535,0,0.29,0.85,0.15,0.01,1.55,1.19,0.05,wait,"(1.0, 1.5]","(0.2, 0.4]"
BTC,2026-07-25 14:25:00+00:00,trend_pullback,1,0.10725614469228377,1,0.24,0.33,0.15,0.01,0.71,0.93,0.01,skip,"(-0.1, 1.0]","(0.2, 0.4]"
BTC,2026-07-25 15:35:00+00:00,trend_pullback,1,-3.0573813607435114,0,0.19,0.85,0.15,0.01,1.91,0.98,0.01,skip,"(-0.1, 1.0]","(0.0, 0.2]"
BTC,2026-07-25 16:10:00+00:00,trend_pullback,1,-3.0520704073024936,0,0.17,0.33,0.14,0.0,0.97,0.68,0.01,skip,"(-0.1, 1.0]","(0.0, 0.2]"
BTC,2026-07-25 16:30:00+00:00,trend_pullback,1,0.2511400207448881,1,0.2,0.3,0.14,0.3,1.5,0.63,0.01,skip,"(-0.1, 1.0]","(0.0, 0.2]"
BTC,2026-07-25 16:35:00+00:00,trend_pullback,1,0.2025662009813748,1,0.17,0.15,0.13,0.45,1.8,0.52,0.0,skip,"(-0.1, 1.0]","(0.0, 0.2]"
BTC,2026-07-25 16:40:00+00:00,trend_pullback,1,0.15475990844245288,1,0.12,0.15,0.13,0.34,1.87,0.45,0.0,skip,"(-0.1, 1.0]","(0.0, 0.2]"
BTC,2026-07-25 17:15:00+00:00,trend_pullback,1,0.10472469629423783,1,0.19,0.33,0.14,0.01,1.88,0.84,0.01,skip,"(-0.1, 1.0]","(0.0, 0.2]"
BTC,2026-07-25 19:50:00+00:00,trend_pullback,1,-3.222259917926269,0,0.25,0.86,0.13,0.0,1.03,1.04,0.04,skip,"(1.0, 1.5]","(0.2, 0.4]"
BTC,2026-07-25 22:25:00+00:00,trend_pullback,1,-3.0438784769568796,0,0.23,0.83,0.15,0.0,2.24,0.91,0.01,skip,"(-0.1, 1.0]","(0.2, 0.4]"
BTC,2026-07-25 22:35:00+00:00,trend_pullback,1,-2.9669411556933767,0,0.19,0.31,0.14,0.0,1.39,0.84,0.02,skip,"(-0.1, 1.0]","(0.0, 0.2]"
BTC,2026-07-25 22:40:00+00:00,trend_pullback,1,-2.960024161243043,0,0.18,0.79,0.14,0.0,2.54,0.8,0.01,skip,"(-0.1, 1.0]","(0.0, 0.2]"
BTC,2026-07-25 22:45:00+00:00,trend_pullback,1,-2.8757983820010113,0,0.14,0.78,0.15,0.0,2.97,0.61,0.01,skip,"(-0.1, 1.0]","(0.0, 0.2]"
BTC,2026-07-25 23:30:00+00:00,trend_pullback,1,-3.5925758685578546,0,0.22,0.11,0.14,0.0,0.8,0.88,0.02,skip,"(-0.1, 1.0]","(0.2, 0.4]"
BTC,2026-07-26 00:00:00+00:00,trend_pullback,1,-0.14305559063615345,1,0.22,0.26,0.13,0.23,0.22,0.73,0.01,skip,"(-0.1, 1.0]","(0.2, 0.4]"
BTC,2026-07-26 00:05:00+00:00,trend_pullback,1,-3.458710685635499,0,0.15,0.13,0.14,0.01,1.64,0.67,0.01,skip,"(-0.1, 1.0]","(0.0, 0.2]"
BTC,2026-07-26 00:10:00+00:00,trend_pullback,1,-0.0049948368291518,1,0.13,0.12,0.14,0.01,2.42,0.59,0.0,skip,"(-0.1, 1.0]","(0.0, 0.2]"
BTC,2026-07-26 00:40:00+00:00,trend_pullback,1,0.004241554185652488,1,0.33,0.09,0.14,0.0,1.05,1.0,0.02,wait,"(-0.1, 1.0]","(0.2, 0.4]"
BTC,2026-07-26 00:45:00+00:00,trend_pullback,1,0.00890416194089531,1,0.41,0.23,0.15,0.0,1.68,1.18,0.05,wait,"(1.0, 1.5]","(0.4, 0.6]"
BTC,2026-07-26 00:50:00+00:00,trend_pullback,1,0.10647196800992165,1,0.1,0.15,0.15,0.0,2.05,0.55,0.0,skip,"(-0.1, 1.0]","(0.0, 0.2]"
BTC,2026-07-26 01:45:00+00:00,trend_pullback,1,-3.391520537690303,0,0.5,0.29,0.14,0.0,1.58,1.32,0.11,wait,"(1.0, 1.5]","(0.4, 0.6]"
BTC,2026-07-26 02:10:00+00:00,trend_pullback,1,-3.3077192749655864,0,0.22,0.85,0.15,0.0,0.12,0.89,0.02,wait,"(-0.1, 1.0]","(0.2, 0.4]"
BTC,2026-07-26 02:25:00+00:00,trend_pullback,1,-3.394241813835563,0,0.21,0.33,0.15,0.0,0.12,0.8,0.01,wait,"(-0.1, 1.0]","(0.2, 0.4]"
BTC,2026-07-26 02:45:00+00:00,trend_pullback,1,-0.07799097239615448,1,0.21,0.12,0.15,0.0,0.8,0.91,0.02,skip,"(-0.1, 1.0]","(0.2, 0.4]"
BTC,2026-07-26 02:50:00+00:00,trend_pullback,1,-3.351726974127899,0,0.09,0.14,0.14,0.0,2.08,0.42,0.0,skip,"(-0.1, 1.0]","(0.0, 0.2]"
BTC,2026-07-26 03:55:00+00:00,trend_pullback,1,-3.435073833609975,0,0.23,0.77,0.13,0.0,2.87,0.94,0.01,skip,"(-0.1, 1.0]","(0.2, 0.4]"
BTC,2026-07-26 04:20:00+00:00,trend_pullback,1,-0.050310677710095786,1,0.24,0.33,0.14,0.0,0.86,0.85,0.02,skip,"(-0.1, 1.0]","(0.2, 0.4]"
BTC,2026-07-26 04:35:00+00:00,trend_pullback,1,-0.20128618069642767,1,0.27,0.08,0.13,0.0,0.65,0.9,0.02,skip,"(-0.1, 1.0]","(0.2, 0.4]"
BTC,2026-07-26 10:20:00+00:00,trend_pullback,1,-4.579910169209021,0,0.17,0.34,0.14,0.0,1.58,0.93,0.02,skip,"(-0.1, 1.0]","(0.0, 0.2]"
BTC,2026-07-26 10:50:00+00:00,trend_pullback,1,-4.503720643204319,0,0.33,0.08,0.14,0.0,1.68,0.92,0.02,skip,"(-0.1, 1.0]","(0.2, 0.4]"
BTC,2026-07-26 11:00:00+00:00,trend_pullback,1,-4.673490040963779,0,0.21,0.11,0.14,0.0,0.49,0.74,0.01,skip,"(-0.1, 1.0]","(0.2, 0.4]"
BTC,2026-07-26 11:15:00+00:00,trend_pullback,1,-4.872894311790728,0,0.2,0.27,0.15,0.0,0.69,0.74,0.01,skip,"(-0.1, 1.0]","(0.0, 0.2]"
BTC,2026-07-26 11:45:00+00:00,trend_pullback,1,-5.703489247878082,0,0.31,0.25,0.13,0.28,1.09,1.01,0.08,skip,"(1.0, 1.5]","(0.2, 0.4]"
BTC,2026-07-26 12:00:00+00:00,trend_pullback,1,-1.1338538730555525,1,0.1,0.36,0.14,0.01,1.97,0.45,0.0,skip,"(-0.1, 1.0]","(0.0, 0.2]"
BTC,2026-07-26 12:20:00+00:00,trend_pullback,1,-3.2251712571981597,0,0.31,0.8,0.13,0.0,1.73,1.21,0.05,wait,"(1.0, 1.5]","(0.2, 0.4]"
BTC,2026-07-26 14:00:00+00:00,trend_pullback,1,0.41441592355841256,1,0.09,0.63,0.14,0.0,2.67,0.41,0.0,skip,"(-0.1, 1.0]","(0.0, 0.2]"
BTC,2026-07-26 16:10:00+00:00,trend_pullback,1,0.5940027806522153,1,0.23,0.82,0.13,0.0,1.28,0.96,0.02,wait,"(-0.1, 1.0]","(0.2, 0.4]"
BTC,2026-07-26 16:15:00+00:00,trend_pullback,1,0.63526692017461,1,0.25,0.84,0.15,0.0,0.69,1.11,0.02,wait,"(1.0, 1.5]","(0.2, 0.4]"
BTC,2026-07-26 17:10:00+00:00,trend_pullback,1,-2.174623647156692,0,0.17,0.39,0.14,0.0,1.19,0.74,0.01,skip,"(-0.1, 1.0]","(0.0, 0.2]"
BTC,2026-07-26 17:30:00+00:00,trend_pullback,1,-2.2957922177110803,0,0.32,0.36,0.14,0.01,1.62,0.98,0.03,skip,"(-0.1, 1.0]","(0.2, 0.4]"
BTC,2026-07-26 19:25:00+00:00,trend_pullback,1,-3.017299347462402,0,0.17,0.29,0.14,0.23,1.47,0.74,0.01,skip,"(-0.1, 1.0]","(0.0, 0.2]"
BTC,2026-07-26 19:30:00+00:00,trend_pullback,1,-3.006938237890734,0,0.19,0.12,0.14,0.01,1.9,0.71,0.01,skip,"(-0.1, 1.0]","(0.0, 0.2]"
BTC,2026-07-26 19:40:00+00:00,trend_pullback,1,-3.2207559042563316,0,0.17,0.08,0.14,0.01,0.68,0.52,0.0,skip,"(-0.1, 1.0]","(0.0, 0.2]"
BTC,2026-07-26 23:30:00+00:00,trend_pullback,1,-1.7102837291201989,0,0.31,0.36,0.14,0.0,2.53,1.08,0.03,skip,"(1.0, 1.5]","(0.2, 0.4]"
BTC,2026-07-27 02:15:00+00:00,trend_pullback,1,-1.8500533816517835,0,0.17,0.82,0.15,0.0,2.25,0.98,0.01,wait,"(-0.1, 1.0]","(0.0, 0.2]"
BTC,2026-07-27 02:25:00+00:00,trend_pullback,1,-1.8744494220311656,0,0.28,0.83,0.14,0.01,1.96,1.07,0.01,wait,"(1.0, 1.5]","(0.2, 0.4]"
BTC,2026-07-27 02:35:00+00:00,trend_pullback,1,-1.8355283525482762,0,0.13,0.83,0.14,0.01,1.61,0.83,0.01,skip,"(-0.1, 1.0]","(0.0, 0.2]"
BTC,2026-07-27 03:05:00+00:00,trend_pullback,1,0.9783024312583273,1,0.15,0.65,0.13,0.01,0.83,0.55,0.0,skip,"(-0.1, 1.0]","(0.0, 0.2]"
BTC,2026-07-27 03:10:00+00:00,trend_pullback,1,0.986887394059423,1,0.13,0.39,0.13,0.01,1.75,0.72,0.01,skip,"(-0.1, 1.0]","(0.0, 0.2]"
BTC,2026-07-27 04:00:00+00:00,trend_pullback,1,-2.02032262532304,0,0.19,0.33,0.15,0.0,1.29,0.86,0.02,skip,"(-0.1, 1.0]","(0.0, 0.2]"
BTC,2026-07-27 04:10:00+00:00,trend_pullback,1,0.8859599797721137,1,0.22,0.31,0.14,0.0,1.86,0.87,0.01,skip,"(-0.1, 1.0]","(0.2, 0.4]"
BTC,2026-07-27 04:35:00+00:00,trend_pullback,1,-1.854990716280363,0,0.25,0.32,0.14,0.0,0.44,0.96,0.01,wait,"(-0.1, 1.0]","(0.2, 0.4]"
BTC,2026-07-27 05:05:00+00:00,trend_pullback,1,0.882954681659192,1,0.41,0.32,0.14,0.0,0.18,1.03,0.05,skip,"(1.0, 1.5]","(0.4, 0.6]"
BTC,2026-07-27 05:10:00+00:00,trend_pullback,1,0.8916923484898924,1,0.2,0.34,0.14,0.0,1.16,0.85,0.01,skip,"(-0.1, 1.0]","(0.0, 0.2]"
BTC,2026-07-27 05:15:00+00:00,trend_pullback,1,0.8803516003593441,1,0.19,0.31,0.14,0.0,1.93,0.77,0.01,skip,"(-0.1, 1.0]","(0.0, 0.2]"
BTC,2026-07-27 05:50:00+00:00,trend_pullback,1,0.7601388385923888,1,0.28,0.12,0.15,0.0,1.5,0.99,0.04,skip,"(-0.1, 1.0]","(0.2, 0.4]"
BTC,2026-07-27 06:30:00+00:00,trend_pullback,1,-1.8457217604538432,0,0.31,0.86,0.16,0.0,1.55,1.18,0.03,skip,"(1.0, 1.5]","(0.2, 0.4]"
BTC,2026-07-27 06:40:00+00:00,trend_pullback,1,-1.867251955550891,0,0.28,0.87,0.15,0.0,1.61,1.16,0.03,wait,"(1.0, 1.5]","(0.2, 0.4]"
BTC,2026-07-27 11:05:00+00:00,trend_pullback,1,-2.3583124702812444,0,0.39,0.09,0.13,0.0,0.33,1.06,0.08,skip,"(1.0, 1.5]","(0.2, 0.4]"
BTC,2026-07-27 19:55:00+00:00,trend_pullback,1,-1.9065132757020467,0,0.27,0.22,0.14,0.0,0.93,0.99,0.04,skip,"(-0.1, 1.0]","(0.2, 0.4]"
BTC,2026-07-27 20:10:00+00:00,trend_pullback,1,-1.9622531607408285,0,0.18,0.07,0.13,0.0,0.46,0.6,0.0,skip,"(-0.1, 1.0]","(0.0, 0.2]"
BTC,2026-07-27 20:20:00+00:00,trend_pullback,1,-1.9992718866545585,0,0.24,0.07,0.13,0.01,1.32,0.82,0.02,skip,"(-0.1, 1.0]","(0.2, 0.4]"
BTC,2026-07-27 20:25:00+00:00,trend_pullback,1,-2.0150833001337047,0,0.18,0.08,0.13,0.01,1.15,0.75,0.01,skip,"(-0.1, 1.0]","(0.0, 0.2]"
BTC,2026-07-27 20:55:00+00:00,trend_pullback,1,-2.229787067315589,0,0.21,0.07,0.13,0.0,0.16,0.68,0.02,skip,"(-0.1, 1.0]","(0.2, 0.4]"
BTC,2026-07-28 07:25:00+00:00,trend_pullback,1,-2.15299710642861,0,0.22,0.19,0.14,2.56,0.63,0.78,0.01,skip,"(-0.1, 1.0]","(0.2, 0.4]"
BTC,2026-07-28 13:10:00+00:00,trend_pullback,1,-1.9166689992710715,0,0.27,0.85,0.15,1.49,0.34,0.89,0.01,skip,"(-0.1, 1.0]","(0.2, 0.4]"
BTC,2026-07-28 18:30:00+00:00,trend_pullback,1,1.0854966417761083,1,0.17,0.16,0.29,0.01,1.45,0.6,0.0,skip,"(-0.1, 1.0]","(0.0, 0.2]"
BTC,2026-07-28 18:40:00+00:00,trend_pullback,1,-1.7010010356808962,0,0.16,0.08,0.13,0.0,1.36,0.46,0.0,skip,"(-0.1, 1.0]","(0.0, 0.2]"
BTC,2026-07-28 18:45:00+00:00,trend_pullback,1,-1.7219627055538353,0,0.15,0.1,0.14,0.0,1.85,0.53,0.0,skip,"(-0.1, 1.0]","(0.0, 0.2]"
BTC,2026-07-28 18:55:00+00:00,trend_pullback,1,1.0345102282874963,1,0.15,0.08,0.14,0.01,0.61,0.44,0.0,skip,"(-0.1, 1.0]","(0.0, 0.2]"
BTC,2026-07-28 19:00:00+00:00,trend_pullback,1,-1.7252833190154668,0,0.13,0.22,0.15,0.0,1.99,0.55,0.0,skip,"(-0.1, 1.0]","(0.0, 0.2]"
BTC,2026-07-28 19:20:00+00:00,trend_pullback,1,-1.7791779754888366,0,0.13,0.08,0.14,0.0,0.99,0.38,0.0,skip,"(-0.1, 1.0]","(0.0, 0.2]"
BTC,2026-07-28 19:30:00+00:00,trend_pullback,1,-1.7797612819591266,0,0.14,0.19,0.13,0.0,1.57,0.49,0.0,skip,"(-0.1, 1.0]","(0.0, 0.2]"
BTC,2026-07-28 19:50:00+00:00,trend_pullback,1,1.0224745796744679,1,0.14,0.23,0.13,0.0,1.49,0.61,0.0,skip,"(-0.1, 1.0]","(0.0, 0.2]"
BTC,2026-07-28 20:40:00+00:00,trend_pullback,1,0.9580018372890757,1,0.18,0.09,0.14,0.01,1.87,0.88,0.01,skip,"(-0.1, 1.0]","(0.0, 0.2]"
BTC,2026-07-28 21:25:00+00:00,trend_pullback,1,0.8019204197057396,1,0.2,0.1,0.14,0.01,0.45,0.73,0.01,skip,"(-0.1, 1.0]","(0.0, 0.2]"
BTC,2026-07-28 21:35:00+00:00,trend_pullback,1,-2.057453243179285,0,0.18,0.24,0.14,0.01,2.04,0.93,0.01,skip,"(-0.1, 1.0]","(0.0, 0.2]"
BTC,2026-07-28 22:00:00+00:00,trend_pullback,1,-2.03025523212542,0,0.31,0.23,0.14,0.01,1.98,1.1,0.02,skip,"(1.0, 1.5]","(0.2, 0.4]"
BTC,2026-07-28 22:10:00+00:00,trend_pullback,1,-2.0572228875481744,0,0.29,0.19,0.14,0.0,1.98,1.01,0.01,skip,"(1.0, 1.5]","(0.2, 0.4]"
BTC,2026-07-29 00:35:00+00:00,trend_pullback,1,-1.6418898701871187,0,0.21,0.86,0.41,0.0,1.42,1.8,0.12,wait,"(1.5, 2.0]","(0.2, 0.4]"
BTC,2026-07-29 01:00:00+00:00,trend_pullback,1,-1.6071698710997306,0,0.32,0.85,0.37,0.0,0.29,1.48,0.04,wait,"(1.0, 1.5]","(0.2, 0.4]"
BTC,2026-07-29 02:50:00+00:00,trend_pullback,1,-1.5686673364511332,0,0.45,0.39,0.32,0.0,1.04,1.72,0.23,wait,"(1.5, 2.0]","(0.4, 0.6]"
BTC,2026-07-29 03:05:00+00:00,trend_pullback,1,-1.5878842685429964,0,0.25,0.37,0.34,0.0,1.52,1.41,0.06,wait,"(1.0, 1.5]","(0.2, 0.4]"
BTC,2026-07-29 05:20:00+00:00,trend_pullback,1,1.0345114885903333,1,0.23,0.76,0.14,0.0,2.64,0.8,0.01,skip,"(-0.1, 1.0]","(0.2, 0.4]"
BTC,2026-07-29 05:30:00+00:00,trend_pullback,1,1.015966447894393,1,0.16,0.34,0.15,0.0,2.0,0.89,0.01,skip,"(-0.1, 1.0]","(0.0, 0.2]"
BTC,2026-07-29 08:40:00+00:00,trend_pullback,1,0.8986963301396448,1,0.17,0.12,0.14,0.22,1.52,0.7,0.01,skip,"(-0.1, 1.0]","(0.0, 0.2]"
BTC,2026-07-29 08:55:00+00:00,trend_pullback,1,0.8832199288363551,1,0.19,0.11,0.13,0.0,0.66,0.64,0.01,skip,"(-0.1, 1.0]","(0.0, 0.2]"
BTC,2026-07-29 09:00:00+00:00,trend_pullback,1,0.8626939766950226,1,0.24,0.19,0.14,0.0,1.45,0.85,0.01,skip,"(-0.1, 1.0]","(0.2, 0.4]"
BTC,2026-07-29 09:05:00+00:00,trend_pullback,1,0.85088052995261,1,0.24,0.08,0.13,0.0,1.62,0.8,0.01,skip,"(-0.1, 1.0]","(0.2, 0.4]"
BTC,2026-07-29 09:15:00+00:00,trend_pullback,1,0.8167403766753312,1,0.29,0.22,0.13,0.0,2.1,1.07,0.01,wait,"(1.0, 1.5]","(0.2, 0.4]"
BTC,2026-07-29 10:40:00+00:00,trend_pullback,1,-2.0230274328484077,0,0.17,0.22,0.15,0.0,1.51,0.94,0.01,skip,"(-0.1, 1.0]","(0.0, 0.2]"
BTC,2026-07-29 11:55:00+00:00,trend_pullback,1,-2.047514140443767,0,0.18,0.12,0.13,0.3,0.92,0.67,0.01,skip,"(-0.1, 1.0]","(0.0, 0.2]"
BTC,2026-07-29 19:10:00+00:00,trend_pullback,1,-1.3256155991154883,0,0.4,0.45,0.85,0.0,0.95,1.88,0.06,wait,"(1.5, 2.0]","(0.2, 0.4]"
BTC,2026-07-29 23:35:00+00:00,trend_pullback,1,1.075693022755795,1,0.27,0.08,0.26,0.0,0.31,0.99,0.01,wait,"(-0.1, 1.0]","(0.2, 0.4]"
BTC,2026-07-29 23:40:00+00:00,trend_pullback,1,-1.6860175147748584,0,0.34,0.21,0.28,0.0,0.15,1.36,0.05,wait,"(1.0, 1.5]","(0.2, 0.4]"
BTC,2026-07-29 23:50:00+00:00,trend_pullback,1,-1.7007287499680954,0,0.3,0.12,0.15,0.0,1.08,1.05,0.05,skip,"(1.0, 1.5]","(0.2, 0.4]"
BTC,2026-07-30 00:00:00+00:00,trend_pullback,1,-1.7482440236724806,0,0.25,0.18,0.14,0.0,0.05,0.89,0.01,wait,"(-0.1, 1.0]","(0.2, 0.4]"
BTC,2026-07-30 00:25:00+00:00,trend_pullback,1,-1.7798073803675623,0,0.26,0.16,0.14,0.0,0.23,0.75,0.01,skip,"(-0.1, 1.0]","(0.2, 0.4]"
BTC,2026-07-30 03:00:00+00:00,trend_pullback,1,-1.6995594355282069,0,0.46,0.09,0.13,0.01,0.99,1.06,0.07,skip,"(1.0, 1.5]","(0.4, 0.6]"
BTC,2026-07-30 03:10:00+00:00,trend_pullback,1,-1.7165825585486056,0,0.31,0.26,0.14,0.0,1.54,0.9,0.02,wait,"(-0.1, 1.0]","(0.2, 0.4]"
BTC,2026-07-30 03:15:00+00:00,trend_pullback,1,-1.702371220893915,0,0.26,0.27,0.14,0.01,1.62,0.87,0.01,wait,"(-0.1, 1.0]","(0.2, 0.4]"
BTC,2026-07-30 03:20:00+00:00,trend_pullback,1,-1.7336580663300933,0,0.23,0.11,0.14,0.0,1.03,0.78,0.01,skip,"(-0.1, 1.0]","(0.2, 0.4]"
BTC,2026-07-30 03:25:00+00:00,trend_pullback,1,-1.7567400583739385,0,0.18,0.12,0.14,0.0,1.35,0.76,0.01,skip,"(-0.1, 1.0]","(0.0, 0.2]"
BTC,2026-07-30 03:45:00+00:00,trend_pullback,1,-1.8019910782583959,0,0.37,0.11,0.14,0.0,0.12,0.98,0.04,skip,"(-0.1, 1.0]","(0.2, 0.4]"
BTC,2026-07-30 11:00:00+00:00,trend_pullback,1,0.6217042740808677,1,0.27,0.12,0.14,0.0,1.28,1.06,0.02,skip,"(1.0, 1.5]","(0.2, 0.4]"
BTC,2026-07-30 11:35:00+00:00,trend_pullback,1,0.7343600584908729,1,0.26,0.21,0.15,0.0,1.47,1.14,0.04,skip,"(1.0, 1.5]","(0.2, 0.4]"
BTC,2026-07-30 13:20:00+00:00,trend_pullback,1,-1.9193890710637536,0,0.23,0.15,0.14,0.0,0.65,0.88,0.01,skip,"(-0.1, 1.0]","(0.2, 0.4]"
BTC,2026-07-30 13:40:00+00:00,trend_pullback,1,1.062226312510663,1,0.1,0.82,0.38,0.0,2.03,0.61,0.01,skip,"(-0.1, 1.0]","(0.0, 0.2]"
BTC,2026-07-30 15:05:00+00:00,trend_pullback,1,-1.5954315596410724,0,0.2,0.86,0.31,0.25,1.61,1.04,0.02,skip,"(1.0, 1.5]","(0.0, 0.2]"
BTC,2026-07-30 16:50:00+00:00,trend_pullback,1,0.9767181138456345,1,0.15,0.14,0.14,0.01,0.34,0.44,0.0,skip,"(-0.1, 1.0]","(0.0, 0.2]"
BTC,2026-07-30 17:00:00+00:00,trend_pullback,1,-1.8886866363223138,0,0.17,0.29,0.14,0.01,1.3,0.57,0.0,skip,"(-0.1, 1.0]","(0.0, 0.2]"
BTC,2026-07-30 17:15:00+00:00,trend_pullback,1,-1.8659623571522421,0,0.14,0.16,0.13,0.01,1.46,0.56,0.0,skip,"(-0.1, 1.0]","(0.0, 0.2]"
BTC,2026-07-30 17:35:00+00:00,trend_pullback,1,0.9803375199850689,1,0.24,0.31,0.13,0.01,1.79,0.86,0.01,skip,"(-0.1, 1.0]","(0.2, 0.4]"
BTC,2026-07-30 17:40:00+00:00,trend_pullback,1,-1.7905373193871967,0,0.22,0.33,0.14,0.01,1.96,0.86,0.01,skip,"(-0.1, 1.0]","(0.2, 0.4]"
BTC,2026-07-30 17:55:00+00:00,trend_pullback,1,-1.884769811020512,0,0.31,0.15,0.13,0.0,1.72,0.92,0.01,skip,"(-0.1, 1.0]","(0.2, 0.4]"
BTC,2026-07-30 19:50:00+00:00,trend_pullback,1,0.7691186454156149,1,0.15,0.18,0.14,0.01,0.24,0.47,0.0,skip,"(-0.1, 1.0]","(0.0, 0.2]"
BTC,2026-07-30 20:00:00+00:00,trend_pullback,1,-2.048390421057081,0,0.12,0.35,0.15,0.01,1.85,0.59,0.01,skip,"(-0.1, 1.0]","(0.0, 0.2]"
BTC,2026-07-30 22:40:00+00:00,trend_pullback,1,-1.9914258500744513,0,0.4,0.87,0.14,0.0,2.09,1.25,0.05,wait,"(1.0, 1.5]","(0.2, 0.4]"
BTC,2026-07-30 23:00:00+00:00,trend_pullback,1,0.8069558118509695,1,0.23,0.09,0.13,0.0,1.74,0.74,0.01,skip,"(-0.1, 1.0]","(0.2, 0.4]"
BTC,2026-07-30 23:05:00+00:00,trend_pullback,1,0.8051534415299335,1,0.18,0.1,0.14,0.0,0.37,0.6,0.0,skip,"(-0.1, 1.0]","(0.0, 0.2]"
BTC,2026-07-30 23:10:00+00:00,trend_pullback,1,0.806379056670763,1,0.13,0.11,0.14,0.0,1.82,0.63,0.0,skip,"(-0.1, 1.0]","(0.0, 0.2]"
BTC,2026-07-30 23:25:00+00:00,trend_pullback,1,0.7340363341417597,1,0.18,0.26,0.15,0.01,1.12,0.79,0.01,skip,"(-0.1, 1.0]","(0.0, 0.2]"
BTC,2026-07-30 23:30:00+00:00,trend_pullback,1,-2.081480048350564,0,0.09,0.86,0.14,0.01,2.38,0.5,0.0,skip,"(-0.1, 1.0]","(0.0, 0.2]"
BTC,2026-08-01 03:20:00+00:00,trend_pullback,1,-3.107028832177389,0,0.27,0.2,0.14,1.22,1.17,0.88,0.02,skip,"(-0.1, 1.0]","(0.2, 0.4]"
BTC,2026-08-01 05:00:00+00:00,trend_pullback,1,-3.6434778640851455,0,0.1,0.26,0.14,1.14,3.0,0.39,0.0,skip,"(-0.1, 1.0]","(0.0, 0.2]"
BTC,2026-08-01 05:20:00+00:00,trend_pullback,1,-3.5527873877582135,0,0.33,0.33,0.15,1.16,2.42,1.13,0.02,wait,"(1.0, 1.5]","(0.2, 0.4]"
BTC,2026-08-01 06:45:00+00:00,trend_pullback,1,-0.19728351791666246,1,0.26,0.22,0.15,1.49,1.38,0.87,0.01,skip,"(-0.1, 1.0]","(0.2, 0.4]"
BTC,2026-08-01 07:20:00+00:00,trend_pullback,1,-4.17893539043338,0,0.16,0.11,0.14,1.11,1.28,0.74,0.01,skip,"(-0.1, 1.0]","(0.0, 0.2]"
BTC,2026-08-01 09:15:00+00:00,trend_pullback,1,-4.766398605760848,0,0.37,0.29,0.15,1.11,2.0,1.22,0.05,wait,"(1.0, 1.5]","(0.2, 0.4]"
BTC,2026-08-01 09:25:00+00:00,trend_pullback,1,-4.757670976332329,0,0.23,0.11,0.15,1.06,1.37,0.82,0.01,skip,"(-0.1, 1.0]","(0.2, 0.4]"
BTC,2026-08-01 09:40:00+00:00,trend_pullback,1,-5.374663150451843,0,0.31,0.26,0.15,1.11,1.91,0.97,0.01,wait,"(-0.1, 1.0]","(0.2, 0.4]"
BTC,2026-08-01 12:00:00+00:00,trend_pullback,1,-4.985062372159171,0,0.12,0.22,0.14,1.46,1.84,0.65,0.01,skip,"(-0.1, 1.0]","(0.0, 0.2]"
BTC,2026-08-01 12:40:00+00:00,trend_pullback,1,-5.509884923025331,0,0.15,0.28,0.14,1.46,2.53,0.68,0.01,skip,"(-0.1, 1.0]","(0.0, 0.2]"
BTC,2026-08-01 13:30:00+00:00,trend_pullback,1,-7.101606151996342,0,0.15,0.09,0.13,1.26,0.69,0.54,0.0,skip,"(-0.1, 1.0]","(0.0, 0.2]"
BTC,2026-08-01 14:40:00+00:00,trend_pullback,1,-5.177059382911288,0,0.19,0.87,0.15,1.47,2.03,0.8,0.01,skip,"(-0.1, 1.0]","(0.0, 0.2]"
BTC,2026-08-01 14:55:00+00:00,trend_pullback,1,-4.444235663706476,0,0.12,0.85,0.14,1.09,1.83,0.69,0.01,skip,"(-0.1, 1.0]","(0.0, 0.2]"
BTC,2026-08-01 23:35:00+00:00,trend_pullback,1,-3.2077718385290326,0,0.31,0.12,0.13,1.57,0.63,0.95,0.05,skip,"(-0.1, 1.0]","(0.2, 0.4]"
BTC,2026-08-01 23:40:00+00:00,trend_pullback,1,0.2870788044454631,1,0.17,0.26,0.14,1.28,2.15,0.75,0.01,skip,"(-0.1, 1.0]","(0.0, 0.2]"
BTC,2026-08-01 23:55:00+00:00,trend_pullback,1,0.10261457297633446,1,0.35,0.08,0.13,1.36,0.34,0.96,0.03,skip,"(-0.1, 1.0]","(0.2, 0.4]"
BTC,2026-08-02 00:00:00+00:00,trend_pullback,1,0.2550901190398789,1,0.09,0.31,0.14,1.44,2.15,0.51,0.0,skip,"(-0.1, 1.0]","(0.0, 0.2]"
BTC,2026-08-02 01:00:00+00:00,trend_pullback,1,0.17942298042944724,1,0.27,0.12,0.14,0.0,0.83,0.94,0.03,skip,"(-0.1, 1.0]","(0.2, 0.4]"
BTC,2026-08-02 01:05:00+00:00,trend_pullback,1,0.24535054385689017,1,0.19,0.32,0.14,0.0,1.13,0.87,0.01,skip,"(-0.1, 1.0]","(0.0, 0.2]"
BTC,2026-08-02 06:25:00+00:00,trend_pullback,1,-3.0647022976027944,0,0.18,0.12,0.14,0.0,1.32,0.8,0.02,skip,"(-0.1, 1.0]","(0.0, 0.2]"
BTC,2026-08-02 06:40:00+00:00,trend_pullback,1,0.14077393203628807,1,0.17,0.21,0.15,0.0,1.83,0.74,0.01,skip,"(-0.1, 1.0]","(0.0, 0.2]"
BTC,2026-08-02 07:00:00+00:00,trend_pullback,1,-0.14240481014305373,1,0.21,0.08,0.14,0.0,2.19,0.71,0.0,skip,"(-0.1, 1.0]","(0.2, 0.4]"
BTC,2026-08-02 07:05:00+00:00,trend_pullback,1,-0.21821704839325493,1,0.21,0.11,0.14,0.0,2.16,0.79,0.01,skip,"(-0.1, 1.0]","(0.2, 0.4]"
BTC,2026-08-02 07:25:00+00:00,trend_pullback,1,-0.6183032991837446,1,0.13,0.18,0.14,0.0,2.58,0.64,0.01,skip,"(-0.1, 1.0]","(0.0, 0.2]"
BTC,2026-08-02 07:35:00+00:00,trend_pullback,1,-4.4074721510290304,0,0.11,0.26,0.15,0.0,1.94,0.62,0.01,skip,"(-0.1, 1.0]","(0.0, 0.2]"
BTC,2026-08-02 07:55:00+00:00,trend_pullback,1,-4.198241979444404,0,0.3,0.19,0.13,0.0,2.48,1.05,0.03,skip,"(1.0, 1.5]","(0.2, 0.4]"
BTC,2026-08-02 08:05:00+00:00,trend_pullback,1,-4.04210655948685,0,0.27,0.11,0.14,0.0,1.49,0.99,0.03,skip,"(-0.1, 1.0]","(0.2, 0.4]"
BTC,2026-08-02 19:10:00+00:00,trend_pullback,1,0.6530597966705862,1,0.44,0.83,0.14,0.0,0.71,1.25,0.04,wait,"(1.0, 1.5]","(0.4, 0.6]"
BTC,2026-08-02 19:35:00+00:00,trend_pullback,1,0.49415859090583397,1,0.37,0.33,0.14,0.0,0.51,1.03,0.06,skip,"(1.0, 1.5]","(0.2, 0.4]"
BTC,2026-08-02 20:30:00+00:00,trend_pullback,1,-2.6323405660945403,0,0.22,0.35,0.15,0.0,1.92,0.97,0.02,skip,"(-0.1, 1.0]","(0.2, 0.4]"
BTC,2026-08-02 20:40:00+00:00,trend_pullback,1,0.40513683642118925,1,0.25,0.16,0.15,0.0,0.85,0.92,0.02,skip,"(-0.1, 1.0]","(0.2, 0.4]"
BTC,2026-08-02 20:45:00+00:00,trend_pullback,1,0.508529197315713,1,0.14,0.84,0.14,0.0,1.82,0.75,0.01,skip,"(-0.1, 1.0]","(0.0, 0.2]"
BTC,2026-08-02 21:40:00+00:00,trend_pullback,1,-2.0602099781402496,0,0.1,0.64,0.13,0.0,2.76,0.45,0.0,skip,"(-0.1, 1.0]","(0.0, 0.2]"
BTC,2026-08-03 13:35:00+00:00,trend_pullback,1,1.1321022975630957,1,0.27,0.41,0.34,1.43,1.71,1.46,0.08,wait,"(1.0, 1.5]","(0.2, 0.4]"
BTC,2026-08-03 13:45:00+00:00,trend_pullback,1,1.169317096959,1,0.18,0.37,0.36,1.13,2.9,0.96,0.01,skip,"(-0.1, 1.0]","(0.0, 0.2]"
BTC,2026-08-03 16:00:00+00:00,trend_pullback,1,1.2345171749241175,1,0.18,0.39,0.36,0.0,1.52,1.05,0.02,wait,"(1.0, 1.5]","(0.0, 0.2]"
BTC,2026-08-03 16:10:00+00:00,trend_pullback,1,1.2364740467791586,1,0.24,0.41,0.36,0.0,1.4,1.26,0.04,wait,"(1.0, 1.5]","(0.2, 0.4]"
BTC,2026-08-03 16:45:00+00:00,trend_pullback,1,-1.4852176783613116,0,0.18,0.25,0.35,0.0,1.96,1.19,0.02,wait,"(1.0, 1.5]","(0.0, 0.2]"
BTC,2026-08-03 16:55:00+00:00,trend_pullback,1,1.17675653717148,1,0.17,0.21,0.35,0.0,0.28,0.82,0.01,wait,"(-0.1, 1.0]","(0.0, 0.2]"
BTC,2026-08-03 17:05:00+00:00,trend_pullback,1,1.1543498452562844,1,0.17,0.15,0.35,0.0,0.25,0.76,0.01,wait,"(-0.1, 1.0]","(0.0, 0.2]"
BTC,2026-08-03 17:10:00+00:00,trend_pullback,1,1.145187059649434,1,0.19,0.16,0.31,0.0,0.62,0.91,0.01,wait,"(-0.1, 1.0]","(0.0, 0.2]"
BTC,2026-08-03 17:20:00+00:00,trend_pullback,1,-1.5394785367164543,0,0.19,0.87,0.31,0.0,1.82,1.2,0.02,wait,"(1.0, 1.5]","(0.0, 0.2]"
BTC,2026-08-03 17:30:00+00:00,trend_pullback,1,1.168755500775136,1,0.25,0.23,0.33,0.0,0.75,1.2,0.03,wait,"(1.0, 1.5]","(0.2, 0.4]"
BTC,2026-08-03 17:40:00+00:00,trend_pullback,1,-1.5405805866445799,0,0.3,0.16,0.3,0.0,1.58,1.33,0.04,wait,"(1.0, 1.5]","(0.2, 0.4]"
BTC,2026-08-03 17:55:00+00:00,trend_pullback,1,-1.6078788591670081,0,0.28,0.17,0.33,0.0,1.59,1.31,0.04,wait,"(1.0, 1.5]","(0.2, 0.4]"
BTC,2026-08-03 18:00:00+00:00,trend_pullback,1,-1.6315388489972027,0,0.27,0.17,0.34,0.0,1.57,1.24,0.03,wait,"(1.0, 1.5]","(0.2, 0.4]"
BTC,2026-08-03 18:10:00+00:00,trend_pullback,1,-1.641218811078352,0,0.19,0.3,0.31,0.0,1.29,1.02,0.02,wait,"(1.0, 1.5]","(0.0, 0.2]"
BTC,2026-08-03 18:30:00+00:00,trend_pullback,1,-1.6749501241329663,0,0.19,0.32,0.34,0.0,1.18,0.84,0.01,wait,"(-0.1, 1.0]","(0.0, 0.2]"
BTC,2026-08-03 18:50:00+00:00,trend_pullback,1,1.0517433637126552,1,0.18,0.11,0.13,0.0,0.69,0.65,0.01,skip,"(-0.1, 1.0]","(0.0, 0.2]"
BTC,2026-08-03 19:00:00+00:00,trend_pullback,1,1.0230875767419314,1,0.17,0.11,0.13,0.0,0.69,0.64,0.01,skip,"(-0.1, 1.0]","(0.0, 0.2]"
BTC,2026-08-03 19:05:00+00:00,trend_pullback,1,1.0159291226380256,1,0.18,0.1,0.13,0.0,1.16,0.65,0.0,skip,"(-0.1, 1.0]","(0.0, 0.2]"
BTC,2026-08-03 19:10:00+00:00,trend_pullback,1,1.0017503973062472,1,0.2,0.11,0.13,0.0,1.74,0.77,0.01,skip,"(-0.1, 1.0]","(0.0, 0.2]"
BTC,2026-08-03 19:40:00+00:00,trend_pullback,1,-1.72037557489296,0,0.24,0.21,0.14,0.0,0.84,0.93,0.02,skip,"(-0.1, 1.0]","(0.2, 0.4]"
BTC,2026-08-03 19:50:00+00:00,trend_pullback,1,-1.7629657461602164,0,0.24,0.28,0.14,0.0,1.68,0.94,0.02,skip,"(-0.1, 1.0]","(0.2, 0.4]"
BTC,2026-08-03 20:15:00+00:00,trend_pullback,1,-1.8069394164644232,0,0.19,0.22,0.13,0.0,1.25,0.87,0.02,skip,"(-0.1, 1.0]","(0.0, 0.2]"
BTC,2026-08-03 20:25:00+00:00,trend_pullback,1,-1.835510868964627,0,0.18,0.2,0.14,0.0,1.56,0.7,0.01,skip,"(-0.1, 1.0]","(0.0, 0.2]"
BTC,2026-08-03 20:40:00+00:00,trend_pullback,1,-1.9604076601667526,0,0.16,0.16,0.12,0.0,0.31,0.58,0.0,skip,"(-0.1, 1.0]","(0.0, 0.2]"
BTC,2026-08-04 02:30:00+00:00,trend_pullback,1,1.0215398620983118,1,0.2,0.82,0.15,0.01,1.25,0.99,0.02,skip,"(-0.1, 1.0]","(0.0, 0.2]"
BTC,2026-08-04 03:25:00+00:00,trend_pullback,1,0.9876611627466828,1,0.25,0.82,0.14,0.0,0.86,0.93,0.03,skip,"(-0.1, 1.0]","(0.2, 0.4]"
BTC,2026-08-04 03:30:00+00:00,trend_pullback,1,0.9927948905438753,1,0.2,0.82,0.14,0.0,1.55,0.73,0.01,skip,"(-0.1, 1.0]","(0.0, 0.2]"
BTC,2026-08-04 04:05:00+00:00,trend_pullback,1,0.808186081117915,1,0.33,0.29,0.15,0.0,1.85,1.17,0.03,wait,"(1.0, 1.5]","(0.2, 0.4]"
BTC,2026-08-04 04:15:00+00:00,trend_pullback,1,0.7988804348027047,1,0.14,0.22,0.14,0.0,1.95,0.8,0.01,skip,"(-0.1, 1.0]","(0.0, 0.2]"
BTC,2026-08-04 06:15:00+00:00,trend_pullback,1,-2.098717501857042,0,0.37,0.2,0.13,0.29,0.16,0.9,0.04,skip,"(-0.1, 1.0]","(0.2, 0.4]"
BTC,2026-08-04 11:40:00+00:00,trend_pullback,1,-1.9157514680304557,0,0.1,0.8,0.14,0.01,2.17,0.57,0.0,skip,"(-0.1, 1.0]","(0.0, 0.2]"
BTC,2026-08-04 12:25:00+00:00,trend_pullback,1,0.850943176854797,1,0.34,0.37,0.15,0.0,1.05,1.3,0.06,wait,"(1.0, 1.5]","(0.2, 0.4]"
BTC,2026-08-04 12:30:00+00:00,trend_pullback,1,0.8570117197429613,1,0.18,0.82,0.14,0.01,1.43,0.96,0.02,skip,"(-0.1, 1.0]","(0.0, 0.2]"
BTC,2026-08-04 13:00:00+00:00,trend_pullback,1,-1.8472340044354647,0,0.34,0.84,0.14,0.0,1.89,1.22,0.04,wait,"(1.0, 1.5]","(0.2, 0.4]"
BTC,2026-08-04 13:20:00+00:00,trend_pullback,1,-1.7808373684269372,0,0.26,0.79,0.14,0.0,1.49,1.03,0.01,wait,"(1.0, 1.5]","(0.2, 0.4]"
BTC,2026-08-04 13:30:00+00:00,trend_pullback,1,-1.701559857403953,0,0.19,0.8,0.14,0.0,1.7,0.96,0.01,skip,"(-0.1, 1.0]","(0.0, 0.2]"
BTC,2026-08-04 13:35:00+00:00,trend_pullback,1,-1.6743287535127798,0,0.17,0.39,0.36,0.0,2.14,1.09,0.03,skip,"(1.0, 1.5]","(0.0, 0.2]"
BTC,2026-08-04 14:25:00+00:00,trend_pullback,1,1.2117396927643937,1,0.28,0.4,0.34,0.29,1.22,1.02,0.06,skip,"(1.0, 1.5]","(0.2, 0.4]"
BTC,2026-08-04 15:40:00+00:00,trend_pullback,1,-1.5027006381161896,0,0.15,0.4,0.34,0.0,1.71,0.94,0.02,skip,"(-0.1, 1.0]","(0.0, 0.2]"
BTC,2026-08-04 16:15:00+00:00,trend_pullback,1,-1.5580332764427247,0,0.22,0.36,0.32,0.0,1.21,1.1,0.01,wait,"(1.0, 1.5]","(0.2, 0.4]"
BTC,2026-08-04 17:25:00+00:00,trend_pullback,1,-1.6224102554249769,0,0.14,0.85,0.35,0.0,1.81,1.11,0.03,skip,"(1.0, 1.5]","(0.0, 0.2]"
BTC,2026-08-04 18:00:00+00:00,trend_pullback,1,1.0894608654354259,1,0.17,0.16,0.31,0.01,0.81,0.89,0.02,skip,"(-0.1, 1.0]","(0.0, 0.2]"
BTC,2026-08-04 18:05:00+00:00,trend_pullback,1,1.0937218698622495,1,0.16,0.86,0.29,0.01,1.95,0.82,0.01,skip,"(-0.1, 1.0]","(0.0, 0.2]"
BTC,2026-08-04 19:25:00+00:00,trend_pullback,1,0.9462225168931071,1,0.23,0.11,0.14,0.0,1.72,0.86,0.01,skip,"(-0.1, 1.0]","(0.2, 0.4]"
BTC,2026-08-04 19:30:00+00:00,trend_pullback,1,0.9279558749747154,1,0.23,0.11,0.14,0.0,2.03,0.8,0.01,skip,"(-0.1, 1.0]","(0.2, 0.4]"
BTC,2026-08-04 19:35:00+00:00,trend_pullback,1,-1.8523206310147429,0,0.21,0.31,0.15,0.0,2.2,0.86,0.01,skip,"(-0.1, 1.0]","(0.2, 0.4]"
BTC,2026-08-04 19:40:00+00:00,trend_pullback,1,-1.809183985351615,0,0.13,0.23,0.14,0.0,2.05,0.75,0.01,skip,"(-0.1, 1.0]","(0.0, 0.2]"
BTC,2026-08-04 21:20:00+00:00,trend_pullback,1,-1.8490395377904114,0,0.19,0.11,0.15,0.0,1.43,0.71,0.01,skip,"(-0.1, 1.0]","(0.0, 0.2]"
BTC,2026-08-04 22:55:00+00:00,trend_pullback,1,-2.254724936846033,0,0.13,0.11,0.14,0.01,1.78,0.6,0.01,skip,"(-0.1, 1.0]","(0.0, 0.2]"
BTC,2026-08-04 23:05:00+00:00,trend_pullback,1,0.8843125528537866,1,0.11,0.32,0.15,0.01,2.36,0.5,0.0,skip,"(-0.1, 1.0]","(0.0, 0.2]"
BTC,2026-08-05 03:00:00+00:00,trend_pullback,1,-1.861254502339573,0,0.24,0.3,0.14,0.01,1.79,0.81,0.01,skip,"(-0.1, 1.0]","(0.2, 0.4]"
BTC,2026-08-05 05:50:00+00:00,trend_pullback,1,-2.144012239306733,0,0.31,0.13,0.14,0.01,1.25,1.12,0.02,wait,"(1.0, 1.5]","(0.2, 0.4]"
BTC,2026-08-05 06:00:00+00:00,trend_pullback,1,-2.134556814772549,0,0.24,0.3,0.15,0.01,0.99,1.04,0.03,skip,"(1.0, 1.5]","(0.2, 0.4]"
BTC,2026-08-05 06:10:00+00:00,trend_pullback,1,-2.140609233984813,0,0.28,0.11,0.14,0.01,1.58,0.89,0.01,wait,"(-0.1, 1.0]","(0.2, 0.4]"
BTC,2026-08-05 06:15:00+00:00,trend_pullback,1,-2.148639536422235,0,0.4,0.29,0.15,0.01,1.82,1.18,0.05,skip,"(1.0, 1.5]","(0.2, 0.4]"
BTC,2026-08-05 06:20:00+00:00,trend_pullback,1,-2.136212868193687,0,0.27,0.29,0.15,0.0,1.75,1.03,0.02,skip,"(1.0, 1.5]","(0.2, 0.4]"
BTC,2026-08-05 06:30:00+00:00,trend_pullback,1,-2.224746487337302,0,0.16,0.18,0.14,0.01,0.39,0.48,0.0,skip,"(-0.1, 1.0]","(0.0, 0.2]"
BTC,2026-08-05 14:30:00+00:00,trend_pullback,1,1.2029257144957555,1,0.42,0.42,0.34,0.0,1.8,1.63,0.05,wait,"(1.5, 2.0]","(0.4, 0.6]"
BTC,2026-08-05 14:40:00+00:00,trend_pullback,1,1.1976081451564502,1,0.23,0.45,0.5,0.0,1.71,1.37,0.05,wait,"(1.0, 1.5]","(0.2, 0.4]"
BTC,2026-08-05 14:55:00+00:00,trend_pullback,1,1.2011637306836203,1,0.23,0.4,0.37,0.01,0.79,1.34,0.03,wait,"(1.0, 1.5]","(0.2, 0.4]"
BTC,2026-08-05 15:25:00+00:00,trend_pullback,1,1.2079696197033147,1,0.47,0.44,0.37,0.0,1.78,1.64,0.07,wait,"(1.5, 2.0]","(0.4, 0.6]"
BTC,2026-08-05 15:30:00+00:00,trend_pullback,1,-1.476062943878935,0,0.3,0.26,0.34,0.0,1.46,1.53,0.1,wait,"(1.5, 2.0]","(0.2, 0.4]"
BTC,2026-08-05 15:35:00+00:00,trend_pullback,1,-1.4602912493660414,0,0.19,0.43,0.34,0.0,2.03,1.18,0.02,skip,"(1.0, 1.5]","(0.0, 0.2]"
BTC,2026-08-05 16:05:00+00:00,trend_pullback,1,1.1645211196637781,1,0.21,0.36,0.31,0.01,0.24,1.06,0.03,wait,"(1.0, 1.5]","(0.2, 0.4]"
BTC,2026-08-05 16:10:00+00:00,trend_pullback,1,1.16241400544001,1,0.14,0.23,0.33,0.01,1.78,0.8,0.01,skip,"(-0.1, 1.0]","(0.0, 0.2]"
BTC,2026-08-05 16:55:00+00:00,trend_pullback,1,-1.6437272842870658,0,0.23,0.24,0.36,0.0,1.94,1.21,0.03,wait,"(1.0, 1.5]","(0.2, 0.4]"
BTC,2026-08-05 17:25:00+00:00,trend_pullback,1,1.0133234254293964,1,0.18,0.15,0.13,0.0,1.28,0.58,0.0,skip,"(-0.1, 1.0]","(0.0, 0.2]"
BTC,2026-08-05 17:35:00+00:00,trend_pullback,1,1.0243102572794858,1,0.11,0.84,0.14,0.0,1.88,0.55,0.01,skip,"(-0.1, 1.0]","(0.0, 0.2]"
BTC,2026-08-05 18:10:00+00:00,trend_pullback,1,-1.7859400982887035,0,0.15,0.35,0.14,0.0,1.94,0.82,0.01,skip,"(-0.1, 1.0]","(0.0, 0.2]"
BTC,2026-08-05 18:25:00+00:00,trend_pullback,1,1.020849763777168,1,0.33,0.32,0.13,0.0,1.35,1.12,0.08,skip,"(1.0, 1.5]","(0.2, 0.4]"
BTC,2026-08-05 18:35:00+00:00,trend_pullback,1,1.013032439503339,1,0.14,0.84,0.14,0.0,1.59,0.74,0.01,skip,"(-0.1, 1.0]","(0.0, 0.2]"
BTC,2026-08-05 20:00:00+00:00,trend_pullback,1,0.8255053096651526,1,0.24,0.28,0.14,0.0,1.28,0.93,0.01,skip,"(-0.1, 1.0]","(0.2, 0.4]"
BTC,2026-08-05 20:05:00+00:00,trend_pullback,1,0.8203041470374676,1,0.31,0.2,0.13,0.0,1.8,1.06,0.03,skip,"(1.0, 1.5]","(0.2, 0.4]"
BTC,2026-08-05 20:10:00+00:00,trend_pullback,1,0.8252931323636128,1,0.12,0.09,0.13,0.0,1.86,0.7,0.01,skip,"(-0.1, 1.0]","(0.0, 0.2]"
BTC,2026-08-05 20:20:00+00:00,trend_pullback,1,-1.9822872922867634,0,0.15,0.28,0.14,0.0,2.59,0.67,0.0,skip,"(-0.1, 1.0]","(0.0, 0.2]"
BTC,2026-08-05 20:50:00+00:00,trend_pullback,1,-2.067374271790441,0,0.33,0.09,0.14,0.0,1.53,1.01,0.02,wait,"(1.0, 1.5]","(0.2, 0.4]"
BTC,2026-08-06 06:20:00+00:00,trend_pullback,1,0.8013671911033432,1,0.26,0.31,0.14,0.0,1.06,0.88,0.02,skip,"(-0.1, 1.0]","(0.2, 0.4]"
BTC,2026-08-06 06:25:00+00:00,trend_pullback,1,0.7640717004957,1,0.19,0.32,0.14,0.0,1.36,0.77,0.01,skip,"(-0.1, 1.0]","(0.0, 0.2]"
BTC,2026-08-06 06:30:00+00:00,trend_pullback,1,0.7426689176284808,1,0.21,0.31,0.14,0.0,1.69,0.83,0.01,skip,"(-0.1, 1.0]","(0.2, 0.4]"
BTC,2026-08-06 06:50:00+00:00,trend_pullback,1,0.6427628962677646,1,0.24,0.81,0.14,0.0,0.74,1.0,0.01,wait,"(-0.1, 1.0]","(0.2, 0.4]"
BTC,2026-08-06 06:55:00+00:00,trend_pullback,1,-2.4229702953311016,0,0.25,0.81,0.15,0.0,0.92,0.98,0.04,skip,"(-0.1, 1.0]","(0.2, 0.4]"
BTC,2026-08-06 07:05:00+00:00,trend_pullback,1,0.5964399171050049,1,0.28,0.87,0.15,0.0,1.56,1.16,0.05,skip,"(1.0, 1.5]","(0.2, 0.4]"
BTC,2026-08-06 07:10:00+00:00,trend_pullback,1,-2.3230853796212343,0,0.12,0.88,0.15,0.0,1.9,0.75,0.01,skip,"(-0.1, 1.0]","(0.0, 0.2]"
BTC,2026-08-06 15:35:00+00:00,trend_pullback,1,-1.5626227216698207,0,0.35,0.24,0.37,0.01,0.8,1.4,0.04,wait,"(1.0, 1.5]","(0.2, 0.4]"
BTC,2026-08-06 16:05:00+00:00,trend_pullback,1,-1.5962517015962179,0,0.17,0.2,0.35,0.0,0.21,0.71,0.01,skip,"(-0.1, 1.0]","(0.0, 0.2]"
BTC,2026-08-06 16:50:00+00:00,trend_pullback,1,-1.7015691519932326,0,0.14,0.2,0.13,0.0,0.15,0.44,0.0,skip,"(-0.1, 1.0]","(0.0, 0.2]"
BTC,2026-08-06 16:55:00+00:00,trend_pullback,1,-1.7284541257530248,0,0.21,0.22,0.14,0.0,0.2,0.72,0.01,skip,"(-0.1, 1.0]","(0.2, 0.4]"
BTC,2026-08-06 17:15:00+00:00,trend_pullback,1,-1.7971830337662396,0,0.42,0.16,0.13,0.0,0.62,0.86,0.02,skip,"(-0.1, 1.0]","(0.4, 0.6]"
BTC,2026-08-07 06:35:00+00:00,trend_pullback,1,-2.293718130572329,0,0.29,0.82,0.15,1.11,0.45,1.03,0.02,wait,"(1.0, 1.5]","(0.2, 0.4]"
BTC,2026-08-07 07:50:00+00:00,trend_pullback,1,-2.683910805996469,0,0.24,0.12,0.14,1.45,0.96,0.8,0.01,skip,"(-0.1, 1.0]","(0.2, 0.4]"
BTC,2026-08-07 08:10:00+00:00,trend_pullback,1,0.5200343007314776,1,0.18,0.19,0.13,0.0,0.43,0.62,0.0,skip,"(-0.1, 1.0]","(0.0, 0.2]"
BTC,2026-08-07 12:25:00+00:00,trend_pullback,1,-1.943994670744545,0,0.42,0.82,0.15,0.0,1.95,1.37,0.08,wait,"(1.0, 1.5]","(0.4, 0.6]"
BTC,2026-08-07 12:35:00+00:00,trend_pullback,1,1.0844657707254295,1,0.28,0.44,0.36,0.0,1.67,1.52,0.1,wait,"(1.5, 2.0]","(0.2, 0.4]"
BTC,2026-08-07 13:30:00+00:00,trend_pullback,1,-1.627924646906299,0,0.21,0.4,0.37,0.0,2.09,1.3,0.02,wait,"(1.0, 1.5]","(0.2, 0.4]"
BTC,2026-08-07 13:35:00+00:00,trend_pullback,1,-1.5883579066984812,0,0.23,0.42,0.36,0.0,2.53,1.31,0.03,wait,"(1.0, 1.5]","(0.2, 0.4]"
BTC,2026-08-07 13:40:00+00:00,trend_pullback,1,-1.5761509202927875,0,0.2,0.39,0.38,0.0,2.72,1.11,0.02,skip,"(1.0, 1.5]","(0.0, 0.2]"
BTC,2026-08-07 14:25:00+00:00,trend_pullback,1,-1.4776493866906573,0,0.17,0.41,0.33,0.23,1.94,0.85,0.01,skip,"(-0.1, 1.0]","(0.0, 0.2]"
BTC,2026-08-07 20:35:00+00:00,trend_pullback,1,0.6618674604586574,1,0.19,0.11,0.13,0.01,1.18,0.88,0.01,skip,"(-0.1, 1.0]","(0.0, 0.2]"
BTC,2026-08-07 21:20:00+00:00,trend_pullback,1,0.38159147421651507,1,0.25,0.11,0.14,0.01,1.59,0.92,0.01,skip,"(-0.1, 1.0]","(0.2, 0.4]"
BTC,2026-08-08 01:30:00+00:00,trend_pullback,1,-3.8014426940554618,0,0.33,0.12,0.14,0.0,0.91,0.97,0.05,wait,"(-0.1, 1.0]","(0.2, 0.4]"
BTC,2026-08-08 01:35:00+00:00,trend_pullback,1,-3.819230286552027,0,0.27,0.18,0.15,0.0,1.64,1.04,0.01,skip,"(1.0, 1.5]","(0.2, 0.4]"
BTC,2026-08-08 03:00:00+00:00,trend_pullback,1,-0.9399395449738047,1,0.18,0.25,0.15,0.0,1.89,0.88,0.01,skip,"(-0.1, 1.0]","(0.0, 0.2]"
BTC,2026-08-08 03:15:00+00:00,trend_pullback,1,-0.6538560804618353,1,0.08,0.11,0.14,0.01,2.36,0.35,0.0,skip,"(-0.1, 1.0]","(0.0, 0.2]"
BTC,2026-08-08 04:15:00+00:00,trend_pullback,1,0.00964199727880591,1,0.27,0.31,0.15,0.01,1.24,0.9,0.02,skip,"(-0.1, 1.0]","(0.2, 0.4]"
BTC,2026-08-08 04:25:00+00:00,trend_pullback,1,-0.0902300939968243,1,0.19,0.31,0.15,0.0,0.66,0.72,0.01,skip,"(-0.1, 1.0]","(0.0, 0.2]"
BTC,2026-08-08 05:20:00+00:00,trend_pullback,1,-4.200072200211009,0,0.19,0.09,0.14,0.0,0.94,0.73,0.01,skip,"(-0.1, 1.0]","(0.0, 0.2]"
BTC,2026-08-08 05:25:00+00:00,trend_pullback,1,-4.3617805695623275,0,0.2,0.11,0.14,0.0,1.84,0.8,0.01,skip,"(-0.1, 1.0]","(0.0, 0.2]"
BTC,2026-08-08 07:20:00+00:00,trend_pullback,1,-7.356651778152373,0,0.21,0.17,0.14,0.01,1.46,0.72,0.01,skip,"(-0.1, 1.0]","(0.2, 0.4]"
BTC,2026-08-08 07:25:00+00:00,trend_pullback,1,-7.795990560754075,0,0.14,0.08,0.13,0.01,1.83,0.57,0.0,skip,"(-0.1, 1.0]","(0.0, 0.2]"
BTC,2026-08-08 10:05:00+00:00,trend_pullback,1,-7.68615999209858,0,0.21,0.11,0.14,0.0,1.52,0.86,0.02,skip,"(-0.1, 1.0]","(0.2, 0.4]"
BTC,2026-08-08 10:20:00+00:00,trend_pullback,1,-2.989885995090022,1,0.27,0.11,0.14,0.01,0.77,0.82,0.02,skip,"(-0.1, 1.0]","(0.2, 0.4]"
BTC,2026-08-08 10:25:00+00:00,trend_pullback,1,-7.6795335791115065,0,0.16,0.09,0.14,0.01,1.52,0.77,0.01,skip,"(-0.1, 1.0]","(0.0, 0.2]"
BTC,2026-08-08 11:05:00+00:00,trend_pullback,1,-3.9894018398459075,1,0.35,0.22,0.14,0.0,1.68,1.02,0.06,skip,"(1.0, 1.5]","(0.2, 0.4]"
BTC,2026-08-08 11:10:00+00:00,trend_pullback,1,-8.903342894970121,0,0.13,0.11,0.14,0.0,1.75,0.64,0.01,skip,"(-0.1, 1.0]","(0.0, 0.2]"
BTC,2026-08-08 13:40:00+00:00,trend_pullback,1,-6.244974307604771,0,0.3,0.85,0.14,0.01,1.56,1.02,0.06,skip,"(1.0, 1.5]","(0.2, 0.4]"
BTC,2026-08-08 13:45:00+00:00,trend_pullback,1,-1.8211341843779847,1,0.22,0.87,0.14,0.01,1.34,0.84,0.01,skip,"(-0.1, 1.0]","(0.2, 0.4]"
BTC,2026-08-08 15:20:00+00:00,trend_pullback,1,-3.649010722152002,0,0.22,0.34,0.14,0.0,1.7,0.92,0.01,skip,"(-0.1, 1.0]","(0.2, 0.4]"
BTC,2026-08-08 15:50:00+00:00,trend_pullback,1,-4.248679805685063,0,0.22,0.82,0.14,0.19,1.34,0.91,0.02,skip,"(-0.1, 1.0]","(0.2, 0.4]"
BTC,2026-08-08 16:00:00+00:00,trend_pullback,1,-4.45043497597194,0,0.32,0.22,0.13,0.0,0.91,0.93,0.04,skip,"(-0.1, 1.0]","(0.2, 0.4]"
BTC,2026-08-08 16:05:00+00:00,trend_pullback,1,-4.3344890478998765,0,0.26,0.33,0.14,0.0,1.61,0.85,0.01,skip,"(-0.1, 1.0]","(0.2, 0.4]"
BTC,2026-08-08 16:15:00+00:00,trend_pullback,1,-4.695696173446932,0,0.25,0.83,0.13,0.01,1.48,0.82,0.01,skip,"(-0.1, 1.0]","(0.2, 0.4]"
BTC,2026-08-08 16:50:00+00:00,trend_pullback,1,-1.1462709916769516,1,0.14,0.33,0.14,0.43,1.5,0.57,0.01,skip,"(-0.1, 1.0]","(0.0, 0.2]"
BTC,2026-08-08 16:55:00+00:00,trend_pullback,1,-5.303165539056066,0,0.17,0.32,0.14,0.23,1.59,0.72,0.01,skip,"(-0.1, 1.0]","(0.0, 0.2]"
BTC,2026-08-08 17:05:00+00:00,trend_pullback,1,-1.166256275746295,1,0.14,0.87,0.14,0.01,1.53,0.66,0.01,skip,"(-0.1, 1.0]","(0.0, 0.2]"
BTC,2026-08-09 12:50:00+00:00,trend_pullback,1,-2.8536567095682615,1,0.2,0.2,0.14,0.22,1.54,0.77,0.01,skip,"(-0.1, 1.0]","(0.0, 0.2]"
BTC,2026-07-01 11:25:00+00:00,trend_pullback,-1,1.0074918893131504,1,0.29,0.17,0.13,0.0,1.65,0.93,0.02,skip,"(-0.1, 1.0]","(0.2, 0.4]"
BTC,2026-07-01 11:30:00+00:00,trend_pullback,-1,-1.761162182472922,0,0.24,0.21,0.14,0.0,1.16,0.93,0.02,skip,"(-0.1, 1.0]","(0.2, 0.4]"
BTC,2026-07-01 11:45:00+00:00,trend_pullback,-1,1.0074416945715505,1,0.23,0.1,0.14,0.0,0.8,0.81,0.01,skip,"(-0.1, 1.0]","(0.2, 0.4]"
BTC,2026-07-01 12:00:00+00:00,trend_pullback,-1,1.040478623852115,1,0.21,0.82,0.13,0.0,2.11,0.75,0.01,skip,"(-0.1, 1.0]","(0.2, 0.4]"
BTC,2026-07-01 12:30:00+00:00,trend_pullback,-1,-1.5937801495113129,0,0.24,0.88,0.35,0.0,2.08,1.12,0.08,wait,"(1.0, 1.5]","(0.2, 0.4]"
BTC,2026-07-02 20:50:00+00:00,trend_pullback,-1,-1.6930850391578076,0,0.37,0.12,0.35,1.35,1.32,1.89,0.15,wait,"(1.5, 2.0]","(0.2, 0.4]"
BTC,2026-07-02 21:45:00+00:00,trend_pullback,-1,-2.0514481137056855,0,0.25,0.07,0.13,1.19,1.8,0.79,0.01,skip,"(-0.1, 1.0]","(0.2, 0.4]"
BTC,2026-07-02 22:45:00+00:00,trend_pullback,-1,0.5824217657747855,1,0.31,0.1,0.13,1.22,2.16,1.07,0.05,skip,"(1.0, 1.5]","(0.2, 0.4]"
BTC,2026-07-02 22:55:00+00:00,trend_pullback,-1,0.7654735103640088,1,0.29,0.06,0.12,1.19,2.2,1.03,0.04,skip,"(1.0, 1.5]","(0.2, 0.4]"
BTC,2026-07-02 23:35:00+00:00,trend_pullback,-1,-1.91275830265024,0,0.24,0.08,0.13,1.23,1.0,0.86,0.02,skip,"(-0.1, 1.0]","(0.2, 0.4]"
BTC,2026-07-02 23:40:00+00:00,trend_pullback,-1,-1.9342310374434308,0,0.2,0.06,0.13,1.35,1.07,0.7,0.01,skip,"(-0.1, 1.0]","(0.0, 0.2]"
BTC,2026-07-03 00:20:00+00:00,trend_pullback,-1,0.9967024488987767,1,0.33,0.25,0.14,1.37,2.11,1.02,0.02,skip,"(1.0, 1.5]","(0.2, 0.4]"
BTC,2026-07-03 00:50:00+00:00,trend_pullback,-1,-1.7593396160498875,0,0.35,0.2,0.15,1.29,1.68,1.23,0.03,wait,"(1.0, 1.5]","(0.2, 0.4]"
BTC,2026-07-03 03:05:00+00:00,trend_pullback,-1,-1.6523133034954913,0,0.38,0.88,0.36,0.0,1.79,1.7,0.13,wait,"(1.5, 2.0]","(0.2, 0.4]"
BTC,2026-07-03 03:40:00+00:00,trend_pullback,-1,-1.7100495660313542,0,0.24,0.13,0.13,0.01,1.77,0.75,0.02,skip,"(-0.1, 1.0]","(0.2, 0.4]"
BTC,2026-07-03 04:15:00+00:00,trend_pullback,-1,-1.7491289708839803,0,0.25,0.31,0.14,0.0,1.13,0.88,0.01,skip,"(-0.1, 1.0]","(0.2, 0.4]"
BTC,2026-07-03 04:30:00+00:00,trend_pullback,-1,-1.8136294585239994,0,0.16,0.31,0.13,0.01,0.18,0.55,0.0,skip,"(-0.1, 1.0]","(0.0, 0.2]"
BTC,2026-07-04 02:30:00+00:00,trend_pullback,-1,-1.9331418577126347,0,0.3,0.07,0.13,1.32,1.55,0.77,0.02,skip,"(-0.1, 1.0]","(0.2, 0.4]"
BTC,2026-07-04 03:05:00+00:00,trend_pullback,-1,-2.0238048430858866,0,0.2,0.1,0.13,1.18,1.15,0.71,0.01,skip,"(-0.1, 1.0]","(0.0, 0.2]"
BTC,2026-07-04 06:05:00+00:00,trend_pullback,-1,0.7955772776618115,1,0.33,0.25,0.14,1.19,2.2,1.21,0.05,wait,"(1.0, 1.5]","(0.2, 0.4]"
BTC,2026-07-04 06:40:00+00:00,trend_pullback,-1,-2.0281461267884526,0,0.25,0.32,0.13,1.26,0.47,1.02,0.02,skip,"(1.0, 1.5]","(0.2, 0.4]"
BTC,2026-07-04 07:00:00+00:00,trend_pullback,-1,-2.1342949978353976,0,0.23,0.19,0.13,1.35,1.04,0.81,0.01,skip,"(-0.1, 1.0]","(0.2, 0.4]"
BTC,2026-07-04 09:55:00+00:00,trend_pullback,-1,-2.327366956976082,0,0.27,0.2,0.14,1.34,0.34,0.94,0.01,skip,"(-0.1, 1.0]","(0.2, 0.4]"
BTC,2026-07-04 10:00:00+00:00,trend_pullback,-1,-2.3189731059216987,0,0.32,0.2,0.13,0.01,1.69,1.2,0.12,skip,"(1.0, 1.5]","(0.2, 0.4]"
BTC,2026-07-04 10:30:00+00:00,trend_pullback,-1,-2.5144176463576833,0,0.22,0.11,0.14,0.01,1.28,0.66,0.01,skip,"(-0.1, 1.0]","(0.2, 0.4]"
BTC,2026-07-04 10:35:00+00:00,trend_pullback,-1,-2.5580649244178653,0,0.15,0.09,0.13,0.01,0.08,0.41,0.0,skip,"(-0.1, 1.0]","(0.0, 0.2]"
BTC,2026-07-04 11:00:00+00:00,trend_pullback,-1,-2.644695351899817,0,0.19,0.1,0.13,0.01,0.33,0.53,0.0,skip,"(-0.1, 1.0]","(0.0, 0.2]"
BTC,2026-07-04 11:45:00+00:00,trend_pullback,-1,-2.5387727181138313,0,0.19,0.18,0.13,0.01,1.97,0.6,0.01,skip,"(-0.1, 1.0]","(0.0, 0.2]"
BTC,2026-07-04 11:55:00+00:00,trend_pullback,-1,-2.60750257218706,0,0.17,0.18,0.12,0.01,1.61,0.52,0.01,skip,"(-0.1, 1.0]","(0.0, 0.2]"
BTC,2026-07-05 00:00:00+00:00,trend_pullback,-1,0.9494945032566043,1,0.23,0.82,0.14,1.22,1.68,0.88,0.02,skip,"(-0.1, 1.0]","(0.2, 0.4]"
BTC,2026-07-05 00:40:00+00:00,trend_pullback,-1,0.9084109588803337,1,0.34,0.87,0.15,1.24,1.85,1.22,0.03,wait,"(1.0, 1.5]","(0.2, 0.4]"
BTC,2026-07-05 00:45:00+00:00,trend_pullback,-1,0.9156623074646849,1,0.26,0.13,0.14,1.21,1.37,0.98,0.01,skip,"(-0.1, 1.0]","(0.2, 0.4]"
BTC,2026-07-05 02:00:00+00:00,trend_pullback,-1,0.975228633788463,1,0.33,0.3,0.13,0.02,1.98,1.29,0.06,skip,"(1.0, 1.5]","(0.2, 0.4]"
BTC,2026-07-05 03:10:00+00:00,trend_pullback,-1,0.9311526954520496,1,0.42,0.34,0.14,0.02,0.97,1.33,0.04,wait,"(1.0, 1.5]","(0.4, 0.6]"
BTC,2026-07-05 03:15:00+00:00,trend_pullback,-1,0.9011265088726979,1,0.24,0.14,0.14,0.03,0.42,0.79,0.01,skip,"(-0.1, 1.0]","(0.2, 0.4]"
BTC,2026-07-05 03:20:00+00:00,trend_pullback,-1,-1.9268311522850183,0,0.33,0.83,0.14,0.02,1.92,1.15,0.04,wait,"(1.0, 1.5]","(0.2, 0.4]"
BTC,2026-07-05 03:40:00+00:00,trend_pullback,-1,-1.9353581535700102,0,0.32,0.3,0.14,0.02,1.36,1.19,0.04,wait,"(1.0, 1.5]","(0.2, 0.4]"
BTC,2026-07-05 04:00:00+00:00,trend_pullback,-1,-2.0101582619917577,0,0.25,0.29,0.14,0.01,1.33,0.76,0.01,skip,"(-0.1, 1.0]","(0.2, 0.4]"
BTC,2026-07-05 05:20:00+00:00,trend_pullback,-1,-2.169688720124179,0,0.28,0.19,0.13,0.0,2.0,0.76,0.02,skip,"(-0.1, 1.0]","(0.2, 0.4]"
BTC,2026-07-05 05:35:00+00:00,trend_pullback,-1,0.7642435331531564,1,0.27,0.25,0.14,0.02,1.84,1.01,0.02,skip,"(1.0, 1.5]","(0.2, 0.4]"
BTC,2026-07-05 05:55:00+00:00,trend_pullback,-1,-2.1739794681565683,0,0.38,0.23,0.14,0.01,1.55,1.18,0.03,wait,"(1.0, 1.5]","(0.2, 0.4]"
BTC,2026-07-05 06:35:00+00:00,trend_pullback,-1,-2.2144136804971777,0,0.29,0.11,0.13,0.4,1.32,0.81,0.01,skip,"(-0.1, 1.0]","(0.2, 0.4]"
BTC,2026-07-05 06:40:00+00:00,trend_pullback,-1,-2.258948067024315,0,0.23,0.11,0.13,0.38,0.64,0.82,0.01,skip,"(-0.1, 1.0]","(0.2, 0.4]"
BTC,2026-07-05 07:05:00+00:00,trend_pullback,-1,-2.456903712599021,0,0.16,0.17,0.13,0.01,0.56,0.52,0.0,skip,"(-0.1, 1.0]","(0.0, 0.2]"
BTC,2026-07-05 07:10:00+00:00,trend_pullback,-1,-2.534438854698253,0,0.15,0.07,0.13,0.01,1.03,0.35,0.0,skip,"(-0.1, 1.0]","(0.0, 0.2]"
BTC,2026-07-05 07:15:00+00:00,trend_pullback,-1,-2.504002431408697,0,0.2,0.23,0.13,0.01,1.99,0.73,0.02,skip,"(-0.1, 1.0]","(0.0, 0.2]"
BTC,2026-07-05 07:25:00+00:00,trend_pullback,-1,-2.324295391808737,0,0.19,0.07,0.13,0.01,0.13,0.47,0.0,skip,"(-0.1, 1.0]","(0.0, 0.2]"
BTC,2026-07-05 10:25:00+00:00,trend_pullback,-1,-1.8684175435050567,0,0.41,0.37,0.14,0.01,1.27,1.27,0.09,wait,"(1.0, 1.5]","(0.4, 0.6]"
BTC,2026-07-05 10:30:00+00:00,trend_pullback,-1,-1.8712115549776795,0,0.38,0.83,0.14,0.02,1.77,1.29,0.06,wait,"(1.0, 1.5]","(0.2, 0.4]"
BTC,2026-07-05 11:00:00+00:00,trend_pullback,-1,0.8766605026913128,1,0.18,0.82,0.13,0.01,0.91,0.61,0.01,skip,"(-0.1, 1.0]","(0.0, 0.2]"
BTC,2026-07-05 11:10:00+00:00,trend_pullback,-1,0.8265681684174359,1,0.24,0.32,0.13,0.02,1.67,0.63,0.01,skip,"(-0.1, 1.0]","(0.2, 0.4]"
BTC,2026-07-05 11:15:00+00:00,trend_pullback,-1,-2.0777169474072807,0,0.19,0.14,0.13,0.01,0.59,0.54,0.01,skip,"(-0.1, 1.0]","(0.0, 0.2]"
BTC,2026-07-05 11:45:00+00:00,trend_pullback,-1,0.758413821522173,1,0.18,0.83,0.13,0.01,1.27,0.58,0.0,skip,"(-0.1, 1.0]","(0.0, 0.2]"
BTC,2026-07-05 11:50:00+00:00,trend_pullback,-1,0.7408450986723989,1,0.23,0.29,0.14,0.01,1.19,0.76,0.02,skip,"(-0.1, 1.0]","(0.2, 0.4]"
BTC,2026-07-05 12:30:00+00:00,trend_pullback,-1,-2.0541871301717562,0,0.15,0.85,0.13,0.01,0.07,0.47,0.0,skip,"(-0.1, 1.0]","(0.0, 0.2]"
BTC,2026-07-05 16:20:00+00:00,trend_pullback,-1,0.8397359369992111,1,0.35,0.87,0.14,0.0,2.0,1.06,0.03,wait,"(1.0, 1.5]","(0.2, 0.4]"
BTC,2026-07-05 16:25:00+00:00,trend_pullback,-1,-1.9777592870158622,0,0.25,0.83,0.14,0.0,2.17,0.88,0.05,skip,"(-0.1, 1.0]","(0.2, 0.4]"
BTC,2026-07-05 17:25:00+00:00,trend_pullback,-1,0.8514590326378804,1,0.27,0.35,0.15,0.42,1.27,0.83,0.02,skip,"(-0.1, 1.0]","(0.2, 0.4]"
BTC,2026-07-05 17:35:00+00:00,trend_pullback,-1,-2.076173027759911,0,0.2,0.84,0.12,0.01,0.89,0.68,0.01,skip,"(-0.1, 1.0]","(0.0, 0.2]"
BTC,2026-07-05 17:40:00+00:00,trend_pullback,-1,-2.039798521844225,0,0.22,0.85,0.13,0.01,2.02,0.73,0.05,skip,"(-0.1, 1.0]","(0.2, 0.4]"
BTC,2026-07-05 18:10:00+00:00,trend_pullback,-1,-2.1224517017413125,0,0.27,0.14,0.14,0.0,1.28,0.79,0.01,skip,"(-0.1, 1.0]","(0.2, 0.4]"
BTC,2026-07-06 04:05:00+00:00,trend_pullback,-1,-1.6244699242428686,0,0.33,0.15,0.35,1.17,1.85,1.32,0.14,wait,"(1.0, 1.5]","(0.2, 0.4]"
BTC,2026-07-06 04:15:00+00:00,trend_pullback,-1,1.0901875881860583,1,0.31,0.17,0.32,1.23,1.67,1.32,0.03,wait,"(1.0, 1.5]","(0.2, 0.4]"
BTC,2026-07-06 04:20:00+00:00,trend_pullback,-1,-1.656260023245877,0,0.37,0.84,0.32,1.15,0.87,1.61,0.26,wait,"(1.5, 2.0]","(0.2, 0.4]"
BTC,2026-07-06 04:40:00+00:00,trend_pullback,-1,1.0889769409674912,1,0.41,0.87,0.36,1.43,1.19,1.6,0.18,wait,"(1.5, 2.0]","(0.4, 0.6]"
BTC,2026-07-06 04:55:00+00:00,trend_pullback,-1,1.0657527692834958,1,0.18,0.19,0.27,1.31,0.15,0.73,0.01,skip,"(-0.1, 1.0]","(0.0, 0.2]"
BTC,2026-07-06 05:55:00+00:00,trend_pullback,-1,1.042665815630148,1,0.34,0.17,0.13,0.02,1.6,1.12,0.05,skip,"(1.0, 1.5]","(0.2, 0.4]"
BTC,2026-07-06 06:15:00+00:00,trend_pullback,-1,1.0213141158464982,1,0.22,0.1,0.13,0.02,0.96,0.81,0.01,skip,"(-0.1, 1.0]","(0.2, 0.4]"
BTC,2026-07-06 06:45:00+00:00,trend_pullback,-1,0.9838112539566523,1,0.35,0.11,0.13,0.03,1.97,1.12,0.03,wait,"(1.0, 1.5]","(0.2, 0.4]"
BTC,2026-07-06 07:25:00+00:00,trend_pullback,-1,-1.9242496213133673,0,0.24,0.18,0.14,0.02,0.85,0.9,0.02,skip,"(-0.1, 1.0]","(0.2, 0.4]"
BTC,2026-07-06 08:10:00+00:00,trend_pullback,-1,0.9838822253571035,1,0.17,0.1,0.13,0.35,0.11,0.57,0.01,skip,"(-0.1, 1.0]","(0.0, 0.2]"
BTC,2026-07-06 08:30:00+00:00,trend_pullback,-1,0.9728463847306897,1,0.22,0.07,0.13,0.01,1.67,0.6,0.02,skip,"(-0.1, 1.0]","(0.2, 0.4]"
BTC,2026-07-06 10:45:00+00:00,trend_pullback,-1,-1.853593286464053,0,0.26,0.83,0.14,0.4,1.45,0.9,0.03,skip,"(-0.1, 1.0]","(0.2, 0.4]"
BTC,2026-07-06 10:50:00+00:00,trend_pullback,-1,-1.8670220826783417,0,0.23,0.3,0.14,0.4,2.03,0.88,0.03,skip,"(-0.1, 1.0]","(0.2, 0.4]"
BTC,2026-07-06 11:05:00+00:00,trend_pullback,-1,-1.9122796028319868,0,0.2,0.82,0.14,0.02,0.59,0.7,0.01,skip,"(-0.1, 1.0]","(0.0, 0.2]"
BTC,2026-07-06 11:55:00+00:00,trend_pullback,-1,1.0962065106770624,1,0.14,0.67,0.34,0.02,2.83,0.58,0.01,skip,"(-0.1, 1.0]","(0.0, 0.2]"
BTC,2026-07-06 13:55:00+00:00,trend_pullback,-1,-1.3242995987116164,0,0.37,0.45,0.84,0.0,1.2,1.94,0.24,wait,"(1.5, 2.0]","(0.2, 0.4]"
BTC,2026-07-06 14:15:00+00:00,trend_pullback,-1,-1.3226445995387757,0,0.35,0.43,0.84,0.0,1.81,1.84,0.09,wait,"(1.5, 2.0]","(0.2, 0.4]"
BTC,2026-07-06 14:45:00+00:00,trend_pullback,-1,-1.2891630666164349,0,0.29,0.23,0.83,0.34,0.82,1.46,0.1,wait,"(1.0, 1.5]","(0.2, 0.4]"
BTC,2026-07-07 04:35:00+00:00,trend_pullback,-1,1.03067489532412,1,0.25,0.21,0.13,0.04,1.15,1.02,0.02,skip,"(1.0, 1.5]","(0.2, 0.4]"
BTC,2026-07-07 05:55:00+00:00,trend_pullback,-1,-1.6251091202911874,0,0.27,0.85,0.34,0.45,0.6,1.24,0.08,wait,"(1.0, 1.5]","(0.2, 0.4]"
BTC,2026-07-07 06:00:00+00:00,trend_pullback,-1,-1.609936579873749,0,0.36,0.89,0.39,0.0,2.04,1.81,0.25,wait,"(1.5, 2.0]","(0.2, 0.4]"
BTC,2026-07-07 06:05:00+00:00,trend_pullback,-1,-1.6090253989388188,0,0.26,0.88,0.34,0.0,1.87,1.44,0.09,wait,"(1.0, 1.5]","(0.2, 0.4]"
BTC,2026-07-07 06:10:00+00:00,trend_pullback,-1,-1.6069430139182634,0,0.25,0.3,0.31,0.0,2.09,1.17,0.05,wait,"(1.0, 1.5]","(0.2, 0.4]"
BTC,2026-07-07 07:50:00+00:00,trend_pullback,-1,1.058696605613058,1,0.24,0.28,0.12,0.0,1.89,0.76,0.01,skip,"(-0.1, 1.0]","(0.2, 0.4]"
BTC,2026-07-07 08:20:00+00:00,trend_pullback,-1,1.020499579296605,1,0.33,0.11,0.13,0.02,1.47,1.11,0.03,skip,"(1.0, 1.5]","(0.2, 0.4]"
BTC,2026-07-07 08:25:00+00:00,trend_pullback,-1,-1.7614812761781034,0,0.29,0.1,0.13,0.01,1.59,0.93,0.03,skip,"(-0.1, 1.0]","(0.2, 0.4]"
BTC,2026-07-07 11:30:00+00:00,trend_pullback,-1,-1.89631898495172,0,0.23,0.1,0.13,0.0,2.02,0.75,0.01,skip,"(-0.1, 1.0]","(0.2, 0.4]"
BTC,2026-07-07 14:05:00+00:00,trend_pullback,-1,1.2668667899432335,1,0.39,0.37,0.42,0.02,2.35,1.79,0.14,wait,"(1.5, 2.0]","(0.2, 0.4]"
BTC,2026-07-07 14:20:00+00:00,trend_pullback,-1,-1.3652493641503098,0,0.31,0.39,0.36,0.01,1.81,1.38,0.07,wait,"(1.0, 1.5]","(0.2, 0.4]"
BTC,2026-07-07 14:35:00+00:00,trend_pullback,-1,-1.3094152366846765,0,0.25,0.36,0.82,0.02,2.62,1.38,0.05,wait,"(1.0, 1.5]","(0.2, 0.4]"
BTC,2026-07-07 21:15:00+00:00,trend_pullback,-1,1.1438894785194529,1,0.27,0.28,0.31,0.0,1.82,1.24,0.2,skip,"(1.0, 1.5]","(0.2, 0.4]"
BTC,2026-07-07 22:20:00+00:00,trend_pullback,-1,-1.5515232900502214,0,0.26,0.12,0.29,0.02,0.1,1.26,0.03,wait,"(1.0, 1.5]","(0.2, 0.4]"
BTC,2026-07-07 22:45:00+00:00,trend_pullback,-1,-1.58433783614744,0,0.25,0.11,0.29,0.01,0.19,1.12,0.04,wait,"(1.0, 1.5]","(0.2, 0.4]"
BTC,2026-07-08 00:15:00+00:00,trend_pullback,-1,-1.752350872284257,0,0.31,0.21,0.13,0.02,1.83,1.11,0.02,wait,"(1.0, 1.5]","(0.2, 0.4]"
BTC,2026-07-08 02:50:00+00:00,trend_pullback,-1,-1.4178524679808744,0,0.4,0.85,0.35,0.03,0.64,1.96,0.19,wait,"(1.5, 2.0]","(0.2, 0.4]"
BTC,2026-07-08 03:05:00+00:00,trend_pullback,-1,1.2079943145425254,1,0.25,0.21,0.32,0.01,0.96,1.37,0.04,wait,"(1.0, 1.5]","(0.2, 0.4]"
BTC,2026-07-08 03:15:00+00:00,trend_pullback,-1,1.1924444907921157,1,0.25,0.15,0.34,0.01,0.17,1.06,0.04,wait,"(1.0, 1.5]","(0.2, 0.4]"
BTC,2026-07-08 03:30:00+00:00,trend_pullback,-1,1.179408077981509,1,0.3,0.33,0.34,0.01,0.26,1.3,0.11,wait,"(1.0, 1.5]","(0.2, 0.4]"
BTC,2026-07-08 04:25:00+00:00,trend_pullback,-1,1.1042575282970357,1,0.32,0.15,0.3,0.0,1.11,1.52,0.05,wait,"(1.5, 2.0]","(0.2, 0.4]"
BTC,2026-07-08 04:30:00+00:00,trend_pullback,-1,1.1124176520145999,1,0.36,0.87,0.34,0.0,2.12,1.77,0.28,wait,"(1.5, 2.0]","(0.2, 0.4]"
BTC,2026-07-08 04:35:00+00:00,trend_pullback,-1,-1.6008418447779453,0,0.25,0.86,0.37,0.0,2.59,1.5,0.16,wait,"(1.0, 1.5]","(0.2, 0.4]"
BTC,2026-07-08 05:00:00+00:00,trend_pullback,-1,1.099526122014638,1,0.45,0.85,0.36,0.0,1.28,1.82,0.14,wait,"(1.5, 2.0]","(0.4, 0.6]"
BTC,2026-07-08 05:10:00+00:00,trend_pullback,-1,1.078271019274625,1,0.39,0.84,0.35,0.0,1.41,1.69,0.31,wait,"(1.5, 2.0]","(0.2, 0.4]"
BTC,2026-07-08 05:20:00+00:00,trend_pullback,-1,1.0733679763329806,1,0.25,0.11,0.26,0.0,1.42,1.19,0.12,wait,"(1.0, 1.5]","(0.2, 0.4]"
BTC,2026-07-08 05:35:00+00:00,trend_pullback,-1,1.087060969701516,1,0.26,0.87,0.4,0.0,1.96,1.5,0.3,wait,"(1.0, 1.5]","(0.2, 0.4]"
BTC,2026-07-08 06:25:00+00:00,trend_pullback,-1,1.0730653268934545,1,0.28,0.83,0.34,0.0,0.62,1.44,0.1,wait,"(1.0, 1.5]","(0.2, 0.4]"
BTC,2026-07-08 06:55:00+00:00,trend_pullback,-1,-1.6617753602554044,0,0.35,0.85,0.35,0.0,0.79,1.83,0.15,wait,"(1.5, 2.0]","(0.2, 0.4]"
BTC,2026-07-08 07:00:00+00:00,trend_pullback,-1,-1.6560879887783633,0,0.31,0.85,0.36,0.0,1.3,1.55,0.28,wait,"(1.5, 2.0]","(0.2, 0.4]"
BTC,2026-07-08 09:35:00+00:00,trend_pullback,-1,-0.6899335254272874,0,0.38,0.82,0.37,0.01,1.1,1.95,0.21,wait,"(1.5, 2.0]","(0.2, 0.4]"
BTC,2026-07-08 09:45:00+00:00,trend_pullback,-1,-1.4032087408517686,0,0.31,0.86,0.35,0.0,0.64,1.6,0.1,wait,"(1.5, 2.0]","(0.2, 0.4]"
BTC,2026-07-08 09:50:00+00:00,trend_pullback,-1,-1.418355170300173,0,0.25,0.83,0.39,0.0,1.33,1.42,0.06,wait,"(1.0, 1.5]","(0.2, 0.4]"
BTC,2026-07-08 09:55:00+00:00,trend_pullback,-1,-1.4389247655886381,0,0.37,0.82,0.34,0.0,1.95,1.9,0.21,wait,"(1.5, 2.0]","(0.2, 0.4]"
BTC,2026-07-08 10:00:00+00:00,trend_pullback,-1,-1.4347171977802369,0,0.31,0.82,0.33,0.0,1.97,1.65,0.17,wait,"(1.5, 2.0]","(0.2, 0.4]"
BTC,2026-07-08 11:10:00+00:00,trend_pullback,-1,-1.6690783520123567,0,0.26,0.08,0.32,0.0,1.16,1.01,0.03,wait,"(1.0, 1.5]","(0.2, 0.4]"
BTC,2026-07-08 11:20:00+00:00,trend_pullback,-1,-1.6781583509539733,0,0.26,0.08,0.28,0.0,0.91,1.02,0.04,wait,"(1.0, 1.5]","(0.2, 0.4]"
BTC,2026-07-08 12:55:00+00:00,trend_pullback,-1,1.126998519300952,1,0.19,0.85,0.34,0.01,1.99,1.07,0.12,wait,"(1.0, 1.5]","(0.0, 0.2]"
BTC,2026-07-08 13:35:00+00:00,trend_pullback,-1,1.153738571392149,1,0.46,0.89,0.39,0.0,1.51,1.91,0.19,wait,"(1.5, 2.0]","(0.4, 0.6]"
BTC,2026-07-08 13:40:00+00:00,trend_pullback,-1,1.1611712466440312,1,0.37,0.86,0.35,0.0,1.95,1.91,0.13,wait,"(1.5, 2.0]","(0.2, 0.4]"
BTC,2026-07-08 14:15:00+00:00,trend_pullback,-1,-1.4092900819802896,0,0.22,0.83,0.37,0.0,0.54,1.22,0.04,wait,"(1.0, 1.5]","(0.2, 0.4]"
BTC,2026-07-08 14:35:00+00:00,trend_pullback,-1,1.254828547322439,1,0.25,0.35,0.34,0.02,1.45,1.18,0.13,wait,"(1.0, 1.5]","(0.2, 0.4]"
BTC,2026-07-08 14:40:00+00:00,trend_pullback,-1,1.251625806071379,1,0.22,0.35,0.32,0.01,1.76,1.07,0.02,wait,"(1.0, 1.5]","(0.2, 0.4]"
BTC,2026-07-08 14:45:00+00:00,trend_pullback,-1,-1.3866828850094568,0,0.28,0.83,0.38,0.01,2.32,1.71,0.29,skip,"(1.5, 2.0]","(0.2, 0.4]"
BTC,2026-07-08 14:55:00+00:00,trend_pullback,-1,1.2715316858193602,1,0.33,0.35,0.35,0.01,0.84,1.42,0.18,wait,"(1.0, 1.5]","(0.2, 0.4]"
BTC,2026-07-08 15:00:00+00:00,trend_pullback,-1,1.2679415895423622,1,0.41,0.34,0.33,0.0,1.72,1.86,0.31,wait,"(1.5, 2.0]","(0.4, 0.6]"
BTC,2026-07-08 15:05:00+00:00,trend_pullback,-1,-1.3765891872908993,0,0.3,0.33,0.34,0.0,2.59,1.7,0.19,wait,"(1.5, 2.0]","(0.2, 0.4]"
BTC,2026-07-08 15:35:00+00:00,trend_pullback,-1,-1.3891969468107412,0,0.5,0.87,0.33,0.0,2.05,1.97,0.26,wait,"(1.5, 2.0]","(0.4, 0.6]"
BTC,2026-07-08 15:40:00+00:00,trend_pullback,-1,-1.3911538745572625,0,0.3,0.31,0.28,0.0,2.06,1.57,0.12,wait,"(1.5, 2.0]","(0.2, 0.4]"
BTC,2026-07-09 02:15:00+00:00,trend_pullback,-1,1.1996829944496343,1,0.49,0.85,0.34,0.02,1.78,1.92,0.12,wait,"(1.5, 2.0]","(0.4, 0.6]"
BTC,2026-07-09 02:25:00+00:00,trend_pullback,-1,1.1951662250648527,1,0.34,0.82,0.32,0.03,1.88,1.75,0.18,wait,"(1.5, 2.0]","(0.2, 0.4]"
BTC,2026-07-09 03:15:00+00:00,trend_pullback,-1,-1.5202236338940844,0,0.32,0.81,0.39,0.0,1.99,1.64,0.14,wait,"(1.5, 2.0]","(0.2, 0.4]"
BTC,2026-07-09 03:45:00+00:00,trend_pullback,-1,-1.5396067013380657,0,0.28,0.84,0.34,0.01,1.21,1.43,0.16,wait,"(1.0, 1.5]","(0.2, 0.4]"
BTC,2026-07-09 13:20:00+00:00,trend_pullback,-1,1.187069082462305,1,0.31,0.38,0.42,0.38,0.73,1.46,0.27,wait,"(1.0, 1.5]","(0.2, 0.4]"
BTC,2026-07-09 13:25:00+00:00,trend_pullback,-1,1.1863068874326137,1,0.29,0.84,0.37,0.01,1.98,1.51,0.17,wait,"(1.5, 2.0]","(0.2, 0.4]"
BTC,2026-07-09 17:10:00+00:00,trend_pullback,-1,-1.5200264821574814,0,0.32,0.34,0.35,0.0,0.39,1.37,0.05,wait,"(1.0, 1.5]","(0.2, 0.4]"
BTC,2026-07-10 01:00:00+00:00,trend_pullback,-1,-1.625092359502969,0,0.41,0.34,0.36,1.23,1.51,1.92,0.4,take,"(1.5, 2.0]","(0.4, 0.6]"
BTC,2026-07-10 15:30:00+00:00,trend_pullback,-1,1.2228356165003458,1,0.2,0.34,0.35,1.32,0.05,1.12,0.01,wait,"(1.0, 1.5]","(0.0, 0.2]"
BTC,2026-07-10 15:35:00+00:00,trend_pullback,-1,-1.450810486294763,0,0.41,0.85,0.37,1.25,1.63,1.77,0.34,wait,"(1.5, 2.0]","(0.4, 0.6]"
BTC,2026-07-10 16:00:00+00:00,trend_pullback,-1,-1.5204813110272681,0,0.3,0.37,0.34,1.43,0.55,1.29,0.03,wait,"(1.0, 1.5]","(0.2, 0.4]"
BTC,2026-07-10 16:20:00+00:00,trend_pullback,-1,1.1528117190279286,1,0.29,0.34,0.33,1.24,0.22,1.21,0.07,wait,"(1.0, 1.5]","(0.2, 0.4]"
BTC,2026-07-10 16:35:00+00:00,trend_pullback,-1,-1.564220963508846,0,0.47,0.87,0.41,1.41,1.46,2.09,0.52,take,"(2.0, 2.5]","(0.4, 0.6]"
BTC,2026-07-10 17:05:00+00:00,trend_pullback,-1,1.153743066920096,1,0.18,0.15,0.34,0.01,0.13,0.75,0.02,skip,"(-0.1, 1.0]","(0.0, 0.2]"
BTC,2026-07-10 17:10:00+00:00,trend_pullback,-1,1.152771657748521,1,0.26,0.33,0.33,0.01,0.76,1.17,0.13,skip,"(1.0, 1.5]","(0.2, 0.4]"
BTC,2026-07-10 17:15:00+00:00,trend_pullback,-1,-1.5570788992470745,0,0.25,0.33,0.37,0.0,2.06,1.23,0.11,wait,"(1.0, 1.5]","(0.2, 0.4]"
BTC,2026-07-10 17:30:00+00:00,trend_pullback,-1,1.1339178888491248,1,0.32,0.31,0.35,0.0,0.58,1.37,0.06,wait,"(1.0, 1.5]","(0.2, 0.4]"
BTC,2026-07-10 17:50:00+00:00,trend_pullback,-1,-1.6590525499636406,0,0.36,0.36,0.3,0.02,1.72,1.66,0.13,wait,"(1.5, 2.0]","(0.2, 0.4]"
BTC,2026-07-10 18:10:00+00:00,trend_pullback,-1,-1.6485212113113423,0,0.52,0.89,0.32,0.01,1.69,1.97,0.31,wait,"(1.5, 2.0]","(0.4, 0.6]"
BTC,2026-07-10 18:25:00+00:00,trend_pullback,-1,1.0578113706090417,1,0.25,0.11,0.13,0.01,0.71,0.81,0.01,skip,"(-0.1, 1.0]","(0.2, 0.4]"
BTC,2026-07-10 18:30:00+00:00,trend_pullback,-1,1.0454412551391017,1,0.23,0.11,0.13,0.0,0.89,0.77,0.01,skip,"(-0.1, 1.0]","(0.2, 0.4]"
BTC,2026-07-10 18:35:00+00:00,trend_pullback,-1,1.0346883228990422,1,0.23,0.1,0.14,0.01,1.61,0.84,0.01,skip,"(-0.1, 1.0]","(0.2, 0.4]"
BTC,2026-07-10 18:40:00+00:00,trend_pullback,-1,1.0219897023791409,1,0.23,0.1,0.14,0.01,1.68,0.86,0.01,skip,"(-0.1, 1.0]","(0.2, 0.4]"
BTC,2026-07-10 19:15:00+00:00,trend_pullback,-1,-1.8277244396638224,0,0.29,0.22,0.14,0.02,1.41,1.1,0.03,skip,"(1.0, 1.5]","(0.2, 0.4]"
BTC,2026-07-10 19:55:00+00:00,trend_pullback,-1,0.9861633713841762,1,0.24,0.21,0.13,0.51,0.95,0.79,0.02,skip,"(-0.1, 1.0]","(0.2, 0.4]"
BTC,2026-07-10 20:00:00+00:00,trend_pullback,-1,-1.8204569642854171,0,0.23,0.24,0.14,0.01,1.07,0.81,0.05,skip,"(-0.1, 1.0]","(0.2, 0.4]"
BTC,2026-07-10 20:15:00+00:00,trend_pullback,-1,-1.858859241052347,0,0.28,0.22,0.14,0.0,2.36,0.84,0.02,skip,"(-0.1, 1.0]","(0.2, 0.4]"
BTC,2026-07-10 20:20:00+00:00,trend_pullback,-1,-1.7041696890675522,0,0.23,0.22,0.14,0.0,2.97,0.65,0.01,skip,"(-0.1, 1.0]","(0.2, 0.4]"
BTC,2026-07-10 20:55:00+00:00,trend_pullback,-1,-1.818355675280895,0,0.22,0.08,0.13,0.01,0.98,0.69,0.01,skip,"(-0.1, 1.0]","(0.2, 0.4]"
BTC,2026-07-11 23:05:00+00:00,trend_pullback,-1,-2.160519003107783,0,0.25,0.85,0.14,0.02,2.21,1.07,0.05,skip,"(1.0, 1.5]","(0.2, 0.4]"
BTC,2026-07-12 00:45:00+00:00,trend_pullback,-1,-1.6750408789343527,0,0.39,0.32,0.34,0.04,2.38,1.5,0.08,wait,"(1.0, 1.5]","(0.2, 0.4]"
BTC,2026-07-12 00:55:00+00:00,trend_pullback,-1,-1.7089983120426417,0,0.31,0.31,0.14,0.02,2.46,1.04,0.02,skip,"(1.0, 1.5]","(0.2, 0.4]"
BTC,2026-07-12 05:55:00+00:00,trend_pullback,-1,0.5271107546473344,1,0.43,0.25,0.14,0.01,1.98,1.32,0.04,wait,"(1.0, 1.5]","(0.4, 0.6]"
BTC,2026-07-12 11:10:00+00:00,trend_pullback,-1,-2.4775191291992917,0,0.22,0.08,0.13,0.0,1.97,0.57,0.01,skip,"(-0.1, 1.0]","(0.2, 0.4]"
BTC,2026-07-12 11:20:00+00:00,trend_pullback,-1,-2.4372611067308783,0,0.18,0.14,0.14,0.01,0.56,0.55,0.01,skip,"(-0.1, 1.0]","(0.0, 0.2]"
BTC,2026-07-12 23:00:00+00:00,trend_pullback,-1,-1.800246559862997,0,0.43,0.37,0.14,0.02,0.99,1.4,0.11,skip,"(1.0, 1.5]","(0.4, 0.6]"
BTC,2026-07-12 23:05:00+00:00,trend_pullback,-1,-1.7560345683319767,0,0.26,0.36,0.14,0.03,2.02,1.02,0.02,skip,"(1.0, 1.5]","(0.2, 0.4]"
BTC,2026-07-12 23:25:00+00:00,trend_pullback,-1,-1.822706581142443,0,0.24,0.2,0.14,0.02,0.09,0.99,0.02,skip,"(-0.1, 1.0]","(0.2, 0.4]"
BTC,2026-07-12 23:35:00+00:00,trend_pullback,-1,-1.8026792878301716,0,0.3,0.35,0.14,0.02,1.87,1.06,0.01,skip,"(1.0, 1.5]","(0.2, 0.4]"
BTC,2026-07-12 23:45:00+00:00,trend_pullback,-1,-1.8328879733123828,0,0.27,0.81,0.13,0.02,2.01,1.18,0.1,skip,"(1.0, 1.5]","(0.2, 0.4]"
BTC,2026-07-12 23:55:00+00:00,trend_pullback,-1,-1.844385400859826,0,0.31,0.29,0.13,0.03,1.29,1.04,0.02,skip,"(1.0, 1.5]","(0.2, 0.4]"
BTC,2026-07-13 01:15:00+00:00,trend_pullback,-1,1.2676705416115122,1,0.37,0.39,0.36,0.0,2.23,1.74,0.26,wait,"(1.5, 2.0]","(0.2, 0.4]"
BTC,2026-07-13 01:40:00+00:00,trend_pullback,-1,1.2519116652763724,1,0.39,0.41,0.4,0.0,2.12,1.52,0.11,wait,"(1.5, 2.0]","(0.2, 0.4]"
BTC,2026-07-13 05:10:00+00:00,trend_pullback,-1,1.1579243379154682,1,0.61,0.86,0.37,0.0,2.12,2.23,0.44,take,"(2.0, 2.5]","(0.6, 0.8]"
BTC,2026-07-13 05:20:00+00:00,trend_pullback,-1,-1.5250390881508507,0,0.31,0.88,0.32,0.0,1.43,1.61,0.15,wait,"(1.5, 2.0]","(0.2, 0.4]"
BTC,2026-07-13 05:45:00+00:00,trend_pullback,-1,-1.5697408912654198,0,0.49,0.15,0.34,0.0,2.1,1.69,0.13,wait,"(1.5, 2.0]","(0.4, 0.6]"
BTC,2026-07-13 05:50:00+00:00,trend_pullback,-1,-1.5931937273965764,0,0.26,0.14,0.35,0.0,0.99,1.16,0.03,wait,"(1.0, 1.5]","(0.2, 0.4]"
BTC,2026-07-13 06:10:00+00:00,trend_pullback,-1,-1.654324851405504,0,0.29,0.2,0.31,0.0,0.89,1.38,0.07,wait,"(1.0, 1.5]","(0.2, 0.4]"
BTC,2026-07-13 06:15:00+00:00,trend_pullback,-1,-1.6707627368304034,0,0.33,0.12,0.32,0.0,1.88,1.5,0.1,wait,"(1.0, 1.5]","(0.2, 0.4]"
BTC,2026-07-13 06:30:00+00:00,trend_pullback,-1,-1.680575495642362,0,0.27,0.08,0.29,0.0,0.53,1.2,0.03,wait,"(1.0, 1.5]","(0.2, 0.4]"
BTC,2026-07-13 06:50:00+00:00,trend_pullback,-1,-1.7623061244097413,0,0.27,0.08,0.13,0.0,0.87,0.93,0.01,skip,"(-0.1, 1.0]","(0.2, 0.4]"
BTC,2026-07-13 06:55:00+00:00,trend_pullback,-1,-1.812200211799319,0,0.3,0.11,0.14,0.0,1.78,1.0,0.02,skip,"(-0.1, 1.0]","(0.2, 0.4]"
BTC,2026-07-13 07:00:00+00:00,trend_pullback,-1,-1.817912899381768,0,0.21,0.1,0.12,0.0,1.32,0.84,0.01,skip,"(-0.1, 1.0]","(0.2, 0.4]"
BTC,2026-07-13 11:15:00+00:00,trend_pullback,-1,-1.8421442585618186,0,0.33,0.08,0.13,0.0,1.54,1.0,0.03,skip,"(-0.1, 1.0]","(0.2, 0.4]"
BTC,2026-07-13 11:30:00+00:00,trend_pullback,-1,0.9672855217875221,1,0.15,0.07,0.13,0.02,0.04,0.45,0.0,skip,"(-0.1, 1.0]","(0.0, 0.2]"
BTC,2026-07-13 11:35:00+00:00,trend_pullback,-1,0.9561484891139169,1,0.26,0.08,0.13,0.01,0.8,0.76,0.01,skip,"(-0.1, 1.0]","(0.2, 0.4]"
BTC,2026-07-13 12:00:00+00:00,trend_pullback,-1,0.9069269276919217,1,0.22,0.27,0.13,0.01,2.86,0.86,0.03,skip,"(-0.1, 1.0]","(0.2, 0.4]"
BTC,2026-07-13 13:35:00+00:00,trend_pullback,-1,1.1074309191729472,1,0.39,0.86,0.37,0.0,1.28,1.94,0.31,wait,"(1.5, 2.0]","(0.2, 0.4]"
BTC,2026-07-13 13:40:00+00:00,trend_pullback,-1,-1.5207421450828829,0,0.22,0.7,0.37,0.01,2.76,1.0,0.04,wait,"(-0.1, 1.0]","(0.2, 0.4]"
BTC,2026-07-13 14:20:00+00:00,trend_pullback,-1,-1.4117171641521846,0,0.46,0.37,0.36,0.0,2.16,1.95,0.17,wait,"(1.5, 2.0]","(0.4, 0.6]"
BTC,2026-07-13 18:55:00+00:00,trend_pullback,-1,-1.6465182985466988,0,0.29,0.14,0.39,0.0,0.6,1.48,0.08,wait,"(1.0, 1.5]","(0.2, 0.4]"
BTC,2026-07-13 19:00:00+00:00,trend_pullback,-1,-1.665973330242957,0,0.35,0.32,0.43,0.0,1.48,1.68,0.12,wait,"(1.5, 2.0]","(0.2, 0.4]"
BTC,2026-07-13 19:15:00+00:00,trend_pullback,-1,-1.7204033314090843,0,0.22,0.08,0.13,0.0,0.98,0.82,0.01,skip,"(-0.1, 1.0]","(0.2, 0.4]"
BTC,2026-07-13 19:25:00+00:00,trend_pullback,-1,-1.7581402081729531,0,0.28,0.1,0.13,0.0,1.04,1.03,0.05,skip,"(1.0, 1.5]","(0.2, 0.4]"
BTC,2026-07-13 20:45:00+00:00,trend_pullback,-1,-1.8613573206729532,0,0.25,0.08,0.14,0.46,1.45,0.92,0.04,skip,"(-0.1, 1.0]","(0.2, 0.4]"
BTC,2026-07-13 21:05:00+00:00,trend_pullback,-1,0.9519281196060503,1,0.2,0.1,0.13,0.02,0.52,0.66,0.01,skip,"(-0.1, 1.0]","(0.0, 0.2]"
BTC,2026-07-13 21:20:00+00:00,trend_pullback,-1,0.9352051750675053,1,0.27,0.1,0.14,0.01,2.46,0.9,0.02,skip,"(-0.1, 1.0]","(0.2, 0.4]"
BTC,2026-07-13 21:55:00+00:00,trend_pullback,-1,-1.786045661258906,0,0.39,0.11,0.13,0.0,1.33,1.17,0.04,wait,"(1.0, 1.5]","(0.2, 0.4]"
BTC,2026-07-13 22:30:00+00:00,trend_pullback,-1,1.01399153971863,1,0.2,0.18,0.14,0.42,1.12,0.77,0.01,skip,"(-0.1, 1.0]","(0.0, 0.2]"
BTC,2026-07-13 22:35:00+00:00,trend_pullback,-1,1.0122207118619286,1,0.2,0.1,0.13,0.02,1.06,0.67,0.01,skip,"(-0.1, 1.0]","(0.0, 0.2]"
BTC,2026-07-15 03:15:00+00:00,trend_pullback,-1,-2.1389006394178307,0,0.35,0.09,0.14,1.17,1.33,1.09,0.02,skip,"(1.0, 1.5]","(0.2, 0.4]"
BTC,2026-07-15 03:20:00+00:00,trend_pullback,-1,-2.1781784986119743,0,0.23,0.21,0.13,1.25,1.66,0.8,0.01,skip,"(-0.1, 1.0]","(0.2, 0.4]"
BTC,2026-07-15 05:35:00+00:00,trend_pullback,-1,-2.0233579191375255,0,0.26,0.87,0.14,1.4,0.99,0.98,0.01,wait,"(-0.1, 1.0]","(0.2, 0.4]"
BTC,2026-07-15 05:40:00+00:00,trend_pullback,-1,-2.054599321646209,0,0.34,0.87,0.15,1.37,1.7,1.09,0.03,wait,"(1.0, 1.5]","(0.2, 0.4]"
BTC,2026-07-15 08:05:00+00:00,trend_pullback,-1,-1.675797469240908,0,0.32,0.36,0.38,1.23,1.89,1.75,0.19,wait,"(1.5, 2.0]","(0.2, 0.4]"
BTC,2026-07-15 11:15:00+00:00,trend_pullback,-1,-2.052053286611724,0,0.24,0.17,0.14,1.14,0.47,0.75,0.01,skip,"(-0.1, 1.0]","(0.2, 0.4]"
BTC,2026-07-15 11:20:00+00:00,trend_pullback,-1,-2.043230919096454,0,0.22,0.17,0.13,1.15,2.13,0.8,0.03,skip,"(-0.1, 1.0]","(0.2, 0.4]"
BTC,2026-07-15 11:40:00+00:00,trend_pullback,-1,-2.1193814557205064,0,0.25,0.11,0.14,1.34,0.34,0.87,0.01,skip,"(-0.1, 1.0]","(0.2, 0.4]"
BTC,2026-07-15 12:05:00+00:00,trend_pullback,-1,-2.161290374719833,0,0.17,0.24,0.13,1.24,0.13,0.56,0.0,skip,"(-0.1, 1.0]","(0.0, 0.2]"
BTC,2026-07-15 17:45:00+00:00,trend_pullback,-1,-1.5110456377753336,0,0.4,0.89,0.41,1.4,0.8,1.69,0.16,wait,"(1.5, 2.0]","(0.2, 0.4]"
BTC,2026-07-15 18:00:00+00:00,trend_pullback,-1,-1.5438681651677877,0,0.26,0.89,0.34,1.46,0.12,1.29,0.06,wait,"(1.0, 1.5]","(0.2, 0.4]"
BTC,2026-07-15 18:25:00+00:00,trend_pullback,-1,1.1206395577630144,1,0.17,0.88,0.35,1.3,0.01,0.79,0.01,wait,"(-0.1, 1.0]","(0.0, 0.2]"
BTC,2026-07-15 18:50:00+00:00,trend_pullback,-1,1.085949801609868,1,0.53,0.13,0.28,1.31,1.25,1.65,0.34,wait,"(1.5, 2.0]","(0.4, 0.6]"
BTC,2026-07-15 19:45:00+00:00,trend_pullback,-1,-1.7365866711177127,0,0.28,0.08,0.13,0.01,0.24,0.9,0.02,skip,"(-0.1, 1.0]","(0.2, 0.4]"
BTC,2026-07-15 20:05:00+00:00,trend_pullback,-1,-1.765962643464805,0,0.19,0.19,0.13,0.01,1.83,0.61,0.0,skip,"(-0.1, 1.0]","(0.0, 0.2]"
BTC,2026-07-15 20:45:00+00:00,trend_pullback,-1,0.848219032580526,1,0.3,0.11,0.13,0.35,1.31,0.84,0.02,skip,"(-0.1, 1.0]","(0.2, 0.4]"
BTC,2026-07-15 20:55:00+00:00,trend_pullback,-1,-2.1555058143027797,0,0.17,0.06,0.12,0.01,0.12,0.37,0.0,skip,"(-0.1, 1.0]","(0.0, 0.2]"
BTC,2026-07-15 21:00:00+00:00,trend_pullback,-1,0.8265081014345298,1,0.2,0.15,0.13,0.01,0.55,0.56,0.0,skip,"(-0.1, 1.0]","(0.0, 0.2]"
BTC,2026-07-15 21:10:00+00:00,trend_pullback,-1,0.8563789559911337,1,0.31,0.16,0.12,0.0,1.66,0.98,0.04,skip,"(-0.1, 1.0]","(0.2, 0.4]"
BTC,2026-07-15 21:25:00+00:00,trend_pullback,-1,0.8246188638627332,1,0.34,0.16,0.13,0.0,1.74,1.01,0.04,skip,"(1.0, 1.5]","(0.2, 0.4]"
BTC,2026-07-15 22:00:00+00:00,trend_pullback,-1,-2.1538499257825885,0,0.32,0.2,0.13,0.01,2.29,1.14,0.03,skip,"(1.0, 1.5]","(0.2, 0.4]"
BTC,2026-07-15 22:10:00+00:00,trend_pullback,-1,-2.1612150499998157,0,0.27,0.1,0.13,0.01,2.34,0.82,0.01,skip,"(-0.1, 1.0]","(0.2, 0.4]"
BTC,2026-07-15 22:55:00+00:00,trend_pullback,-1,-2.1269967608901474,0,0.22,0.1,0.13,0.0,0.37,0.74,0.01,skip,"(-0.1, 1.0]","(0.2, 0.4]"
BTC,2026-07-15 23:20:00+00:00,trend_pullback,-1,0.7801206582972625,1,0.2,0.1,0.12,0.01,0.59,0.56,0.01,skip,"(-0.1, 1.0]","(0.0, 0.2]"
BTC,2026-07-15 23:35:00+00:00,trend_pullback,-1,0.710162379725727,1,0.27,0.15,0.13,0.0,1.81,0.87,0.06,skip,"(-0.1, 1.0]","(0.2, 0.4]"
BTC,2026-07-16 00:10:00+00:00,trend_pullback,-1,0.8211752923945547,1,0.28,0.22,0.14,0.02,1.32,1.0,0.01,skip,"(-0.1, 1.0]","(0.2, 0.4]"
BTC,2026-07-16 00:15:00+00:00,trend_pullback,-1,0.8695347377518456,1,0.38,0.24,0.14,0.01,1.67,1.3,0.17,skip,"(1.0, 1.5]","(0.2, 0.4]"
BTC,2026-07-16 01:40:00+00:00,trend_pullback,-1,-1.792167330803696,0,0.23,0.82,0.14,0.02,0.03,0.98,0.01,wait,"(-0.1, 1.0]","(0.2, 0.4]"
BTC,2026-07-16 02:10:00+00:00,trend_pullback,-1,-1.8208132264642363,0,0.22,0.15,0.14,0.33,1.79,0.79,0.01,skip,"(-0.1, 1.0]","(0.2, 0.4]"
BTC,2026-07-16 02:30:00+00:00,trend_pullback,-1,-1.848238725442992,0,0.22,0.82,0.14,0.01,1.09,0.78,0.04,skip,"(-0.1, 1.0]","(0.2, 0.4]"
BTC,2026-07-16 02:35:00+00:00,trend_pullback,-1,-1.8326199100180074,0,0.23,0.85,0.14,0.01,1.99,0.93,0.03,skip,"(-0.1, 1.0]","(0.2, 0.4]"
BTC,2026-07-16 02:40:00+00:00,trend_pullback,-1,-1.8563573842388221,0,0.34,0.86,0.14,0.0,2.0,1.21,0.08,skip,"(1.0, 1.5]","(0.2, 0.4]"
BTC,2026-07-16 02:50:00+00:00,trend_pullback,-1,-1.8963864503618693,0,0.31,0.35,0.13,0.0,1.84,1.02,0.01,wait,"(1.0, 1.5]","(0.2, 0.4]"
BTC,2026-07-16 03:00:00+00:00,trend_pullback,-1,-1.9331662622037806,0,0.21,0.29,0.13,0.0,0.04,0.79,0.01,skip,"(-0.1, 1.0]","(0.2, 0.4]"
BTC,2026-07-16 03:15:00+00:00,trend_pullback,-1,-1.8991079096677796,0,0.23,0.81,0.13,0.01,1.52,0.77,0.02,skip,"(-0.1, 1.0]","(0.2, 0.4]"
BTC,2026-07-16 03:45:00+00:00,trend_pullback,-1,-1.9161119048941968,0,0.23,0.81,0.13,0.0,2.25,0.85,0.04,skip,"(-0.1, 1.0]","(0.2, 0.4]"
BTC,2026-07-16 04:00:00+00:00,trend_pullback,-1,-2.024275253623235,0,0.37,0.36,0.14,0.0,1.59,1.11,0.02,wait,"(1.0, 1.5]","(0.2, 0.4]"
BTC,2026-07-16 04:05:00+00:00,trend_pullback,-1,-2.0580764205183684,0,0.37,0.3,0.13,0.0,1.08,1.12,0.08,skip,"(1.0, 1.5]","(0.2, 0.4]"
BTC,2026-07-16 04:15:00+00:00,trend_pullback,-1,-1.988629886562624,0,0.38,0.82,0.13,0.0,1.66,1.17,0.19,skip,"(1.0, 1.5]","(0.2, 0.4]"
BTC,2026-07-16 04:30:00+00:00,trend_pullback,-1,-1.95631013773546,0,0.18,0.35,0.15,0.01,0.72,0.64,0.0,skip,"(-0.1, 1.0]","(0.0, 0.2]"
BTC,2026-07-16 04:35:00+00:00,trend_pullback,-1,-2.0035782904219404,0,0.16,0.31,0.14,0.01,0.21,0.54,0.0,skip,"(-0.1, 1.0]","(0.0, 0.2]"
BTC,2026-07-16 08:40:00+00:00,trend_pullback,-1,-1.521588137001263,0,0.24,0.31,0.34,0.03,2.45,1.09,0.04,skip,"(1.0, 1.5]","(0.2, 0.4]"
BTC,2026-07-16 09:45:00+00:00,trend_pullback,-1,-1.71900789817669,0,0.25,0.83,0.13,0.0,0.37,1.04,0.02,wait,"(1.0, 1.5]","(0.2, 0.4]"
BTC,2026-07-16 09:50:00+00:00,trend_pullback,-1,-1.7120889480961858,0,0.29,0.83,0.13,0.0,1.15,1.1,0.02,wait,"(1.0, 1.5]","(0.2, 0.4]"
BTC,2026-07-16 11:05:00+00:00,trend_pullback,-1,-2.017510380765126,0,0.19,0.08,0.13,0.02,1.39,0.54,0.0,skip,"(-0.1, 1.0]","(0.0, 0.2]"
BTC,2026-07-16 11:15:00+00:00,trend_pullback,-1,-1.9753329142175762,0,0.23,0.07,0.13,0.0,1.46,0.74,0.01,skip,"(-0.1, 1.0]","(0.2, 0.4]"
BTC,2026-07-16 11:45:00+00:00,trend_pullback,-1,-1.8443658291015872,0,0.22,0.14,0.13,0.02,1.61,0.75,0.03,skip,"(-0.1, 1.0]","(0.2, 0.4]"
BTC,2026-07-16 12:00:00+00:00,trend_pullback,-1,0.9858049763253691,1,0.21,0.13,0.13,0.02,0.17,0.69,0.01,skip,"(-0.1, 1.0]","(0.2, 0.4]"
BTC,2026-07-16 12:10:00+00:00,trend_pullback,-1,0.958007764766498,1,0.23,0.35,0.15,0.02,1.8,0.91,0.01,skip,"(-0.1, 1.0]","(0.2, 0.4]"
BTC,2026-07-16 12:15:00+00:00,trend_pullback,-1,0.9430261451156641,1,0.2,0.82,0.14,0.01,0.42,0.76,0.0,skip,"(-0.1, 1.0]","(0.0, 0.2]"
BTC,2026-07-16 12:20:00+00:00,trend_pullback,-1,-1.8664959743022904,0,0.21,0.85,0.13,0.02,2.07,0.91,0.04,skip,"(-0.1, 1.0]","(0.2, 0.4]"
BTC,2026-07-16 12:30:00+00:00,trend_pullback,-1,0.9553258930919514,1,0.2,0.32,0.14,0.01,1.2,0.76,0.01,skip,"(-0.1, 1.0]","(0.0, 0.2]"
BTC,2026-07-16 12:35:00+00:00,trend_pullback,-1,1.0097568020247505,1,0.24,0.87,0.14,0.0,2.04,1.04,0.09,skip,"(1.0, 1.5]","(0.2, 0.4]"
BTC,2026-07-16 18:25:00+00:00,trend_pullback,-1,-1.6253522804638507,0,0.23,0.15,0.3,0.01,0.14,1.04,0.03,wait,"(1.0, 1.5]","(0.2, 0.4]"
BTC,2026-07-16 18:30:00+00:00,trend_pullback,-1,-1.6456824630144788,0,0.24,0.31,0.35,0.01,0.12,1.1,0.02,wait,"(1.0, 1.5]","(0.2, 0.4]"
BTC,2026-07-16 19:10:00+00:00,trend_pullback,-1,-0.2780698778871446,0,0.18,0.1,0.14,0.01,0.35,0.54,0.0,skip,"(-0.1, 1.0]","(0.0, 0.2]"
BTC,2026-07-16 19:20:00+00:00,trend_pullback,-1,-1.7240056346356267,0,0.19,0.1,0.13,0.01,0.44,0.62,0.0,skip,"(-0.1, 1.0]","(0.0, 0.2]"
BTC,2026-07-16 19:40:00+00:00,trend_pullback,-1,-0.9388382713770298,0,0.24,0.23,0.14,0.0,1.2,0.88,0.05,skip,"(-0.1, 1.0]","(0.2, 0.4]"
BTC,2026-07-16 19:45:00+00:00,trend_pullback,-1,-1.7879845203457012,0,0.18,0.07,0.13,0.01,1.47,0.54,0.0,skip,"(-0.1, 1.0]","(0.0, 0.2]"
BTC,2026-07-16 20:00:00+00:00,trend_pullback,-1,0.9773954821553819,1,0.21,0.11,0.13,0.01,0.37,0.63,0.01,skip,"(-0.1, 1.0]","(0.2, 0.4]"
BTC,2026-07-16 20:05:00+00:00,trend_pullback,-1,-0.8134619636257818,0,0.18,0.07,0.13,0.01,0.42,0.48,0.0,skip,"(-0.1, 1.0]","(0.0, 0.2]"
BTC,2026-07-16 20:10:00+00:00,trend_pullback,-1,-1.8997566180449221,0,0.19,0.07,0.13,0.01,1.25,0.55,0.0,skip,"(-0.1, 1.0]","(0.0, 0.2]"
BTC,2026-07-16 20:20:00+00:00,trend_pullback,-1,-1.9136503390293103,0,0.17,0.17,0.13,0.01,0.07,0.47,0.0,skip,"(-0.1, 1.0]","(0.0, 0.2]"
BTC,2026-07-16 20:25:00+00:00,trend_pullback,-1,-1.941783626954302,0,0.24,0.08,0.13,0.0,1.66,0.64,0.01,skip,"(-0.1, 1.0]","(0.2, 0.4]"
BTC,2026-07-16 20:35:00+00:00,trend_pullback,-1,-1.9688850014368946,0,0.27,0.1,0.13,0.0,1.41,0.81,0.02,skip,"(-0.1, 1.0]","(0.2, 0.4]"
BTC,2026-07-16 21:20:00+00:00,trend_pullback,-1,-2.2146269644007117,0,0.23,0.09,0.13,0.01,0.29,0.72,0.01,skip,"(-0.1, 1.0]","(0.2, 0.4]"
BTC,2026-07-16 21:55:00+00:00,trend_pullback,-1,-2.3008854930767795,0,0.17,0.09,0.13,0.02,0.73,0.47,0.0,skip,"(-0.1, 1.0]","(0.0, 0.2]"
BTC,2026-07-16 22:15:00+00:00,trend_pullback,-1,0.725137202363082,1,0.22,0.15,0.13,0.03,1.07,0.76,0.02,skip,"(-0.1, 1.0]","(0.2, 0.4]"
BTC,2026-07-16 22:40:00+00:00,trend_pullback,-1,0.8754101103067637,1,0.33,0.25,0.13,0.0,1.9,1.28,0.04,wait,"(1.0, 1.5]","(0.2, 0.4]"
BTC,2026-07-17 01:30:00+00:00,trend_pullback,-1,1.07352603529909,1,0.31,0.84,0.37,0.36,0.76,1.46,0.25,wait,"(1.0, 1.5]","(0.2, 0.4]"
BTC,2026-07-17 01:40:00+00:00,trend_pullback,-1,1.0837119997872469,1,0.26,0.85,0.35,0.02,1.69,1.25,0.12,wait,"(1.0, 1.5]","(0.2, 0.4]"
BTC,2026-07-17 03:40:00+00:00,trend_pullback,-1,1.0256755696364603,1,0.31,0.35,0.13,0.32,1.28,1.04,0.06,skip,"(1.0, 1.5]","(0.2, 0.4]"
BTC,2026-07-17 03:45:00+00:00,trend_pullback,-1,1.0228260852690454,1,0.3,0.31,0.13,0.0,1.3,1.03,0.06,skip,"(1.0, 1.5]","(0.2, 0.4]"
BTC,2026-07-17 03:55:00+00:00,trend_pullback,-1,0.9846558523255696,1,0.22,0.13,0.14,0.0,0.37,0.78,0.01,skip,"(-0.1, 1.0]","(0.2, 0.4]"
BTC,2026-07-17 04:15:00+00:00,trend_pullback,-1,-1.7617227942765934,0,0.18,0.82,0.14,0.0,2.4,0.7,0.02,skip,"(-0.1, 1.0]","(0.0, 0.2]"
BTC,2026-07-17 04:50:00+00:00,trend_pullback,-1,1.015210630777754,1,0.41,0.34,0.13,0.0,0.57,1.29,0.08,wait,"(1.0, 1.5]","(0.4, 0.6]"
BTC,2026-07-17 04:55:00+00:00,trend_pullback,-1,0.9913185290384582,1,0.19,0.31,0.13,0.0,0.09,0.81,0.01,skip,"(-0.1, 1.0]","(0.0, 0.2]"
BTC,2026-07-17 05:00:00+00:00,trend_pullback,-1,1.016065396087339,1,0.22,0.28,0.13,0.0,1.86,0.86,0.02,skip,"(-0.1, 1.0]","(0.2, 0.4]"
BTC,2026-07-17 07:30:00+00:00,trend_pullback,-1,1.023605793124075,1,0.47,0.85,0.14,0.0,1.62,1.54,0.14,wait,"(1.5, 2.0]","(0.4, 0.6]"
BTC,2026-07-17 07:40:00+00:00,trend_pullback,-1,1.0121602001980403,1,0.38,0.76,0.14,0.0,2.5,1.25,0.07,skip,"(1.0, 1.5]","(0.2, 0.4]"
BTC,2026-07-17 07:45:00+00:00,trend_pullback,-1,1.0017854294039703,1,0.28,0.77,0.13,0.0,2.67,1.13,0.03,skip,"(1.0, 1.5]","(0.2, 0.4]"
BTC,2026-07-17 07:50:00+00:00,trend_pullback,-1,0.9879088392320141,1,0.33,0.84,0.14,0.0,2.24,1.22,0.07,skip,"(1.0, 1.5]","(0.2, 0.4]"
BTC,2026-07-17 07:55:00+00:00,trend_pullback,-1,1.009957459418601,1,0.29,0.85,0.13,0.0,1.85,1.26,0.13,skip,"(1.0, 1.5]","(0.2, 0.4]"
BTC,2026-07-17 08:15:00+00:00,trend_pullback,-1,-1.7481147050002974,0,0.2,0.81,0.13,0.0,2.06,0.75,0.02,skip,"(-0.1, 1.0]","(0.0, 0.2]"
BTC,2026-07-17 08:25:00+00:00,trend_pullback,-1,1.0433987304836383,1,0.25,0.83,0.13,0.0,1.9,1.21,0.09,skip,"(1.0, 1.5]","(0.2, 0.4]"
BTC,2026-07-17 09:15:00+00:00,trend_pullback,-1,-1.727653530321296,0,0.25,0.14,0.13,0.25,0.59,0.86,0.01,skip,"(-0.1, 1.0]","(0.2, 0.4]"
BTC,2026-07-18 01:30:00+00:00,trend_pullback,-1,-2.5788457345327362,0,0.17,0.1,0.14,0.01,0.12,0.54,0.0,skip,"(-0.1, 1.0]","(0.0, 0.2]"
BTC,2026-07-18 05:35:00+00:00,trend_pullback,-1,-3.583029599502422,0,0.13,0.1,0.13,0.01,0.0,0.36,0.0,skip,"(-0.1, 1.0]","(0.0, 0.2]"
BTC,2026-07-18 05:50:00+00:00,trend_pullback,-1,-3.587056215377081,0,0.14,0.17,0.13,0.01,0.03,0.43,0.0,skip,"(-0.1, 1.0]","(0.0, 0.2]"
BTC,2026-07-19 04:30:00+00:00,trend_pullback,-1,-2.7625007927828826,0,0.27,0.26,0.14,1.39,1.49,0.94,0.02,skip,"(-0.1, 1.0]","(0.2, 0.4]"
BTC,2026-07-19 04:50:00+00:00,trend_pullback,-1,-2.623354012711724,0,0.32,0.32,0.14,1.51,1.61,0.95,0.06,skip,"(-0.1, 1.0]","(0.2, 0.4]"
BTC,2026-07-19 06:00:00+00:00,trend_pullback,-1,-3.0776114471465674,0,0.24,0.17,0.14,1.23,1.79,0.81,0.02,skip,"(-0.1, 1.0]","(0.2, 0.4]"
BTC,2026-07-19 06:05:00+00:00,trend_pullback,-1,-3.126426385557164,0,0.22,0.24,0.13,1.2,2.04,0.88,0.03,skip,"(-0.1, 1.0]","(0.2, 0.4]"
BTC,2026-07-19 09:05:00+00:00,trend_pullback,-1,0.16610039840188295,1,0.25,0.3,0.13,1.21,0.89,0.92,0.03,skip,"(-0.1, 1.0]","(0.2, 0.4]"
BTC,2026-07-19 10:50:00+00:00,trend_pullback,-1,0.4402172865148615,1,0.23,0.29,0.13,0.56,1.04,0.82,0.03,skip,"(-0.1, 1.0]","(0.2, 0.4]"
BTC,2026-07-19 11:00:00+00:00,trend_pullback,-1,-2.5982369235298366,0,0.17,0.82,0.13,0.02,1.48,0.6,0.01,skip,"(-0.1, 1.0]","(0.0, 0.2]"
BTC,2026-07-19 11:10:00+00:00,trend_pullback,-1,-2.47963344493755,0,0.21,0.21,0.13,0.0,0.33,0.69,0.01,skip,"(-0.1, 1.0]","(0.2, 0.4]"
BTC,2026-07-19 11:20:00+00:00,trend_pullback,-1,0.551261769481116,1,0.15,0.31,0.14,0.01,0.06,0.45,0.0,skip,"(-0.1, 1.0]","(0.0, 0.2]"
BTC,2026-07-19 11:25:00+00:00,trend_pullback,-1,0.5828046979981986,1,0.21,0.2,0.13,0.01,1.56,0.71,0.03,skip,"(-0.1, 1.0]","(0.2, 0.4]"
BTC,2026-07-19 13:00:00+00:00,trend_pullback,-1,-2.0584165158511,0,0.25,0.36,0.14,0.03,0.56,0.97,0.02,skip,"(-0.1, 1.0]","(0.2, 0.4]"
BTC,2026-07-19 14:20:00+00:00,trend_pullback,-1,-2.143980229486551,0,0.24,0.33,0.13,0.47,1.13,0.8,0.03,skip,"(-0.1, 1.0]","(0.2, 0.4]"
BTC,2026-07-19 19:10:00+00:00,trend_pullback,-1,-2.0025324958457538,0,0.26,0.34,0.14,0.02,0.2,0.97,0.02,skip,"(-0.1, 1.0]","(0.2, 0.4]"
BTC,2026-07-19 19:15:00+00:00,trend_pullback,-1,-2.0384141820350212,0,0.38,0.16,0.13,0.01,1.56,1.14,0.03,skip,"(1.0, 1.5]","(0.2, 0.4]"
BTC,2026-07-19 19:20:00+00:00,trend_pullback,-1,-2.0810067900865885,0,0.29,0.82,0.13,0.03,1.7,1.11,0.06,skip,"(1.0, 1.5]","(0.2, 0.4]"
BTC,2026-07-19 19:35:00+00:00,trend_pullback,-1,-2.1985022275816983,0,0.28,0.28,0.13,0.0,1.32,0.84,0.02,skip,"(-0.1, 1.0]","(0.2, 0.4]"
BTC,2026-07-20 07:15:00+00:00,trend_pullback,-1,-1.5476542320562936,0,0.32,0.8,0.38,0.0,2.66,1.51,0.1,wait,"(1.5, 2.0]","(0.2, 0.4]"
BTC,2026-07-20 08:35:00+00:00,trend_pullback,-1,-1.3661058861783049,0,0.22,0.68,0.31,0.02,2.36,0.95,0.02,wait,"(-0.1, 1.0]","(0.2, 0.4]"
BTC,2026-07-20 08:50:00+00:00,trend_pullback,-1,-1.3968137070569737,0,0.51,0.4,0.4,0.01,2.03,1.87,0.25,wait,"(1.5, 2.0]","(0.4, 0.6]"
BTC,2026-07-20 09:00:00+00:00,trend_pullback,-1,-1.4415928986481186,0,0.36,0.21,0.33,0.0,1.78,1.41,0.08,wait,"(1.0, 1.5]","(0.2, 0.4]"
BTC,2026-07-20 09:15:00+00:00,trend_pullback,-1,-1.4905156686189458,0,0.46,0.85,0.32,0.0,1.99,1.81,0.24,wait,"(1.5, 2.0]","(0.4, 0.6]"
BTC,2026-07-20 23:10:00+00:00,trend_pullback,-1,-2.115402258100135,0,0.29,0.17,0.13,1.28,1.86,1.15,0.03,skip,"(1.0, 1.5]","(0.2, 0.4]"
BTC,2026-07-20 23:35:00+00:00,trend_pullback,-1,-2.1755644661042153,0,0.35,0.1,0.13,1.55,2.14,0.97,0.03,skip,"(-0.1, 1.0]","(0.2, 0.4]"
BTC,2026-07-20 23:50:00+00:00,trend_pullback,-1,-2.1791541111273656,0,0.16,0.18,0.14,1.29,0.51,0.62,0.01,skip,"(-0.1, 1.0]","(0.0, 0.2]"
BTC,2026-07-21 18:50:00+00:00,trend_pullback,-1,-1.6934866011008618,0,0.28,0.34,0.34,1.21,0.12,1.46,0.04,wait,"(1.0, 1.5]","(0.2, 0.4]"
BTC,2026-07-21 19:10:00+00:00,trend_pullback,-1,-1.7489044393677398,0,0.2,0.83,0.14,1.3,0.03,0.79,0.01,skip,"(-0.1, 1.0]","(0.0, 0.2]"
BTC,2026-07-21 22:00:00+00:00,trend_pullback,-1,0.6763229899552802,1,0.16,0.2,0.13,1.27,0.25,0.65,0.0,skip,"(-0.1, 1.0]","(0.0, 0.2]"
BTC,2026-07-21 22:05:00+00:00,trend_pullback,-1,0.6848404035037383,1,0.24,0.11,0.13,1.25,1.55,0.92,0.01,skip,"(-0.1, 1.0]","(0.2, 0.4]"
BTC,2026-07-21 22:10:00+00:00,trend_pullback,-1,0.6873540441524018,1,0.26,0.2,0.13,1.25,1.65,1.08,0.05,skip,"(1.0, 1.5]","(0.2, 0.4]"
BTC,2026-07-21 22:35:00+00:00,trend_pullback,-1,0.7564509388170108,1,0.35,0.08,0.13,1.2,0.84,0.95,0.01,skip,"(-0.1, 1.0]","(0.2, 0.4]"
BTC,2026-07-21 22:40:00+00:00,trend_pullback,-1,0.7278576990202609,1,0.35,0.08,0.13,1.14,1.86,0.98,0.01,skip,"(-0.1, 1.0]","(0.2, 0.4]"
BTC,2026-07-21 22:45:00+00:00,trend_pullback,-1,-2.1926179532330976,0,0.43,0.11,0.13,1.14,1.84,1.19,0.17,skip,"(1.0, 1.5]","(0.4, 0.6]"
BTC,2026-07-21 23:00:00+00:00,trend_pullback,-1,-2.2145852909376944,0,0.22,0.19,0.14,1.22,0.06,0.91,0.01,skip,"(-0.1, 1.0]","(0.2, 0.4]"
BTC,2026-07-22 03:30:00+00:00,trend_pullback,-1,-1.890017049960714,0,0.32,0.85,0.14,1.23,2.37,1.26,0.05,wait,"(1.0, 1.5]","(0.2, 0.4]"
BTC,2026-07-22 03:50:00+00:00,trend_pullback,-1,-1.914110017446068,0,0.3,0.28,0.13,1.16,1.22,1.05,0.03,skip,"(1.0, 1.5]","(0.2, 0.4]"
BTC,2026-07-22 07:20:00+00:00,trend_pullback,-1,0.8832409092197848,1,0.19,0.76,0.13,0.02,2.68,0.61,0.01,skip,"(-0.1, 1.0]","(0.0, 0.2]"
BTC,2026-07-22 08:40:00+00:00,trend_pullback,-1,-1.877903034642536,0,0.28,0.87,0.14,0.22,1.59,1.04,0.07,skip,"(1.0, 1.5]","(0.2, 0.4]"
BTC,2026-07-22 09:30:00+00:00,trend_pullback,-1,-1.8886534598110492,0,0.23,0.86,0.14,0.02,2.29,0.85,0.05,skip,"(-0.1, 1.0]","(0.2, 0.4]"
BTC,2026-07-22 10:05:00+00:00,trend_pullback,-1,-2.0461565046100736,0,0.26,0.14,0.14,0.01,1.43,0.8,0.01,skip,"(-0.1, 1.0]","(0.2, 0.4]"
BTC,2026-07-22 14:40:00+00:00,trend_pullback,-1,-1.5018191866699502,0,0.3,0.22,0.35,0.01,2.18,1.25,0.11,wait,"(1.0, 1.5]","(0.2, 0.4]"
BTC,2026-07-22 19:00:00+00:00,trend_pullback,-1,1.0280755737040193,1,0.34,0.33,0.14,0.02,1.76,1.22,0.04,wait,"(1.0, 1.5]","(0.2, 0.4]"
BTC,2026-07-22 19:35:00+00:00,trend_pullback,-1,-1.7998519333772782,0,0.18,0.34,0.13,0.01,1.02,0.57,0.0,skip,"(-0.1, 1.0]","(0.0, 0.2]"
BTC,2026-07-22 19:40:00+00:00,trend_pullback,-1,-1.8286511188624384,0,0.15,0.07,0.13,0.01,0.07,0.37,0.0,skip,"(-0.1, 1.0]","(0.0, 0.2]"
BTC,2026-07-22 19:50:00+00:00,trend_pullback,-1,-1.8736792740156565,0,0.18,0.17,0.13,0.01,0.44,0.52,0.0,skip,"(-0.1, 1.0]","(0.0, 0.2]"
BTC,2026-07-22 20:00:00+00:00,trend_pullback,-1,-1.8350342460761022,0,0.17,0.2,0.14,0.01,1.56,0.5,0.0,skip,"(-0.1, 1.0]","(0.0, 0.2]"
BTC,2026-07-22 20:05:00+00:00,trend_pullback,-1,-1.8396023169110185,0,0.18,0.1,0.13,0.01,0.97,0.43,0.0,skip,"(-0.1, 1.0]","(0.0, 0.2]"
BTC,2026-07-23 02:50:00+00:00,trend_pullback,-1,0.9660962820855613,1,0.31,0.8,0.13,0.02,1.07,1.06,0.02,skip,"(1.0, 1.5]","(0.2, 0.4]"
BTC,2026-07-23 03:00:00+00:00,trend_pullback,-1,0.9528056845293258,1,0.31,0.29,0.13,0.01,0.85,1.06,0.04,skip,"(1.0, 1.5]","(0.2, 0.4]"
BTC,2026-07-23 04:15:00+00:00,trend_pullback,-1,-1.9943884022272806,0,0.25,0.82,0.13,0.0,0.89,0.97,0.03,wait,"(-0.1, 1.0]","(0.2, 0.4]"
BTC,2026-07-23 04:25:00+00:00,trend_pullback,-1,0.863818256325587,1,0.32,0.85,0.15,0.0,1.2,1.15,0.04,wait,"(1.0, 1.5]","(0.2, 0.4]"
BTC,2026-07-23 04:30:00+00:00,trend_pullback,-1,0.8513354262735111,1,0.2,0.26,0.14,0.0,0.38,0.77,0.01,skip,"(-0.1, 1.0]","(0.0, 0.2]"
BTC,2026-07-23 04:35:00+00:00,trend_pullback,-1,-2.0572555114025013,0,0.29,0.85,0.13,0.0,2.08,1.22,0.13,skip,"(1.0, 1.5]","(0.2, 0.4]"
BTC,2026-07-23 05:20:00+00:00,trend_pullback,-1,-2.1669519987229804,0,0.3,0.17,0.14,0.0,1.12,1.03,0.02,skip,"(1.0, 1.5]","(0.2, 0.4]"
BTC,2026-07-23 05:50:00+00:00,trend_pullback,-1,-2.1464674123227154,0,0.26,0.11,0.13,0.39,1.42,0.87,0.03,skip,"(-0.1, 1.0]","(0.2, 0.4]"
BTC,2026-07-23 06:05:00+00:00,trend_pullback,-1,-2.188417071676064,0,0.16,0.09,0.13,0.03,0.09,0.5,0.0,skip,"(-0.1, 1.0]","(0.0, 0.2]"
BTC,2026-07-23 06:10:00+00:00,trend_pullback,-1,-2.1933494985345483,0,0.17,0.1,0.13,0.02,0.75,0.58,0.0,skip,"(-0.1, 1.0]","(0.0, 0.2]"
BTC,2026-07-23 06:20:00+00:00,trend_pullback,-1,-2.1501166662248465,0,0.18,0.1,0.13,0.03,1.86,0.57,0.01,skip,"(-0.1, 1.0]","(0.0, 0.2]"
BTC,2026-07-23 08:20:00+00:00,trend_pullback,-1,-1.9671345859981426,0,0.21,0.85,0.15,0.0,1.08,0.92,0.01,skip,"(-0.1, 1.0]","(0.2, 0.4]"
BTC,2026-07-23 13:35:00+00:00,trend_pullback,-1,-1.5994896740195519,0,0.24,0.38,0.38,0.01,2.4,1.09,0.05,wait,"(1.0, 1.5]","(0.2, 0.4]"
BTC,2026-07-23 13:55:00+00:00,trend_pullback,-1,-1.462659555582725,0,0.21,0.37,0.32,0.01,2.34,0.97,0.05,wait,"(-0.1, 1.0]","(0.2, 0.4]"
BTC,2026-07-23 14:30:00+00:00,trend_pullback,-1,-1.4881467615111836,0,0.2,0.39,0.43,0.0,0.4,1.06,0.02,wait,"(1.0, 1.5]","(0.0, 0.2]"
BTC,2026-07-23 14:40:00+00:00,trend_pullback,-1,1.2054394826765409,1,0.29,0.39,0.4,0.0,1.43,1.33,0.2,wait,"(1.0, 1.5]","(0.2, 0.4]"
BTC,2026-07-23 15:25:00+00:00,trend_pullback,-1,-1.5327343779797167,0,0.41,0.34,0.35,0.0,2.1,1.98,0.2,wait,"(1.5, 2.0]","(0.4, 0.6]"
BTC,2026-07-23 15:40:00+00:00,trend_pullback,-1,-1.559031072250281,0,0.28,0.33,0.33,0.0,0.58,1.48,0.08,wait,"(1.0, 1.5]","(0.2, 0.4]"
BTC,2026-07-23 15:50:00+00:00,trend_pullback,-1,1.1405079345347109,1,0.27,0.86,0.32,0.0,1.07,1.43,0.05,wait,"(1.0, 1.5]","(0.2, 0.4]"
BTC,2026-07-23 15:55:00+00:00,trend_pullback,-1,1.1248066963354955,1,0.33,0.38,0.35,0.0,1.79,1.64,0.08,wait,"(1.5, 2.0]","(0.2, 0.4]"
BTC,2026-07-23 16:00:00+00:00,trend_pullback,-1,1.1254281843344307,1,0.29,0.84,0.3,0.0,2.02,1.58,0.3,wait,"(1.5, 2.0]","(0.2, 0.4]"
BTC,2026-07-23 16:15:00+00:00,trend_pullback,-1,-1.6085134052475802,0,0.24,0.34,0.31,0.0,1.86,1.6,0.25,wait,"(1.5, 2.0]","(0.2, 0.4]"
BTC,2026-07-23 16:55:00+00:00,trend_pullback,-1,-1.7294142744060872,0,0.3,0.29,0.14,0.0,1.74,1.13,0.04,wait,"(1.0, 1.5]","(0.2, 0.4]"
BTC,2026-07-23 17:10:00+00:00,trend_pullback,-1,-1.76498907416227,0,0.27,0.29,0.12,0.0,1.67,1.06,0.03,wait,"(1.0, 1.5]","(0.2, 0.4]"
BTC,2026-07-23 17:15:00+00:00,trend_pullback,-1,-1.7567759696768215,0,0.28,0.81,0.14,0.0,1.88,1.18,0.05,wait,"(1.0, 1.5]","(0.2, 0.4]"
BTC,2026-07-23 17:35:00+00:00,trend_pullback,-1,1.0242416470596574,1,0.25,0.3,0.13,0.0,0.55,0.97,0.02,wait,"(-0.1, 1.0]","(0.2, 0.4]"
BTC,2026-07-23 17:50:00+00:00,trend_pullback,-1,0.972045268755991,1,0.23,0.14,0.14,0.0,0.56,0.86,0.01,skip,"(-0.1, 1.0]","(0.2, 0.4]"
BTC,2026-07-23 17:55:00+00:00,trend_pullback,-1,-1.7696851560408833,0,0.28,0.84,0.13,0.0,1.93,1.33,0.17,skip,"(1.0, 1.5]","(0.2, 0.4]"
BTC,2026-07-23 18:10:00+00:00,trend_pullback,-1,-1.811528647578046,0,0.34,0.15,0.13,0.0,1.49,1.22,0.04,wait,"(1.0, 1.5]","(0.2, 0.4]"
BTC,2026-07-23 18:15:00+00:00,trend_pullback,-1,-1.8300994798238257,0,0.34,0.14,0.14,0.0,2.0,1.18,0.03,wait,"(1.0, 1.5]","(0.2, 0.4]"
BTC,2026-07-23 19:10:00+00:00,trend_pullback,-1,-1.8687015653225214,0,0.22,0.19,0.13,0.46,0.91,0.8,0.01,skip,"(-0.1, 1.0]","(0.2, 0.4]"
BTC,2026-07-23 19:15:00+00:00,trend_pullback,-1,-1.8741435778428837,0,0.24,0.11,0.13,0.02,1.85,0.88,0.02,skip,"(-0.1, 1.0]","(0.2, 0.4]"
BTC,2026-07-23 19:35:00+00:00,trend_pullback,-1,0.9285360333235039,1,0.25,0.2,0.13,0.02,1.51,0.87,0.02,skip,"(-0.1, 1.0]","(0.2, 0.4]"
BTC,2026-07-23 19:40:00+00:00,trend_pullback,-1,-1.8983746913662523,0,0.23,0.17,0.13,0.02,1.98,0.95,0.04,skip,"(-0.1, 1.0]","(0.2, 0.4]"
BTC,2026-07-24 11:05:00+00:00,trend_pullback,-1,-2.0582378603755798,0,0.31,0.86,0.13,0.02,1.42,1.22,0.05,wait,"(1.0, 1.5]","(0.2, 0.4]"
BTC,2026-07-24 11:25:00+00:00,trend_pullback,-1,0.7867777543904855,1,0.29,0.25,0.14,0.03,1.07,1.05,0.02,skip,"(1.0, 1.5]","(0.2, 0.4]"
BTC,2026-07-24 11:30:00+00:00,trend_pullback,-1,0.8180523787994347,1,0.21,0.83,0.13,0.01,1.1,0.83,0.02,skip,"(-0.1, 1.0]","(0.2, 0.4]"
BTC,2026-07-24 11:40:00+00:00,trend_pullback,-1,-2.081590485187316,0,0.28,0.81,0.14,0.01,1.58,1.06,0.08,skip,"(1.0, 1.5]","(0.2, 0.4]"
BTC,2026-07-24 12:00:00+00:00,trend_pullback,-1,-1.8950217954736845,0,0.26,0.28,0.13,0.0,0.75,1.0,0.03,skip,"(-0.1, 1.0]","(0.2, 0.4]"
BTC,2026-07-24 12:15:00+00:00,trend_pullback,-1,-1.9270405442267917,0,0.32,0.8,0.14,0.0,1.17,1.02,0.04,skip,"(1.0, 1.5]","(0.2, 0.4]"
BTC,2026-07-24 12:25:00+00:00,trend_pullback,-1,0.9570853306661165,1,0.24,0.82,0.13,0.3,0.3,0.81,0.02,skip,"(-0.1, 1.0]","(0.2, 0.4]"
BTC,2026-07-24 12:30:00+00:00,trend_pullback,-1,0.9500372008867202,1,0.17,0.27,0.13,0.03,0.19,0.6,0.0,skip,"(-0.1, 1.0]","(0.0, 0.2]"
BTC,2026-07-24 12:40:00+00:00,trend_pullback,-1,0.9524061187443166,1,0.23,0.28,0.13,0.02,1.77,0.85,0.05,skip,"(-0.1, 1.0]","(0.2, 0.4]"
BTC,2026-07-24 15:00:00+00:00,trend_pullback,-1,-1.4536018644134876,0,0.34,0.38,0.4,0.0,1.85,1.55,0.22,wait,"(1.5, 2.0]","(0.2, 0.4]"
BTC,2026-07-24 15:15:00+00:00,trend_pullback,-1,-1.4174768002578286,0,0.37,0.39,0.4,0.0,1.4,1.62,0.17,wait,"(1.5, 2.0]","(0.2, 0.4]"
BTC,2026-07-24 15:55:00+00:00,trend_pullback,-1,1.2220539893746518,1,0.25,0.22,0.36,0.0,1.06,1.33,0.03,wait,"(1.0, 1.5]","(0.2, 0.4]"
BTC,2026-07-24 16:25:00+00:00,trend_pullback,-1,1.1698493666756318,1,0.32,0.2,0.39,0.0,1.68,1.44,0.12,wait,"(1.0, 1.5]","(0.2, 0.4]"
BTC,2026-07-24 16:30:00+00:00,trend_pullback,-1,-1.5335103225609406,0,0.26,0.2,0.35,0.0,1.95,1.42,0.15,wait,"(1.0, 1.5]","(0.2, 0.4]"
BTC,2026-07-24 17:05:00+00:00,trend_pullback,-1,-1.6271039573269876,0,0.3,0.32,0.35,0.0,1.96,1.47,0.12,wait,"(1.0, 1.5]","(0.2, 0.4]"
BTC,2026-07-24 19:05:00+00:00,trend_pullback,-1,-1.970642209333899,0,0.26,0.18,0.12,0.4,2.01,0.92,0.04,skip,"(-0.1, 1.0]","(0.2, 0.4]"
BTC,2026-07-24 19:10:00+00:00,trend_pullback,-1,-2.0026009690819233,0,0.23,0.11,0.13,0.39,2.53,0.79,0.02,skip,"(-0.1, 1.0]","(0.2, 0.4]"
BTC,2026-07-24 21:05:00+00:00,trend_pullback,-1,-2.29170306142954,0,0.25,0.09,0.12,0.01,0.85,0.79,0.01,skip,"(-0.1, 1.0]","(0.2, 0.4]"
BTC,2026-07-24 21:10:00+00:00,trend_pullback,-1,-2.29974077617314,0,0.25,0.09,0.13,0.01,1.99,0.82,0.01,skip,"(-0.1, 1.0]","(0.2, 0.4]"
BTC,2026-07-24 21:15:00+00:00,trend_pullback,-1,-2.331129227786811,0,0.25,0.15,0.13,0.01,2.48,0.89,0.04,skip,"(-0.1, 1.0]","(0.2, 0.4]"
BTC,2026-07-24 21:30:00+00:00,trend_pullback,-1,-2.2524947391401255,0,0.22,0.16,0.13,0.01,2.61,0.76,0.01,skip,"(-0.1, 1.0]","(0.2, 0.4]"
BTC,2026-07-24 21:50:00+00:00,trend_pullback,-1,-2.3238883770303156,0,0.21,0.09,0.13,0.04,1.97,0.6,0.01,skip,"(-0.1, 1.0]","(0.2, 0.4]"
BTC,2026-07-24 22:00:00+00:00,trend_pullback,-1,-2.3787265331376943,0,0.23,0.1,0.14,0.01,2.12,0.8,0.02,skip,"(-0.1, 1.0]","(0.2, 0.4]"
BTC,2026-07-24 22:25:00+00:00,trend_pullback,-1,-2.511638902481293,0,0.15,0.07,0.13,0.02,0.11,0.46,0.0,skip,"(-0.1, 1.0]","(0.0, 0.2]"
BTC,2026-07-24 22:50:00+00:00,trend_pullback,-1,0.4732756106803904,1,0.18,0.06,0.13,0.03,0.49,0.51,0.0,skip,"(-0.1, 1.0]","(0.0, 0.2]"
BTC,2026-07-24 22:55:00+00:00,trend_pullback,-1,0.41513147587675764,1,0.18,0.07,0.14,0.03,0.77,0.52,0.0,skip,"(-0.1, 1.0]","(0.0, 0.2]"
BTC,2026-07-24 23:00:00+00:00,trend_pullback,-1,0.4047518683031353,1,0.19,0.15,0.14,0.03,1.41,0.69,0.01,skip,"(-0.1, 1.0]","(0.0, 0.2]"
BTC,2026-07-24 23:10:00+00:00,trend_pullback,-1,-2.9159877582397487,0,0.21,0.14,0.12,0.03,2.01,0.71,0.01,skip,"(-0.1, 1.0]","(0.2, 0.4]"
BTC,2026-07-24 23:45:00+00:00,trend_pullback,-1,0.10723965497705185,1,0.21,0.15,0.13,0.02,1.13,0.66,0.01,skip,"(-0.1, 1.0]","(0.2, 0.4]"
BTC,2026-07-24 23:50:00+00:00,trend_pullback,-1,-3.235394172367065,0,0.19,0.15,0.13,0.02,1.99,0.6,0.01,skip,"(-0.1, 1.0]","(0.0, 0.2]"
BTC,2026-07-25 00:05:00+00:00,trend_pullback,-1,0.09012988281770153,1,0.37,0.1,0.12,0.01,1.03,0.96,0.04,skip,"(-0.1, 1.0]","(0.2, 0.4]"
BTC,2026-07-25 00:25:00+00:00,trend_pullback,-1,-0.0364116850569513,1,0.32,0.17,0.13,0.0,1.29,1.08,0.03,skip,"(1.0, 1.5]","(0.2, 0.4]"
BTC,2026-07-25 00:35:00+00:00,trend_pullback,-1,-0.1570851990290514,1,0.18,0.07,0.13,0.02,0.11,0.55,0.0,skip,"(-0.1, 1.0]","(0.0, 0.2]"
BTC,2026-07-25 00:40:00+00:00,trend_pullback,-1,0.06597431014102412,1,0.32,0.2,0.14,0.01,1.86,1.18,0.1,skip,"(1.0, 1.5]","(0.2, 0.4]"
BTC,2026-07-25 01:05:00+00:00,trend_pullback,-1,0.3773943647474115,1,0.34,0.08,0.13,0.0,1.49,1.07,0.11,skip,"(1.0, 1.5]","(0.2, 0.4]"
BTC,2026-07-25 01:35:00+00:00,trend_pullback,-1,-2.5842410156764464,0,0.42,0.21,0.13,0.0,1.49,1.32,0.06,skip,"(1.0, 1.5]","(0.4, 0.6]"
BTC,2026-07-25 01:50:00+00:00,trend_pullback,-1,0.5292322060526926,1,0.22,0.14,0.12,0.0,0.25,0.78,0.01,skip,"(-0.1, 1.0]","(0.2, 0.4]"
BTC,2026-07-25 01:55:00+00:00,trend_pullback,-1,-2.591016957210272,0,0.28,0.08,0.13,0.0,1.19,0.92,0.02,skip,"(-0.1, 1.0]","(0.2, 0.4]"
BTC,2026-07-25 02:05:00+00:00,trend_pullback,-1,0.4187022002078357,1,0.26,0.2,0.13,0.0,1.68,0.96,0.01,skip,"(-0.1, 1.0]","(0.2, 0.4]"
BTC,2026-07-25 02:15:00+00:00,trend_pullback,-1,-2.7088159713450732,0,0.35,0.24,0.13,0.01,1.32,1.13,0.11,skip,"(1.0, 1.5]","(0.2, 0.4]"
BTC,2026-07-25 03:05:00+00:00,trend_pullback,-1,-3.004678112921272,0,0.3,0.18,0.13,0.0,0.51,1.08,0.03,wait,"(1.0, 1.5]","(0.2, 0.4]"
BTC,2026-07-25 03:10:00+00:00,trend_pullback,-1,-2.8947630240219597,0,0.35,0.18,0.13,0.0,2.43,1.14,0.04,skip,"(1.0, 1.5]","(0.2, 0.4]"
BTC,2026-07-25 03:45:00+00:00,trend_pullback,-1,-3.132659467435981,0,0.28,0.11,0.14,0.53,0.51,0.85,0.02,skip,"(-0.1, 1.0]","(0.2, 0.4]"
BTC,2026-07-25 07:15:00+00:00,trend_pullback,-1,0.0375746990590024,1,0.29,0.85,0.13,0.0,0.93,1.1,0.03,wait,"(1.0, 1.5]","(0.2, 0.4]"
BTC,2026-07-25 07:20:00+00:00,trend_pullback,-1,-3.3574204860909225,0,0.34,0.78,0.14,0.0,2.19,1.32,0.05,skip,"(1.0, 1.5]","(0.2, 0.4]"
BTC,2026-07-25 07:45:00+00:00,trend_pullback,-1,-3.5740007919408603,0,0.23,0.25,0.14,0.0,0.92,1.01,0.03,skip,"(1.0, 1.5]","(0.2, 0.4]"
BTC,2026-07-25 07:55:00+00:00,trend_pullback,-1,-0.10871175665820475,1,0.2,0.19,0.14,0.0,1.21,0.81,0.01,skip,"(-0.1, 1.0]","(0.0, 0.2]"
BTC,2026-07-25 08:30:00+00:00,trend_pullback,-1,-0.031454659647130984,1,0.37,0.84,0.14,0.0,1.9,1.32,0.06,wait,"(1.0, 1.5]","(0.2, 0.4]"
BTC,2026-07-25 08:35:00+00:00,trend_pullback,-1,-3.4095663409708243,0,0.36,0.32,0.13,0.0,1.73,1.34,0.09,skip,"(1.0, 1.5]","(0.2, 0.4]"
BTC,2026-07-25 08:40:00+00:00,trend_pullback,-1,0.030079058844523016,1,0.36,0.85,0.14,0.0,2.14,1.4,0.15,skip,"(1.0, 1.5]","(0.2, 0.4]"
BTC,2026-07-25 09:35:00+00:00,trend_pullback,-1,-2.710943392076961,0,0.29,0.83,0.14,0.0,1.77,1.18,0.02,wait,"(1.0, 1.5]","(0.2, 0.4]"
BTC,2026-07-26 07:15:00+00:00,trend_pullback,-1,0.0801802962443101,1,0.22,0.84,0.14,1.22,1.7,0.85,0.06,skip,"(-0.1, 1.0]","(0.2, 0.4]"
BTC,2026-07-26 07:20:00+00:00,trend_pullback,-1,-3.210157558323479,0,0.24,0.82,0.14,1.24,1.57,0.89,0.03,skip,"(-0.1, 1.0]","(0.2, 0.4]"
BTC,2026-07-26 21:05:00+00:00,trend_pullback,-1,-4.010931107311923,0,0.26,0.16,0.13,1.23,0.84,1.1,0.03,skip,"(1.0, 1.5]","(0.2, 0.4]"
BTC,2026-07-27 12:10:00+00:00,trend_pullback,-1,-2.010097679027509,0,0.26,0.29,0.14,0.02,1.97,0.85,0.02,skip,"(-0.1, 1.0]","(0.2, 0.4]"
BTC,2026-07-27 13:05:00+00:00,trend_pullback,-1,0.9498332611903539,1,0.31,0.32,0.14,0.02,0.96,1.12,0.06,wait,"(1.0, 1.5]","(0.2, 0.4]"
BTC,2026-07-27 13:10:00+00:00,trend_pullback,-1,-1.8491221987272313,0,0.35,0.85,0.13,0.01,1.57,1.37,0.18,skip,"(1.0, 1.5]","(0.2, 0.4]"
BTC,2026-07-27 13:20:00+00:00,trend_pullback,-1,-1.8285500326916873,0,0.27,0.83,0.13,0.01,1.84,1.1,0.04,skip,"(1.0, 1.5]","(0.2, 0.4]"
BTC,2026-07-27 15:20:00+00:00,trend_pullback,-1,-1.35072663497007,0,0.24,0.19,0.35,0.02,1.43,1.18,0.05,wait,"(1.0, 1.5]","(0.2, 0.4]"
BTC,2026-07-27 16:05:00+00:00,trend_pullback,-1,-1.4558965042670824,0,0.31,0.22,0.31,0.0,1.38,1.31,0.08,wait,"(1.0, 1.5]","(0.2, 0.4]"
BTC,2026-07-27 16:10:00+00:00,trend_pullback,-1,-1.4709238291852846,0,0.35,0.21,0.32,0.0,1.5,1.5,0.09,wait,"(1.0, 1.5]","(0.2, 0.4]"
BTC,2026-07-27 19:00:00+00:00,trend_pullback,-1,-1.836263363060871,0,0.29,0.08,0.13,0.0,1.86,0.8,0.01,skip,"(-0.1, 1.0]","(0.2, 0.4]"
BTC,2026-07-28 03:05:00+00:00,trend_pullback,-1,-1.7879886684365809,0,0.32,0.29,0.14,0.0,1.68,1.11,0.05,wait,"(1.0, 1.5]","(0.2, 0.4]"
BTC,2026-07-28 04:25:00+00:00,trend_pullback,-1,-2.026169803247493,0,0.25,0.08,0.13,0.0,0.65,0.92,0.02,skip,"(-0.1, 1.0]","(0.2, 0.4]"
BTC,2026-07-28 04:30:00+00:00,trend_pullback,-1,-2.0369796148627217,0,0.27,0.07,0.13,0.0,1.54,1.02,0.04,skip,"(1.0, 1.5]","(0.2, 0.4]"
BTC,2026-07-28 08:25:00+00:00,trend_pullback,-1,0.7118370027604589,1,0.29,0.09,0.14,0.01,1.19,0.97,0.01,skip,"(-0.1, 1.0]","(0.2, 0.4]"
BTC,2026-07-28 08:45:00+00:00,trend_pullback,-1,0.6785003951888782,1,0.39,0.08,0.12,0.01,1.1,1.05,0.02,skip,"(1.0, 1.5]","(0.2, 0.4]"
BTC,2026-07-28 08:50:00+00:00,trend_pullback,-1,-2.2556333001863806,0,0.42,0.11,0.14,0.01,1.76,1.17,0.18,skip,"(1.0, 1.5]","(0.4, 0.6]"
BTC,2026-07-28 09:00:00+00:00,trend_pullback,-1,-2.303140059378029,0,0.42,0.11,0.14,0.01,1.85,1.12,0.06,skip,"(1.0, 1.5]","(0.4, 0.6]"
BTC,2026-07-28 09:10:00+00:00,trend_pullback,-1,-2.3056244992257846,0,0.28,0.07,0.14,0.01,1.7,0.89,0.01,skip,"(-0.1, 1.0]","(0.2, 0.4]"
BTC,2026-07-28 10:20:00+00:00,trend_pullback,-1,-2.096877949054917,0,0.35,0.82,0.14,0.01,1.71,1.27,0.07,wait,"(1.0, 1.5]","(0.2, 0.4]"
BTC,2026-07-28 11:40:00+00:00,trend_pullback,-1,-1.7829662990116535,0,0.25,0.84,0.13,0.01,1.22,1.11,0.08,skip,"(1.0, 1.5]","(0.2, 0.4]"
BTC,2026-07-28 11:50:00+00:00,trend_pullback,-1,-1.7801680353407452,0,0.2,0.35,0.13,0.02,0.17,0.77,0.01,skip,"(-0.1, 1.0]","(0.0, 0.2]"
BTC,2026-07-28 11:55:00+00:00,trend_pullback,-1,-1.7938152985557705,0,0.21,0.78,0.13,0.02,0.44,0.91,0.01,skip,"(-0.1, 1.0]","(0.2, 0.4]"
BTC,2026-07-28 12:10:00+00:00,trend_pullback,-1,-1.8085919907532426,0,0.2,0.19,0.13,0.03,0.27,0.75,0.01,skip,"(-0.1, 1.0]","(0.0, 0.2]"
BTC,2026-07-28 12:15:00+00:00,trend_pullback,-1,-1.8481313180439567,0,0.23,0.82,0.13,0.02,1.69,0.95,0.02,skip,"(-0.1, 1.0]","(0.2, 0.4]"
BTC,2026-07-28 12:25:00+00:00,trend_pullback,-1,-1.860636682773152,0,0.19,0.33,0.14,0.01,0.11,0.7,0.01,skip,"(-0.1, 1.0]","(0.0, 0.2]"
BTC,2026-07-28 14:10:00+00:00,trend_pullback,-1,-1.4696282009279302,0,0.42,0.41,0.37,0.0,1.88,1.79,0.14,wait,"(1.5, 2.0]","(0.4, 0.6]"
BTC,2026-07-28 14:15:00+00:00,trend_pullback,-1,-1.4460452962689878,0,0.21,0.37,0.36,0.0,2.47,1.12,0.09,skip,"(1.0, 1.5]","(0.2, 0.4]"
BTC,2026-07-28 14:25:00+00:00,trend_pullback,-1,-1.4325364836924388,0,0.43,0.38,0.4,0.0,1.78,1.84,0.17,wait,"(1.5, 2.0]","(0.4, 0.6]"
BTC,2026-07-28 14:30:00+00:00,trend_pullback,-1,-1.4440644968403593,0,0.42,0.4,0.4,0.0,1.82,1.78,0.13,wait,"(1.5, 2.0]","(0.4, 0.6]"
BTC,2026-07-29 02:15:00+00:00,trend_pullback,-1,-1.6227276657449092,0,0.34,0.36,0.29,0.0,1.81,1.6,0.09,wait,"(1.5, 2.0]","(0.2, 0.4]"
BTC,2026-07-29 13:15:00+00:00,trend_pullback,-1,-1.8827088825416654,0,0.35,0.82,0.15,1.2,1.95,1.25,0.06,skip,"(1.0, 1.5]","(0.2, 0.4]"
BTC,2026-07-29 14:55:00+00:00,trend_pullback,-1,1.233746055058828,1,0.46,0.24,0.37,1.16,2.1,1.79,0.25,wait,"(1.5, 2.0]","(0.4, 0.6]"
BTC,2026-07-29 15:10:00+00:00,trend_pullback,-1,1.2186922054494052,1,0.36,0.44,0.38,0.02,1.82,1.7,0.11,wait,"(1.5, 2.0]","(0.2, 0.4]"
BTC,2026-07-29 15:35:00+00:00,trend_pullback,-1,-1.4371047188675479,0,0.44,0.39,0.34,0.02,2.54,1.92,0.22,wait,"(1.5, 2.0]","(0.4, 0.6]"
BTC,2026-07-29 16:25:00+00:00,trend_pullback,-1,1.1805521145455027,1,0.28,0.35,0.35,0.02,0.08,1.57,0.08,wait,"(1.5, 2.0]","(0.2, 0.4]"
BTC,2026-07-29 16:30:00+00:00,trend_pullback,-1,1.1876562783174613,1,0.26,0.34,0.38,0.02,1.35,1.33,0.09,wait,"(1.0, 1.5]","(0.2, 0.4]"
BTC,2026-07-29 17:15:00+00:00,trend_pullback,-1,-1.5079303072737167,0,0.35,0.2,0.34,0.01,1.76,1.41,0.12,wait,"(1.0, 1.5]","(0.2, 0.4]"
BTC,2026-07-29 17:35:00+00:00,trend_pullback,-1,-1.5407823820227824,0,0.33,0.2,0.35,0.02,1.69,1.39,0.05,wait,"(1.0, 1.5]","(0.2, 0.4]"
BTC,2026-07-29 20:40:00+00:00,trend_pullback,-1,1.2841523648641056,1,0.35,0.37,0.82,0.01,1.55,1.8,0.22,wait,"(1.5, 2.0]","(0.2, 0.4]"
BTC,2026-07-29 21:40:00+00:00,trend_pullback,-1,-1.45271482187325,0,0.19,0.28,0.37,0.01,0.16,0.93,0.01,wait,"(-0.1, 1.0]","(0.0, 0.2]"
BTC,2026-07-30 01:05:00+00:00,trend_pullback,-1,-1.656532331562171,0,0.45,0.13,0.36,0.02,1.74,2.01,0.14,wait,"(2.0, 2.5]","(0.4, 0.6]"
BTC,2026-07-30 01:25:00+00:00,trend_pullback,-1,-1.6932733966333349,0,0.39,0.22,0.33,0.01,0.89,1.64,0.06,wait,"(1.5, 2.0]","(0.2, 0.4]"
BTC,2026-07-30 06:30:00+00:00,trend_pullback,-1,-1.9016026100606374,0,0.31,0.11,0.12,0.0,1.16,0.94,0.02,skip,"(-0.1, 1.0]","(0.2, 0.4]"
BTC,2026-07-30 06:40:00+00:00,trend_pullback,-1,-1.9640185393406446,0,0.18,0.18,0.14,0.01,0.35,0.59,0.0,skip,"(-0.1, 1.0]","(0.0, 0.2]"
BTC,2026-07-30 21:40:00+00:00,trend_pullback,-1,-2.4719419854974354,0,0.38,0.17,0.14,1.33,2.1,1.1,0.05,skip,"(1.0, 1.5]","(0.2, 0.4]"
BTC,2026-07-30 21:45:00+00:00,trend_pullback,-1,-2.487189607883102,0,0.31,0.19,0.14,1.42,1.18,1.25,0.07,skip,"(1.0, 1.5]","(0.2, 0.4]"
BTC,2026-07-31 00:45:00+00:00,trend_pullback,-1,-1.8709401120093234,0,0.29,0.32,0.13,1.37,0.54,0.94,0.02,wait,"(-0.1, 1.0]","(0.2, 0.4]"
BTC,2026-07-31 03:25:00+00:00,trend_pullback,-1,-0.1298306257093123,0,0.35,0.34,0.36,0.02,1.12,1.79,0.15,wait,"(1.5, 2.0]","(0.2, 0.4]"
BTC,2026-07-31 03:30:00+00:00,trend_pullback,-1,-0.26383638011863175,0,0.42,0.34,0.32,0.02,1.87,1.67,0.13,wait,"(1.5, 2.0]","(0.4, 0.6]"
BTC,2026-07-31 03:45:00+00:00,trend_pullback,-1,-1.666473680731533,0,0.26,0.21,0.36,0.03,0.6,1.29,0.05,wait,"(1.0, 1.5]","(0.2, 0.4]"
BTC,2026-07-31 03:55:00+00:00,trend_pullback,-1,-0.6373677127496723,0,0.49,0.86,0.35,0.03,2.15,1.71,0.24,wait,"(1.5, 2.0]","(0.4, 0.6]"
BTC,2026-07-31 04:05:00+00:00,trend_pullback,-1,1.070010667410926,1,0.27,0.15,0.36,0.02,1.45,0.99,0.02,wait,"(-0.1, 1.0]","(0.2, 0.4]"
BTC,2026-07-31 04:10:00+00:00,trend_pullback,-1,-0.892241737843273,0,0.22,0.85,0.14,0.01,0.91,0.76,0.01,skip,"(-0.1, 1.0]","(0.2, 0.4]"
BTC,2026-07-31 04:15:00+00:00,trend_pullback,-1,-1.7068600494334598,0,0.26,0.27,0.14,0.01,1.49,0.9,0.03,skip,"(-0.1, 1.0]","(0.2, 0.4]"
BTC,2026-07-31 04:30:00+00:00,trend_pullback,-1,-1.7269241705394671,0,0.29,0.28,0.14,0.02,1.06,0.99,0.02,skip,"(-0.1, 1.0]","(0.2, 0.4]"
BTC,2026-07-31 04:45:00+00:00,trend_pullback,-1,-1.8177029881963302,0,0.3,0.27,0.14,0.03,1.17,1.0,0.02,skip,"(-0.1, 1.0]","(0.2, 0.4]"
BTC,2026-07-31 04:55:00+00:00,trend_pullback,-1,-1.8969864691640208,0,0.34,0.82,0.13,0.02,1.61,1.07,0.07,skip,"(1.0, 1.5]","(0.2, 0.4]"
BTC,2026-07-31 05:25:00+00:00,trend_pullback,-1,-1.962979577997237,0,0.25,0.07,0.13,0.0,0.83,0.78,0.02,skip,"(-0.1, 1.0]","(0.2, 0.4]"
BTC,2026-07-31 05:30:00+00:00,trend_pullback,-1,-1.9793924907291336,0,0.26,0.08,0.13,0.0,1.63,0.88,0.02,skip,"(-0.1, 1.0]","(0.2, 0.4]"
BTC,2026-07-31 05:40:00+00:00,trend_pullback,-1,-2.0219484516440853,0,0.31,0.08,0.13,0.0,0.89,0.9,0.02,skip,"(-0.1, 1.0]","(0.2, 0.4]"
BTC,2026-07-31 06:00:00+00:00,trend_pullback,-1,-2.080514272205185,0,0.21,0.08,0.13,0.0,1.1,0.75,0.01,skip,"(-0.1, 1.0]","(0.2, 0.4]"
BTC,2026-07-31 06:35:00+00:00,trend_pullback,-1,0.8184720878241141,1,0.27,0.18,0.13,0.56,1.5,0.88,0.03,skip,"(-0.1, 1.0]","(0.2, 0.4]"
BTC,2026-07-31 06:40:00+00:00,trend_pullback,-1,0.8623215258023343,1,0.2,0.17,0.13,0.03,2.22,0.67,0.03,skip,"(-0.1, 1.0]","(0.0, 0.2]"
BTC,2026-07-31 11:30:00+00:00,trend_pullback,-1,0.8028847314245613,1,0.24,0.08,0.13,0.51,0.97,0.75,0.02,skip,"(-0.1, 1.0]","(0.2, 0.4]"
BTC,2026-07-31 11:35:00+00:00,trend_pullback,-1,0.7824817125019716,1,0.22,0.08,0.13,0.39,1.96,0.81,0.02,skip,"(-0.1, 1.0]","(0.2, 0.4]"
BTC,2026-07-31 11:40:00+00:00,trend_pullback,-1,0.7566914416858278,1,0.21,0.1,0.13,0.03,2.03,0.76,0.02,skip,"(-0.1, 1.0]","(0.2, 0.4]"
BTC,2026-07-31 11:45:00+00:00,trend_pullback,-1,0.7527721203108372,1,0.22,0.1,0.13,0.0,1.98,0.89,0.03,skip,"(-0.1, 1.0]","(0.2, 0.4]"
BTC,2026-07-31 11:55:00+00:00,trend_pullback,-1,0.7360929804785087,1,0.27,0.08,0.14,0.0,1.77,0.95,0.05,skip,"(-0.1, 1.0]","(0.2, 0.4]"
BTC,2026-07-31 12:00:00+00:00,trend_pullback,-1,0.7588263881710511,1,0.23,0.17,0.13,0.0,2.04,1.06,0.09,skip,"(1.0, 1.5]","(0.2, 0.4]"
BTC,2026-07-31 13:05:00+00:00,trend_pullback,-1,-2.139638060464563,0,0.23,0.29,0.13,0.0,0.77,0.8,0.01,skip,"(-0.1, 1.0]","(0.2, 0.4]"
BTC,2026-07-31 13:30:00+00:00,trend_pullback,-1,0.9513488977393381,1,0.2,0.68,0.12,0.0,1.72,0.79,0.01,skip,"(-0.1, 1.0]","(0.0, 0.2]"
BTC,2026-07-31 13:35:00+00:00,trend_pullback,-1,1.0060193757252125,1,0.23,0.79,0.13,0.0,2.41,1.06,0.05,skip,"(1.0, 1.5]","(0.2, 0.4]"
BTC,2026-07-31 15:45:00+00:00,trend_pullback,-1,-1.463393195876714,0,0.37,0.22,0.4,0.0,1.21,1.56,0.18,wait,"(1.5, 2.0]","(0.2, 0.4]"
BTC,2026-07-31 15:55:00+00:00,trend_pullback,-1,-1.497868478747053,0,0.4,0.35,0.36,0.0,1.17,1.88,0.27,wait,"(1.5, 2.0]","(0.2, 0.4]"
BTC,2026-07-31 16:45:00+00:00,trend_pullback,-1,-1.6371109851999819,0,0.32,0.17,0.35,0.0,1.66,1.44,0.06,wait,"(1.0, 1.5]","(0.2, 0.4]"
BTC,2026-07-31 17:05:00+00:00,trend_pullback,-1,-1.6914530111187842,0,0.3,0.32,0.35,0.0,0.67,1.46,0.07,wait,"(1.0, 1.5]","(0.2, 0.4]"
BTC,2026-07-31 19:55:00+00:00,trend_pullback,-1,-1.9890881854829041,0,0.25,0.18,0.12,0.01,1.9,0.89,0.02,skip,"(-0.1, 1.0]","(0.2, 0.4]"
BTC,2026-07-31 20:20:00+00:00,trend_pullback,-1,0.7989052007701362,1,0.27,0.07,0.13,0.01,1.17,0.73,0.01,skip,"(-0.1, 1.0]","(0.2, 0.4]"
BTC,2026-07-31 20:35:00+00:00,trend_pullback,-1,-2.1883756918956077,0,0.26,0.07,0.13,0.01,1.37,0.77,0.02,skip,"(-0.1, 1.0]","(0.2, 0.4]"
BTC,2026-07-31 20:45:00+00:00,trend_pullback,-1,0.7378567140771002,1,0.2,0.07,0.13,0.01,0.54,0.69,0.01,skip,"(-0.1, 1.0]","(0.0, 0.2]"
BTC,2026-07-31 20:50:00+00:00,trend_pullback,-1,0.7589749168758078,1,0.23,0.16,0.13,0.01,1.13,0.81,0.02,skip,"(-0.1, 1.0]","(0.2, 0.4]"
BTC,2026-07-31 22:25:00+00:00,trend_pullback,-1,0.6530282039398633,1,0.2,0.17,0.13,0.03,0.51,0.7,0.01,skip,"(-0.1, 1.0]","(0.0, 0.2]"
BTC,2026-07-31 22:30:00+00:00,trend_pullback,-1,0.6273238972539258,1,0.21,0.19,0.12,0.02,2.08,0.76,0.01,skip,"(-0.1, 1.0]","(0.2, 0.4]"
BTC,2026-07-31 22:35:00+00:00,trend_pullback,-1,-2.357262969398765,0,0.19,0.07,0.13,0.02,1.88,0.6,0.01,skip,"(-0.1, 1.0]","(0.0, 0.2]"
BTC,2026-07-31 23:10:00+00:00,trend_pullback,-1,-2.6922323211456414,0,0.18,0.19,0.14,0.02,0.49,0.72,0.01,skip,"(-0.1, 1.0]","(0.0, 0.2]"
BTC,2026-07-31 23:40:00+00:00,trend_pullback,-1,0.29169642783688887,1,0.23,0.09,0.13,0.02,1.19,0.78,0.02,skip,"(-0.1, 1.0]","(0.2, 0.4]"
BTC,2026-08-01 00:05:00+00:00,trend_pullback,-1,-2.6706309169908184,0,0.37,0.22,0.14,0.0,1.75,1.36,0.04,wait,"(1.0, 1.5]","(0.2, 0.4]"
BTC,2026-08-01 00:10:00+00:00,trend_pullback,-1,-2.673811547931671,0,0.35,0.18,0.13,0.0,1.97,1.23,0.03,wait,"(1.0, 1.5]","(0.2, 0.4]"
BTC,2026-08-01 00:55:00+00:00,trend_pullback,-1,-2.7706634890881547,0,0.3,0.1,0.13,0.55,0.7,0.9,0.02,skip,"(-0.1, 1.0]","(0.2, 0.4]"
BTC,2026-08-01 01:15:00+00:00,trend_pullback,-1,-2.9630152850544733,0,0.14,0.07,0.12,0.02,0.01,0.44,0.0,skip,"(-0.1, 1.0]","(0.0, 0.2]"
BTC,2026-08-01 01:20:00+00:00,trend_pullback,-1,-2.8779950027850956,0,0.27,0.22,0.14,0.02,1.88,1.02,0.04,skip,"(1.0, 1.5]","(0.2, 0.4]"
BTC,2026-08-01 01:30:00+00:00,trend_pullback,-1,-2.8718302044014004,0,0.34,0.11,0.13,0.01,1.34,1.05,0.04,skip,"(1.0, 1.5]","(0.2, 0.4]"
BTC,2026-08-01 10:45:00+00:00,trend_pullback,-1,-3.3436793978432893,0,0.24,0.83,0.14,0.0,0.42,1.09,0.02,wait,"(1.0, 1.5]","(0.2, 0.4]"
BTC,2026-08-01 10:50:00+00:00,trend_pullback,-1,-3.4983585640208306,0,0.38,0.34,0.13,0.0,1.21,1.29,0.12,skip,"(1.0, 1.5]","(0.2, 0.4]"
BTC,2026-08-01 11:00:00+00:00,trend_pullback,-1,-3.7551440415847694,0,0.24,0.33,0.14,0.02,1.17,0.84,0.01,skip,"(-0.1, 1.0]","(0.2, 0.4]"
BTC,2026-08-01 11:15:00+00:00,trend_pullback,-1,-3.896901761415281,0,0.19,0.75,0.13,0.02,0.73,0.7,0.0,skip,"(-0.1, 1.0]","(0.0, 0.2]"
BTC,2026-08-01 17:10:00+00:00,trend_pullback,-1,0.36942864984798873,1,0.23,0.39,0.13,0.01,2.13,0.89,0.03,skip,"(-0.1, 1.0]","(0.2, 0.4]"
BTC,2026-08-01 19:05:00+00:00,trend_pullback,-1,-1.6943700775396449,0,0.36,0.37,0.44,0.0,1.18,1.91,0.18,wait,"(1.5, 2.0]","(0.2, 0.4]"
BTC,2026-08-01 19:10:00+00:00,trend_pullback,-1,-1.717662621755328,0,0.32,0.19,0.13,0.0,1.29,1.14,0.05,skip,"(1.0, 1.5]","(0.2, 0.4]"
BTC,2026-08-01 19:20:00+00:00,trend_pullback,-1,-1.7133975418100669,0,0.3,0.21,0.14,0.0,1.6,1.17,0.04,skip,"(1.0, 1.5]","(0.2, 0.4]"
BTC,2026-08-01 19:30:00+00:00,trend_pullback,-1,-1.7422654333477863,0,0.28,0.22,0.13,0.0,1.57,1.23,0.05,wait,"(1.0, 1.5]","(0.2, 0.4]"
BTC,2026-08-01 20:05:00+00:00,trend_pullback,-1,-1.8968077194127408,0,0.41,0.13,0.13,0.0,1.95,1.11,0.05,skip,"(1.0, 1.5]","(0.4, 0.6]"
BTC,2026-08-01 20:35:00+00:00,trend_pullback,-1,-1.9986200532185423,0,0.22,0.19,0.13,0.25,1.07,0.89,0.02,skip,"(-0.1, 1.0]","(0.2, 0.4]"
BTC,2026-08-02 09:25:00+00:00,trend_pullback,-1,-2.29421715066752,0,0.26,0.33,0.14,1.27,0.57,1.11,0.02,wait,"(1.0, 1.5]","(0.2, 0.4]"
BTC,2026-08-02 09:35:00+00:00,trend_pullback,-1,0.7181561248490924,1,0.42,0.33,0.14,1.43,1.24,1.33,0.11,wait,"(1.0, 1.5]","(0.4, 0.6]"
BTC,2026-08-02 10:20:00+00:00,trend_pullback,-1,-2.269716908758435,0,0.26,0.85,0.14,1.22,1.84,1.11,0.09,skip,"(1.0, 1.5]","(0.2, 0.4]"
BTC,2026-08-02 11:15:00+00:00,trend_pullback,-1,0.47087044927551924,1,0.31,0.84,0.13,0.02,1.98,1.14,0.05,skip,"(1.0, 1.5]","(0.2, 0.4]"
BTC,2026-08-02 11:40:00+00:00,trend_pullback,-1,-2.4638430668281646,0,0.22,0.83,0.13,0.02,2.0,0.94,0.04,skip,"(-0.1, 1.0]","(0.2, 0.4]"
BTC,2026-08-02 11:45:00+00:00,trend_pullback,-1,-2.403330217617384,0,0.23,0.85,0.14,0.02,2.7,0.78,0.02,skip,"(-0.1, 1.0]","(0.2, 0.4]"
BTC,2026-08-02 11:50:00+00:00,trend_pullback,-1,-2.215704177789814,0,0.25,0.8,0.14,0.01,2.41,0.91,0.02,skip,"(-0.1, 1.0]","(0.2, 0.4]"
BTC,2026-08-02 12:35:00+00:00,trend_pullback,-1,0.8079299987909775,1,0.23,0.83,0.14,0.01,1.5,0.88,0.02,skip,"(-0.1, 1.0]","(0.2, 0.4]"
BTC,2026-08-02 12:50:00+00:00,trend_pullback,-1,0.7137583286634411,1,0.2,0.82,0.14,0.01,0.75,0.77,0.01,skip,"(-0.1, 1.0]","(0.0, 0.2]"
BTC,2026-08-02 12:55:00+00:00,trend_pullback,-1,0.6955059201806341,1,0.24,0.32,0.13,0.01,0.91,0.87,0.02,skip,"(-0.1, 1.0]","(0.2, 0.4]"
BTC,2026-08-02 13:05:00+00:00,trend_pullback,-1,0.6679185293710629,1,0.29,0.82,0.13,0.01,1.62,1.26,0.06,skip,"(1.0, 1.5]","(0.2, 0.4]"
BTC,2026-08-02 13:25:00+00:00,trend_pullback,-1,0.593834665844239,1,0.33,0.86,0.14,0.01,2.07,1.25,0.08,skip,"(1.0, 1.5]","(0.2, 0.4]"
BTC,2026-08-02 14:00:00+00:00,trend_pullback,-1,-2.4143806179605134,0,0.18,0.83,0.13,0.01,0.17,0.71,0.01,skip,"(-0.1, 1.0]","(0.0, 0.2]"
BTC,2026-08-02 14:05:00+00:00,trend_pullback,-1,-2.4295803638441478,0,0.26,0.29,0.14,0.01,1.65,0.95,0.04,skip,"(-0.1, 1.0]","(0.2, 0.4]"
BTC,2026-08-02 14:20:00+00:00,trend_pullback,-1,-2.4159709092588395,0,0.27,0.85,0.14,0.01,0.81,1.0,0.03,skip,"(-0.1, 1.0]","(0.2, 0.4]"
BTC,2026-08-02 14:50:00+00:00,trend_pullback,-1,-2.4451348267661768,0,0.22,0.82,0.13,0.01,1.19,0.68,0.02,skip,"(-0.1, 1.0]","(0.2, 0.4]"
BTC,2026-08-02 15:00:00+00:00,trend_pullback,-1,-2.533014803101677,0,0.29,0.82,0.13,0.0,2.14,1.0,0.05,skip,"(-0.1, 1.0]","(0.2, 0.4]"
BTC,2026-08-02 15:55:00+00:00,trend_pullback,-1,-2.9478508819172475,0,0.22,0.1,0.14,0.01,1.26,0.68,0.02,skip,"(-0.1, 1.0]","(0.2, 0.4]"
BTC,2026-08-02 16:00:00+00:00,trend_pullback,-1,-2.8506443043811633,0,0.18,0.24,0.14,0.01,1.98,0.62,0.01,skip,"(-0.1, 1.0]","(0.0, 0.2]"
BTC,2026-08-02 16:10:00+00:00,trend_pullback,-1,-2.8286979736442692,0,0.15,0.09,0.13,0.01,0.09,0.43,0.0,skip,"(-0.1, 1.0]","(0.0, 0.2]"
BTC,2026-08-02 16:15:00+00:00,trend_pullback,-1,-2.8643275312808094,0,0.3,0.17,0.14,0.0,2.01,0.95,0.04,skip,"(-0.1, 1.0]","(0.2, 0.4]"
BTC,2026-08-02 16:25:00+00:00,trend_pullback,-1,-2.765671217088569,0,0.16,0.09,0.13,0.01,0.09,0.43,0.0,skip,"(-0.1, 1.0]","(0.0, 0.2]"
BTC,2026-08-03 02:20:00+00:00,trend_pullback,-1,0.9510249813260572,1,0.31,0.8,0.14,0.01,0.72,1.05,0.02,skip,"(1.0, 1.5]","(0.2, 0.4]"
BTC,2026-08-03 02:25:00+00:00,trend_pullback,-1,-1.8232753537290483,0,0.33,0.82,0.13,0.02,1.61,1.27,0.14,skip,"(1.0, 1.5]","(0.2, 0.4]"
BTC,2026-08-03 02:40:00+00:00,trend_pullback,-1,0.9451771570113301,1,0.3,0.85,0.13,0.02,0.51,1.16,0.02,wait,"(1.0, 1.5]","(0.2, 0.4]"
BTC,2026-08-03 02:50:00+00:00,trend_pullback,-1,0.9034557851846061,1,0.38,0.33,0.14,0.01,1.53,1.29,0.17,skip,"(1.0, 1.5]","(0.2, 0.4]"
BTC,2026-08-03 04:40:00+00:00,trend_pullback,-1,0.8551953121432793,1,0.25,0.13,0.13,0.0,0.32,0.86,0.02,skip,"(-0.1, 1.0]","(0.2, 0.4]"
BTC,2026-08-03 04:45:00+00:00,trend_pullback,-1,0.853718467333023,1,0.36,0.28,0.14,0.0,1.28,1.25,0.12,skip,"(1.0, 1.5]","(0.2, 0.4]"
BTC,2026-08-03 05:50:00+00:00,trend_pullback,-1,-2.080932639614148,0,0.29,0.1,0.14,0.01,1.35,1.04,0.05,skip,"(1.0, 1.5]","(0.2, 0.4]"
BTC,2026-08-03 06:10:00+00:00,trend_pullback,-1,0.7437964382510543,1,0.26,0.1,0.14,0.0,0.56,1.02,0.02,wait,"(1.0, 1.5]","(0.2, 0.4]"
BTC,2026-08-03 06:15:00+00:00,trend_pullback,-1,0.7283446458941241,1,0.31,0.1,0.13,0.0,1.54,1.0,0.05,skip,"(-0.1, 1.0]","(0.2, 0.4]"
BTC,2026-08-03 06:30:00+00:00,trend_pullback,-1,0.721245905675271,1,0.26,0.1,0.13,0.0,2.31,0.88,0.02,skip,"(-0.1, 1.0]","(0.2, 0.4]"
BTC,2026-08-03 07:35:00+00:00,trend_pullback,-1,0.8448454282113343,1,0.27,0.85,0.13,0.0,1.0,1.13,0.04,wait,"(1.0, 1.5]","(0.2, 0.4]"
BTC,2026-08-03 07:45:00+00:00,trend_pullback,-1,0.7888094794340459,1,0.31,0.23,0.14,0.0,2.35,1.21,0.07,skip,"(1.0, 1.5]","(0.2, 0.4]"
BTC,2026-08-03 11:45:00+00:00,trend_pullback,-1,0.8821174569869144,1,0.2,0.14,0.13,0.03,1.83,0.75,0.01,skip,"(-0.1, 1.0]","(0.0, 0.2]"
BTC,2026-08-03 11:50:00+00:00,trend_pullback,-1,0.8693236295653689,1,0.23,0.83,0.12,0.02,1.89,0.88,0.04,skip,"(-0.1, 1.0]","(0.2, 0.4]"
BTC,2026-08-03 12:20:00+00:00,trend_pullback,-1,-1.8423702311059664,0,0.23,0.35,0.13,0.0,1.27,1.02,0.01,wait,"(1.0, 1.5]","(0.2, 0.4]"
BTC,2026-08-03 12:25:00+00:00,trend_pullback,-1,-1.8879394782560324,0,0.35,0.21,0.14,0.0,1.74,1.12,0.02,wait,"(1.0, 1.5]","(0.2, 0.4]"
BTC,2026-08-03 12:30:00+00:00,trend_pullback,-1,-1.9217605487011893,0,0.26,0.31,0.14,0.0,1.98,0.98,0.02,skip,"(-0.1, 1.0]","(0.2, 0.4]"
BTC,2026-08-03 12:35:00+00:00,trend_pullback,-1,-1.946636196089168,0,0.23,0.29,0.13,0.0,1.7,0.91,0.01,skip,"(-0.1, 1.0]","(0.2, 0.4]"
BTC,2026-08-03 23:00:00+00:00,trend_pullback,-1,0.8986480546107856,1,0.26,0.11,0.13,1.31,1.76,1.04,0.02,skip,"(1.0, 1.5]","(0.2, 0.4]"
BTC,2026-08-03 23:10:00+00:00,trend_pullback,-1,-1.9734879549326132,0,0.32,0.11,0.13,1.3,1.61,1.11,0.06,skip,"(1.0, 1.5]","(0.2, 0.4]"
BTC,2026-08-03 23:15:00+00:00,trend_pullback,-1,0.9104716467565951,1,0.34,0.21,0.14,1.2,2.61,1.3,0.07,skip,"(1.0, 1.5]","(0.2, 0.4]"
BTC,2026-08-03 23:30:00+00:00,trend_pullback,-1,-2.010789058005857,0,0.32,0.11,0.14,1.21,1.22,1.1,0.07,skip,"(1.0, 1.5]","(0.2, 0.4]"
BTC,2026-08-04 00:05:00+00:00,trend_pullback,-1,0.8077470808073379,1,0.26,0.19,0.15,0.03,0.37,1.05,0.01,wait,"(1.0, 1.5]","(0.2, 0.4]"
BTC,2026-08-04 00:10:00+00:00,trend_pullback,-1,0.8429525039179042,1,0.45,0.16,0.13,0.01,1.74,1.37,0.23,skip,"(1.0, 1.5]","(0.4, 0.6]"
BTC,2026-08-04 00:50:00+00:00,trend_pullback,-1,-1.9395548811716894,0,0.34,0.12,0.13,0.02,1.7,1.17,0.03,skip,"(1.0, 1.5]","(0.2, 0.4]"
BTC,2026-08-04 07:35:00+00:00,trend_pullback,-1,-2.1826723824072496,0,0.38,0.2,0.13,1.34,1.63,1.32,0.06,wait,"(1.0, 1.5]","(0.2, 0.4]"
BTC,2026-08-04 07:40:00+00:00,trend_pullback,-1,-2.209548596087224,0,0.26,0.23,0.14,1.17,0.2,1.07,0.01,wait,"(1.0, 1.5]","(0.2, 0.4]"
BTC,2026-08-04 07:55:00+00:00,trend_pullback,-1,-2.191453587311347,0,0.19,0.24,0.15,1.24,0.03,0.71,0.0,skip,"(-0.1, 1.0]","(0.0, 0.2]"
BTC,2026-08-04 08:05:00+00:00,trend_pullback,-1,0.7726775845480472,1,0.28,0.11,0.13,0.01,1.2,0.94,0.02,skip,"(-0.1, 1.0]","(0.2, 0.4]"
BTC,2026-08-04 08:50:00+00:00,trend_pullback,-1,0.6962594569534136,1,0.28,0.08,0.14,0.01,1.57,0.98,0.01,skip,"(-0.1, 1.0]","(0.2, 0.4]"
BTC,2026-08-04 09:25:00+00:00,trend_pullback,-1,0.6316463229141107,1,0.29,0.1,0.13,0.02,1.45,1.02,0.05,skip,"(1.0, 1.5]","(0.2, 0.4]"
BTC,2026-08-04 09:30:00+00:00,trend_pullback,-1,-2.3408313292249296,0,0.31,0.11,0.14,0.02,2.16,1.02,0.02,wait,"(1.0, 1.5]","(0.2, 0.4]"
BTC,2026-08-04 10:00:00+00:00,trend_pullback,-1,0.6299299568000126,1,0.21,0.22,0.14,0.01,2.57,0.73,0.02,skip,"(-0.1, 1.0]","(0.2, 0.4]"
BTC,2026-08-04 10:20:00+00:00,trend_pullback,-1,-2.348791900260729,0,0.29,0.26,0.13,0.01,2.46,1.16,0.06,wait,"(1.0, 1.5]","(0.2, 0.4]"
BTC,2026-08-05 00:35:00+00:00,trend_pullback,-1,0.9176966600357676,1,0.39,0.86,0.14,1.26,1.35,1.26,0.04,wait,"(1.0, 1.5]","(0.2, 0.4]"
BTC,2026-08-05 00:40:00+00:00,trend_pullback,-1,0.9316392289287454,1,0.3,0.85,0.13,1.2,0.47,1.19,0.03,wait,"(1.0, 1.5]","(0.2, 0.4]"
BTC,2026-08-05 04:20:00+00:00,trend_pullback,-1,-1.9763314108428371,0,0.34,0.31,0.14,1.36,1.15,0.97,0.02,skip,"(-0.1, 1.0]","(0.2, 0.4]"
BTC,2026-08-05 04:35:00+00:00,trend_pullback,-1,-2.0416065684024822,0,0.21,0.14,0.14,1.31,0.03,0.71,0.0,skip,"(-0.1, 1.0]","(0.2, 0.4]"
BTC,2026-08-05 04:45:00+00:00,trend_pullback,-1,-2.1732252912399583,0,0.17,0.08,0.14,1.18,0.21,0.44,0.0,skip,"(-0.1, 1.0]","(0.0, 0.2]"
BTC,2026-08-05 04:50:00+00:00,trend_pullback,-1,-2.162603363366693,0,0.18,0.1,0.13,1.22,0.34,0.55,0.0,skip,"(-0.1, 1.0]","(0.0, 0.2]"
BTC,2026-08-05 09:10:00+00:00,trend_pullback,-1,-2.2474800692483874,0,0.39,0.11,0.12,0.0,1.31,0.97,0.02,skip,"(-0.1, 1.0]","(0.2, 0.4]"
BTC,2026-08-05 09:25:00+00:00,trend_pullback,-1,-2.292751476404022,0,0.24,0.11,0.13,0.01,1.78,0.85,0.01,skip,"(-0.1, 1.0]","(0.2, 0.4]"
BTC,2026-08-05 09:50:00+00:00,trend_pullback,-1,0.5298457825856598,1,0.22,0.1,0.13,0.01,1.46,0.7,0.01,skip,"(-0.1, 1.0]","(0.2, 0.4]"
BTC,2026-08-05 09:55:00+00:00,trend_pullback,-1,-2.6193556086722265,0,0.16,0.17,0.13,0.01,0.99,0.49,0.0,skip,"(-0.1, 1.0]","(0.0, 0.2]"
BTC,2026-08-05 10:05:00+00:00,trend_pullback,-1,0.4712201787595673,1,0.18,0.16,0.13,0.01,0.21,0.55,0.0,skip,"(-0.1, 1.0]","(0.0, 0.2]"
BTC,2026-08-05 10:10:00+00:00,trend_pullback,-1,0.5392553375600169,1,0.17,0.23,0.13,0.01,0.38,0.57,0.0,skip,"(-0.1, 1.0]","(0.0, 0.2]"
BTC,2026-08-05 10:15:00+00:00,trend_pullback,-1,-2.455996401738935,0,0.19,0.21,0.13,0.01,1.14,0.58,0.0,skip,"(-0.1, 1.0]","(0.0, 0.2]"
BTC,2026-08-05 11:10:00+00:00,trend_pullback,-1,-2.239136469474704,0,0.32,0.32,0.14,0.0,1.5,1.05,0.04,skip,"(1.0, 1.5]","(0.2, 0.4]"
BTC,2026-08-05 11:35:00+00:00,trend_pullback,-1,-2.2750224587930403,0,0.38,0.34,0.14,0.01,1.24,1.32,0.11,wait,"(1.0, 1.5]","(0.2, 0.4]"
BTC,2026-08-05 11:40:00+00:00,trend_pullback,-1,-2.320585279530846,0,0.22,0.84,0.14,0.01,1.17,0.86,0.01,skip,"(-0.1, 1.0]","(0.2, 0.4]"
BTC,2026-08-05 11:45:00+00:00,trend_pullback,-1,-2.3278472214318153,0,0.24,0.83,0.14,0.01,1.79,0.91,0.01,skip,"(-0.1, 1.0]","(0.2, 0.4]"
BTC,2026-08-05 11:50:00+00:00,trend_pullback,-1,-2.3483811390933065,0,0.24,0.27,0.14,0.01,1.95,0.86,0.03,skip,"(-0.1, 1.0]","(0.2, 0.4]"
BTC,2026-08-05 23:25:00+00:00,trend_pullback,-1,0.7083431675591128,1,0.16,0.21,0.13,1.23,0.5,0.59,0.01,skip,"(-0.1, 1.0]","(0.0, 0.2]"
BTC,2026-08-05 23:30:00+00:00,trend_pullback,-1,0.6937163756826235,1,0.25,0.1,0.13,1.16,1.37,0.79,0.03,skip,"(-0.1, 1.0]","(0.2, 0.4]"
BTC,2026-08-05 23:40:00+00:00,trend_pullback,-1,0.6572333995769367,1,0.21,0.25,0.14,1.24,1.36,0.84,0.02,skip,"(-0.1, 1.0]","(0.2, 0.4]"
BTC,2026-08-05 23:50:00+00:00,trend_pullback,-1,0.6958231045431967,1,0.26,0.11,0.13,1.44,1.09,0.83,0.01,skip,"(-0.1, 1.0]","(0.2, 0.4]"
BTC,2026-08-05 23:55:00+00:00,trend_pullback,-1,0.6730733226985425,1,0.27,0.11,0.14,1.34,1.41,0.96,0.02,skip,"(-0.1, 1.0]","(0.2, 0.4]"
BTC,2026-08-06 00:00:00+00:00,trend_pullback,-1,-2.2901894170173485,0,0.46,0.24,0.14,1.29,1.89,1.29,0.17,skip,"(1.0, 1.5]","(0.4, 0.6]"
BTC,2026-08-06 00:05:00+00:00,trend_pullback,-1,-2.24352278156124,0,0.3,0.2,0.13,1.32,2.76,1.06,0.03,skip,"(1.0, 1.5]","(0.2, 0.4]"
BTC,2026-08-06 00:40:00+00:00,trend_pullback,-1,-2.308748126701618,0,0.27,0.11,0.13,1.24,0.65,0.78,0.02,skip,"(-0.1, 1.0]","(0.2, 0.4]"
BTC,2026-08-06 00:45:00+00:00,trend_pullback,-1,-2.339405865209746,0,0.2,0.1,0.13,1.22,1.6,0.69,0.0,skip,"(-0.1, 1.0]","(0.0, 0.2]"
BTC,2026-08-06 00:55:00+00:00,trend_pullback,-1,0.6801518147329833,1,0.14,0.1,0.13,1.23,0.01,0.46,0.0,skip,"(-0.1, 1.0]","(0.0, 0.2]"
BTC,2026-08-06 01:05:00+00:00,trend_pullback,-1,0.7049204363321477,1,0.19,0.23,0.13,0.01,0.4,0.63,0.01,skip,"(-0.1, 1.0]","(0.0, 0.2]"
BTC,2026-08-06 01:35:00+00:00,trend_pullback,-1,-2.216186470303695,0,0.42,0.84,0.15,0.02,2.07,1.4,0.08,wait,"(1.0, 1.5]","(0.4, 0.6]"
BTC,2026-08-06 01:50:00+00:00,trend_pullback,-1,0.7328825425843988,1,0.39,0.33,0.15,0.01,0.6,1.24,0.05,wait,"(1.0, 1.5]","(0.2, 0.4]"
BTC,2026-08-06 01:55:00+00:00,trend_pullback,-1,-2.2448151193355734,0,0.39,0.82,0.14,0.02,1.46,1.22,0.09,skip,"(1.0, 1.5]","(0.2, 0.4]"
BTC,2026-08-06 02:00:00+00:00,trend_pullback,-1,-2.2291423523073273,0,0.25,0.29,0.13,0.01,1.76,0.87,0.01,skip,"(-0.1, 1.0]","(0.2, 0.4]"
BTC,2026-08-06 02:10:00+00:00,trend_pullback,-1,0.7613125840311935,1,0.35,0.81,0.14,0.03,1.23,1.17,0.03,skip,"(1.0, 1.5]","(0.2, 0.4]"
BTC,2026-08-06 02:15:00+00:00,trend_pullback,-1,-2.153992113066058,0,0.35,0.85,0.14,0.02,1.48,1.3,0.09,wait,"(1.0, 1.5]","(0.2, 0.4]"
BTC,2026-08-06 02:35:00+00:00,trend_pullback,-1,-2.0297889706901553,0,0.36,0.82,0.14,0.02,1.86,1.21,0.03,wait,"(1.0, 1.5]","(0.2, 0.4]"
BTC,2026-08-06 02:50:00+00:00,trend_pullback,-1,-2.099116911580155,0,0.22,0.14,0.13,0.01,0.12,0.71,0.01,skip,"(-0.1, 1.0]","(0.2, 0.4]"
BTC,2026-08-06 03:00:00+00:00,trend_pullback,-1,-2.1404477455994786,0,0.18,0.31,0.14,0.01,0.18,0.67,0.0,skip,"(-0.1, 1.0]","(0.0, 0.2]"
BTC,2026-08-06 03:15:00+00:00,trend_pullback,-1,-2.242599532996311,0,0.21,0.13,0.13,0.01,0.26,0.56,0.01,skip,"(-0.1, 1.0]","(0.2, 0.4]"
BTC,2026-08-06 03:30:00+00:00,trend_pullback,-1,-2.2872572058081024,0,0.33,0.81,0.13,0.0,0.64,0.93,0.02,skip,"(-0.1, 1.0]","(0.2, 0.4]"
BTC,2026-08-06 03:35:00+00:00,trend_pullback,-1,-2.340224645888244,0,0.38,0.85,0.14,0.0,1.95,1.21,0.06,wait,"(1.0, 1.5]","(0.2, 0.4]"
BTC,2026-08-06 03:40:00+00:00,trend_pullback,-1,-2.3652934745312257,0,0.33,0.08,0.13,0.0,1.57,0.89,0.03,skip,"(-0.1, 1.0]","(0.2, 0.4]"
BTC,2026-08-06 04:00:00+00:00,trend_pullback,-1,-2.4101066328402796,0,0.26,0.18,0.14,0.02,1.76,1.17,0.08,skip,"(1.0, 1.5]","(0.2, 0.4]"
BTC,2026-08-06 11:45:00+00:00,trend_pullback,-1,0.4416458236745685,1,0.22,0.11,0.13,0.01,0.38,0.74,0.01,skip,"(-0.1, 1.0]","(0.2, 0.4]"
BTC,2026-08-06 11:50:00+00:00,trend_pullback,-1,-2.665796939082177,0,0.24,0.19,0.14,0.01,1.71,0.88,0.02,skip,"(-0.1, 1.0]","(0.2, 0.4]"
BTC,2026-08-06 12:00:00+00:00,trend_pullback,-1,0.5336749982008706,1,0.3,0.17,0.13,0.02,1.52,1.09,0.08,skip,"(1.0, 1.5]","(0.2, 0.4]"
BTC,2026-08-06 12:40:00+00:00,trend_pullback,-1,0.6551772291003359,1,0.33,0.29,0.14,0.02,1.65,1.16,0.05,skip,"(1.0, 1.5]","(0.2, 0.4]"
BTC,2026-08-06 14:15:00+00:00,trend_pullback,-1,-1.8037992530453615,0,0.21,0.82,0.14,0.27,1.39,0.85,0.01,skip,"(-0.1, 1.0]","(0.2, 0.4]"
BTC,2026-08-06 18:20:00+00:00,trend_pullback,-1,0.9102046393124361,1,0.44,0.35,0.13,0.0,2.01,1.22,0.05,skip,"(1.0, 1.5]","(0.4, 0.6]"
BTC,2026-08-06 19:55:00+00:00,trend_pullback,-1,-2.351778567165132,0,0.25,0.18,0.13,0.03,0.41,0.91,0.02,skip,"(-0.1, 1.0]","(0.2, 0.4]"
BTC,2026-08-06 20:30:00+00:00,trend_pullback,-1,-2.483266045852149,0,0.18,0.07,0.13,0.01,1.66,0.46,0.0,skip,"(-0.1, 1.0]","(0.0, 0.2]"
BTC,2026-08-06 20:35:00+00:00,trend_pullback,-1,-2.520062343070341,0,0.21,0.1,0.14,0.01,1.83,0.63,0.01,skip,"(-0.1, 1.0]","(0.2, 0.4]"
BTC,2026-08-06 20:40:00+00:00,trend_pullback,-1,-2.564150782941839,0,0.18,0.09,0.13,0.01,1.54,0.5,0.0,skip,"(-0.1, 1.0]","(0.0, 0.2]"
BTC,2026-08-06 20:45:00+00:00,trend_pullback,-1,-2.6518214169446543,0,0.16,0.07,0.13,0.01,1.72,0.39,0.0,skip,"(-0.1, 1.0]","(0.0, 0.2]"
BTC,2026-08-06 20:50:00+00:00,trend_pullback,-1,-2.6615760123012215,0,0.26,0.1,0.13,0.0,2.01,0.74,0.01,skip,"(-0.1, 1.0]","(0.2, 0.4]"
BTC,2026-08-06 21:25:00+00:00,trend_pullback,-1,-2.68755041300241,0,0.24,0.07,0.13,0.0,1.4,0.79,0.02,skip,"(-0.1, 1.0]","(0.2, 0.4]"
BTC,2026-08-06 21:35:00+00:00,trend_pullback,-1,-2.664332089262788,0,0.25,0.16,0.13,0.0,1.8,0.98,0.07,skip,"(-0.1, 1.0]","(0.2, 0.4]"
BTC,2026-08-06 21:45:00+00:00,trend_pullback,-1,0.4835786079782694,1,0.23,0.07,0.13,0.0,1.01,0.78,0.01,skip,"(-0.1, 1.0]","(0.2, 0.4]"
BTC,2026-08-06 21:55:00+00:00,trend_pullback,-1,0.42556180177404235,1,0.29,0.07,0.13,0.0,0.84,0.92,0.02,skip,"(-0.1, 1.0]","(0.2, 0.4]"
BTC,2026-08-06 22:00:00+00:00,trend_pullback,-1,-2.6111853748030853,0,0.25,0.19,0.12,0.02,2.04,1.03,0.04,skip,"(1.0, 1.5]","(0.2, 0.4]"
BTC,2026-08-06 22:15:00+00:00,trend_pullback,-1,0.4423946011679664,1,0.27,0.1,0.13,0.01,1.99,0.95,0.03,skip,"(-0.1, 1.0]","(0.2, 0.4]"
BTC,2026-08-07 00:10:00+00:00,trend_pullback,-1,-2.453680708592643,0,0.33,0.24,0.13,0.0,0.72,1.19,0.07,skip,"(1.0, 1.5]","(0.2, 0.4]"
BTC,2026-08-07 00:25:00+00:00,trend_pullback,-1,-2.380231493401805,0,0.39,0.85,0.15,0.0,1.87,1.41,0.11,wait,"(1.0, 1.5]","(0.2, 0.4]"
BTC,2026-08-07 00:35:00+00:00,trend_pullback,-1,-2.215611762547254,0,0.26,0.84,0.14,0.0,0.96,1.18,0.03,wait,"(1.0, 1.5]","(0.2, 0.4]"
BTC,2026-08-07 00:45:00+00:00,trend_pullback,-1,-2.132588100139115,0,0.3,0.82,0.13,0.0,1.18,1.12,0.08,skip,"(1.0, 1.5]","(0.2, 0.4]"
BTC,2026-08-07 03:35:00+00:00,trend_pullback,-1,0.8684952470356299,1,0.28,0.35,0.14,0.0,1.59,1.0,0.02,wait,"(-0.1, 1.0]","(0.2, 0.4]"
BTC,2026-08-07 03:45:00+00:00,trend_pullback,-1,0.8272891873871028,1,0.18,0.33,0.13,0.01,1.74,0.61,0.0,skip,"(-0.1, 1.0]","(0.0, 0.2]"
BTC,2026-08-07 03:50:00+00:00,trend_pullback,-1,0.8359596859566336,1,0.18,0.82,0.13,0.01,0.19,0.6,0.0,skip,"(-0.1, 1.0]","(0.0, 0.2]"
BTC,2026-08-07 04:10:00+00:00,trend_pullback,-1,-2.153681141333021,0,0.32,0.14,0.13,0.0,0.96,0.76,0.01,skip,"(-0.1, 1.0]","(0.2, 0.4]"
BTC,2026-08-07 04:20:00+00:00,trend_pullback,-1,0.756560348007778,1,0.16,0.8,0.13,0.01,0.05,0.5,0.0,skip,"(-0.1, 1.0]","(0.0, 0.2]"
BTC,2026-08-07 04:25:00+00:00,trend_pullback,-1,-2.227417459941877,0,0.2,0.8,0.13,0.01,0.4,0.62,0.01,skip,"(-0.1, 1.0]","(0.0, 0.2]"
BTC,2026-08-07 04:35:00+00:00,trend_pullback,-1,0.7532406501761203,1,0.21,0.82,0.12,0.01,1.67,0.76,0.02,skip,"(-0.1, 1.0]","(0.2, 0.4]"
BTC,2026-08-07 18:30:00+00:00,trend_pullback,-1,0.8887952648515876,1,0.26,0.08,0.12,0.01,1.9,0.65,0.01,skip,"(-0.1, 1.0]","(0.2, 0.4]"
BTC,2026-08-07 18:35:00+00:00,trend_pullback,-1,-1.9892304831285905,0,0.26,0.11,0.13,0.01,1.36,0.8,0.02,skip,"(-0.1, 1.0]","(0.2, 0.4]"
BTC,2026-08-07 18:40:00+00:00,trend_pullback,-1,-1.9931095768409788,0,0.2,0.1,0.13,0.01,1.25,0.62,0.01,skip,"(-0.1, 1.0]","(0.0, 0.2]"
BTC,2026-08-08 00:05:00+00:00,trend_pullback,-1,-0.5328761277534153,1,0.26,0.22,0.14,0.43,1.75,0.9,0.02,skip,"(-0.1, 1.0]","(0.2, 0.4]"
BTC,2026-08-08 21:35:00+00:00,trend_pullback,-1,-6.051858806634929,0,0.39,0.26,0.14,1.35,2.44,1.38,0.08,skip,"(1.0, 1.5]","(0.2, 0.4]"
BTC,2026-08-08 21:45:00+00:00,trend_pullback,-1,-1.3102008275722614,1,0.33,0.84,0.13,1.37,1.72,1.17,0.04,wait,"(1.0, 1.5]","(0.2, 0.4]"
BTC,2026-08-08 23:40:00+00:00,trend_pullback,-1,-5.32911672386126,0,0.35,0.31,0.14,0.03,1.18,1.23,0.04,wait,"(1.0, 1.5]","(0.2, 0.4]"
BTC,2026-08-08 23:50:00+00:00,trend_pullback,-1,-5.553394711792855,0,0.29,0.3,0.14,0.04,1.47,1.14,0.03,skip,"(1.0, 1.5]","(0.2, 0.4]"
BTC,2026-08-09 00:10:00+00:00,trend_pullback,-1,-6.20974744985305,0,0.32,0.84,0.15,0.01,0.93,1.15,0.03,wait,"(1.0, 1.5]","(0.2, 0.4]"
BTC,2026-08-09 00:45:00+00:00,trend_pullback,-1,-6.9059697218375735,0,0.24,0.19,0.13,0.01,0.2,0.83,0.01,skip,"(-0.1, 1.0]","(0.2, 0.4]"
BTC,2026-08-09 01:20:00+00:00,trend_pullback,-1,-1.4177318939479306,1,0.22,0.82,0.12,0.01,1.8,0.66,0.03,skip,"(-0.1, 1.0]","(0.2, 0.4]"
BTC,2026-08-09 04:40:00+00:00,trend_pullback,-1,-1.5835437173537332,1,0.37,0.09,0.13,0.22,2.22,1.01,0.03,skip,"(1.0, 1.5]","(0.2, 0.4]"
BTC,2026-08-09 04:45:00+00:00,trend_pullback,-1,-1.7020602832547334,1,0.31,0.08,0.13,0.0,2.21,0.94,0.03,skip,"(-0.1, 1.0]","(0.2, 0.4]"
BTC,2026-08-09 04:50:00+00:00,trend_pullback,-1,-5.905313077914911,0,0.22,0.18,0.12,0.0,1.97,0.83,0.03,skip,"(-0.1, 1.0]","(0.2, 0.4]"
