gross_win,gross_r,win,r,base_setup_valid,base_quality,base_take,rich_setup_valid,rich_quality,rich_take,rich_action,base_action
0,-1.1569464654642012,0,-3.213673586647765,0.62,1.23,0.05,0.62,1.21,0.05,wait,wait
0,-1.029445859605892,0,-1.5035245194907754,0.57,1.93,0.26,0.49,2.03,0.22,skip,skip
1,1.499999999999951,1,0.4261733647781732,0.29,1.09,0.02,0.26,1.06,0.02,skip,wait
0,-1.0446958018704846,0,-1.7638325901531091,0.64,1.26,0.08,0.6,1.13,0.04,wait,wait
0,-1.0355185198230028,0,-1.4998723000870349,0.64,1.62,0.19,0.61,1.52,0.09,wait,wait
0,-1.0289429876227019,0,-1.4089644845415554,0.55,1.54,0.09,0.47,1.35,0.07,wait,wait
1,1.4999999999999913,1,1.0507422501257753,0.53,1.1,0.02,0.49,1.04,0.02,wait,wait
0,-1.1036291958350353,0,-2.7679929940909678,0.24,0.91,0.02,0.23,0.94,0.02,skip,skip
0,-1.043792611201495,0,-1.7484156255249685,0.16,0.52,0.0,0.15,0.54,0.0,skip,skip
1,1.3458320380085438,0,1.0156346849973519,0.58,1.34,0.1,0.51,1.3,0.06,wait,wait
0,-1.049170620166716,0,-1.8402152607916131,0.13,0.35,0.0,0.14,0.45,0.01,skip,skip
1,1.5000000000000313,1,1.2522066778897367,0.68,1.72,0.22,0.63,1.63,0.16,wait,wait
0,-1.0354884529542647,0,-1.6048682422034295,0.52,1.7,0.13,0.53,1.79,0.08,wait,wait
0,-1.038849409119352,0,-1.5486341977851579,0.59,1.72,0.13,0.51,1.55,0.09,wait,wait
1,1.5000000000000056,1,1.066868430590978,0.22,0.84,0.01,0.21,0.78,0.01,skip,skip
0,-1.0727671820501388,0,-2.242995506876976,0.57,1.14,0.04,0.54,1.14,0.05,skip,skip
0,-1.0314915299529692,0,-1.5366429796429708,0.47,1.65,0.12,0.47,1.47,0.05,wait,wait
0,-1.015378750007011,0,-1.2616067475050454,0.63,1.61,0.09,0.58,1.51,0.1,wait,wait
1,1.4999999999999145,1,-0.08085227412659078,0.46,1.23,0.08,0.37,1.19,0.06,skip,skip
0,-1.0498730917750183,0,-1.7022560719615953,0.41,1.34,0.04,0.4,1.32,0.09,skip,wait
1,1.4999999999999585,1,1.1971052142338288,0.18,0.59,0.01,0.18,0.66,0.02,skip,skip
0,-1.0245395376343276,0,-1.417976320035408,0.28,1.44,0.09,0.26,1.43,0.08,wait,wait
0,-1.016302708083619,0,-1.228950361596127,0.39,2.04,0.36,0.38,2.02,0.44,take,wait
0,-1.0242944137267966,0,-1.4155921906569113,0.67,1.67,0.21,0.66,1.76,0.21,wait,wait
0,-1.0339982689308316,0,-1.5812316260286283,0.21,1.08,0.04,0.2,1.16,0.04,wait,wait
0,-1.0588351978151957,0,-2.0033842500398933,0.72,1.55,0.1,0.68,1.54,0.12,wait,wait
1,1.500000000000021,1,1.143545896165791,0.25,1.23,0.15,0.24,1.2,0.15,wait,wait
1,1.4999999999999916,1,1.278666104771856,0.3,1.28,0.04,0.28,1.22,0.04,wait,wait
1,1.5000000000000124,1,1.2008824983295239,0.59,1.5,0.06,0.53,1.37,0.04,wait,wait
1,1.4999999999999793,1,0.8245477085671407,0.48,1.39,0.04,0.46,1.21,0.04,wait,skip
0,-1.0931479293418764,0,-2.312383972904943,0.5,1.43,0.06,0.43,1.35,0.1,wait,wait
1,1.5000000000000213,1,1.301361109181009,0.23,1.26,0.02,0.24,1.33,0.02,wait,wait
1,1.4999999999999811,1,1.1814361220604643,0.33,1.42,0.07,0.33,1.36,0.11,wait,wait
0,-1.0340909049787184,0,-1.4797444914754194,0.35,1.61,0.25,0.34,1.53,0.32,wait,wait
0,-1.0493067308249922,0,-1.8407385943659196,0.13,0.71,0.01,0.13,0.64,0.01,skip,skip
1,1.4999999999999494,1,1.116648045792165,0.25,1.21,0.02,0.27,1.24,0.06,wait,wait
1,1.4999999999999747,1,1.3129372727604034,0.17,0.68,0.02,0.16,0.69,0.02,skip,skip
1,1.5000000000000118,1,1.2446515107881402,0.55,1.65,0.12,0.51,1.55,0.1,wait,wait
0,-1.070783081481281,0,-2.2091280087511973,0.2,0.74,0.01,0.2,0.8,0.02,skip,skip
0,-1.0650354217595353,0,-1.9160283490403416,0.61,1.15,0.03,0.57,1.09,0.04,skip,skip
1,1.499999999999993,1,-1.474360851797229,0.33,0.72,0.01,0.22,0.67,0.01,skip,skip
0,-1.0575515732176892,0,-1.8123142660653357,0.42,0.86,0.02,0.42,0.93,0.02,skip,skip
0,-1.0939611361500594,0,-2.3256492998924734,0.19,0.87,0.01,0.18,0.94,0.02,skip,skip
1,1.5000000000000229,1,1.18043757257217,0.27,1.43,0.08,0.27,1.44,0.15,wait,wait
0,-1.0407159614721633,0,-1.6958989181654267,0.27,0.58,0.01,0.24,0.57,0.01,skip,skip
0,-1.0734265036154111,0,-2.0361334299440497,0.64,1.19,0.06,0.6,1.13,0.03,wait,wait
0,-1.057191283915077,0,-1.9753235499881698,0.23,0.74,0.01,0.21,0.77,0.01,skip,skip
0,-1.0826040159108354,0,-2.165526320305648,0.46,0.75,0.01,0.48,0.79,0.01,skip,skip
1,1.499999999999933,1,0.656764689798373,0.17,0.61,0.01,0.16,0.61,0.01,skip,skip
0,-1.0592684341077823,0,-2.010779353673928,0.32,1.1,0.07,0.32,1.07,0.08,skip,skip
1,1.50000000000001,1,1.2565330980122593,0.67,2.04,0.21,0.62,1.81,0.25,wait,wait
1,1.5000000000000508,1,0.4416458139593146,0.22,0.74,0.01,0.22,0.81,0.02,skip,skip
0,-1.0400497447215946,0,-1.6827269671152993,0.43,1.97,0.54,0.41,1.88,0.51,take,take
0,-1.091516946618956,0,-2.2893888995268723,0.15,0.6,0.0,0.15,0.65,0.0,skip,skip
1,1.5000000000000449,1,0.9364188159995317,0.46,0.91,0.01,0.43,0.91,0.02,skip,skip
0,-1.0184679344298284,0,-1.261277686018251,0.17,0.89,0.01,0.17,0.88,0.01,wait,wait
1,1.5000000000000355,1,1.1019905272028043,0.24,0.51,0.02,0.25,0.54,0.02,skip,skip
1,1.500000000000009,1,1.2579115057701582,0.16,0.93,0.04,0.14,0.9,0.05,skip,skip
0,-1.036613116792111,0,-1.6240656311970756,0.27,1.33,0.04,0.24,1.26,0.04,wait,wait
1,1.4999999999999687,1,1.1244108419904713,0.28,1.3,0.1,0.26,1.29,0.11,wait,wait
1,1.5000000000000215,1,0.6959719843462016,0.23,0.93,0.01,0.21,0.92,0.01,skip,skip
0,-1.0524464779183749,0,-1.7385380033172944,0.18,0.55,0.0,0.17,0.52,0.01,skip,skip
1,1.499999999999955,1,1.1763743688242383,0.39,1.63,0.16,0.42,1.67,0.26,wait,wait
0,-1.1278886166266524,0,-3.18388787471185,0.55,0.98,0.02,0.52,0.91,0.02,skip,skip
0,-1.0259794609496695,0,-1.3671819982261595,0.54,1.55,0.18,0.54,1.61,0.19,wait,wait
0,-1.0897736283192552,0,-2.5314861283348624,0.57,0.94,0.01,0.54,1.03,0.02,skip,skip
1,1.5000000000000158,1,1.141346196612547,0.68,1.6,0.13,0.62,1.52,0.09,wait,wait
0,-1.1284896231939319,0,-3.1941467240465515,0.39,0.79,0.01,0.38,0.82,0.01,skip,wait
1,1.5000000000000109,1,1.033580730769889,0.46,1.42,0.32,0.35,1.36,0.28,skip,skip
0,-1.2260939125370787,0,-4.860197900272627,0.49,1.0,0.02,0.5,1.04,0.02,wait,wait
0,-1.056460484537211,0,-1.9628492092478378,0.47,1.04,0.02,0.45,0.96,0.02,skip,skip
1,1.5000000000000024,1,0.7824817059154502,0.22,0.81,0.02,0.21,0.78,0.02,skip,skip
0,-1.0669942089845272,0,-1.9454451075371515,0.14,0.59,0.01,0.13,0.57,0.0,skip,skip
0,-1.0642909489328427,0,-2.096510900802962,0.25,0.88,0.03,0.19,0.78,0.04,skip,skip
0,-1.0732322928920273,0,-2.031595271057345,0.46,1.16,0.02,0.47,1.18,0.03,skip,skip
0,-1.0276331791198412,0,-1.39049761655409,0.24,1.07,0.01,0.22,0.98,0.01,wait,wait
0,-1.0353991778161296,0,-1.4981897082570657,0.52,2.26,0.29,0.52,2.13,0.21,wait,wait
1,1.500000000000022,1,0.8884351169175804,0.25,0.7,0.02,0.25,0.79,0.04,skip,skip
0,-1.0279701738234626,0,-1.476535380263177,0.67,1.95,0.15,0.66,1.69,0.21,wait,wait
0,-1.0390816865875585,0,-1.5501090561562216,0.31,1.49,0.09,0.31,1.37,0.11,wait,wait
1,1.5000000000000009,1,1.3343826856598682,0.16,1.02,0.01,0.17,1.12,0.02,wait,wait
0,-1.0529657523343603,0,-1.7476592049017492,0.16,0.48,0.01,0.15,0.52,0.01,skip,skip
0,-1.0190207507878526,0,-1.2690717923182206,0.29,1.38,0.03,0.27,1.37,0.05,wait,wait
0,-1.0366250776296666,0,-1.6260697960698645,0.32,1.34,0.04,0.29,1.39,0.05,wait,wait
1,1.499999999999934,1,0.7284515543053899,0.22,1.3,0.06,0.22,1.19,0.06,skip,skip
0,-1.0442439082235409,0,-1.7561190158087492,0.52,1.06,0.02,0.46,1.11,0.03,wait,wait
1,1.500000000000026,1,1.1684400381919922,0.27,1.28,0.14,0.27,1.19,0.14,wait,wait
0,-1.072597417372468,0,-2.0244442202900985,0.16,0.51,0.0,0.15,0.52,0.0,skip,skip
0,-1.0258475169687435,0,-1.3653217323391613,0.67,1.61,0.19,0.63,1.59,0.15,wait,wait
0,-1.0314224098349518,0,-1.4421216271893706,0.49,1.68,0.06,0.49,1.52,0.04,wait,wait
0,-1.0460015754359,0,-1.7861214219169754,0.2,0.79,0.01,0.19,0.83,0.02,skip,skip
0,-1.089234569904004,0,-2.257209882978275,0.27,1.25,0.14,0.24,1.17,0.16,skip,skip
1,1.4999999999999907,1,1.0450111958841357,0.21,0.73,0.01,0.19,0.75,0.01,skip,skip
1,1.5000000000000124,1,1.0197365805995078,0.23,0.83,0.01,0.21,0.9,0.01,skip,skip
1,1.500000000000007,1,1.1574406971071554,0.27,1.4,0.17,0.26,1.46,0.2,wait,wait
0,-1.0634162398871407,0,-2.0815801017140934,0.28,1.06,0.08,0.28,1.09,0.14,skip,skip
1,1.4999999999999558,1,1.0213141114523596,0.22,0.81,0.01,0.2,0.79,0.01,skip,skip
0,-1.0616067262270075,0,-1.8694874903380534,0.15,0.55,0.0,0.14,0.57,0.0,skip,skip
0,-1.0687314437498583,0,-2.1741076886552047,0.25,0.8,0.01,0.23,0.82,0.02,skip,skip
1,1.4999999999999905,1,1.3066860445681643,0.27,1.74,0.05,0.24,1.53,0.05,wait,wait
0,-1.0250857966302314,0,-1.4273006586360826,0.41,1.38,0.06,0.36,1.37,0.08,wait,wait
0,-1.034387678238035,0,-1.5878786272883192,0.25,1.41,0.06,0.26,1.42,0.07,wait,wait
1,1.4999999999999978,1,1.2758145359799704,0.36,1.42,0.07,0.33,1.32,0.12,wait,wait
1,1.500000000000067,1,0.4273423165088756,0.17,0.47,0.0,0.16,0.48,0.01,skip,skip
0,-1.0205649059517141,0,-1.2890426920334606,0.55,1.64,0.07,0.47,1.5,0.05,wait,wait
0,-1.0357873688232382,0,-1.6099705705788936,0.52,1.8,0.11,0.49,1.77,0.09,wait,wait
0,-1.0824701988168288,0,-2.4086206305870768,0.36,1.1,0.02,0.33,1.12,0.02,skip,wait
0,-1.0274360198020007,0,-1.3877178857105348,0.15,0.47,0.01,0.15,0.55,0.01,skip,skip
1,1.4999999999999916,1,1.2438696765156763,0.54,1.35,0.07,0.5,1.18,0.05,wait,wait
0,-1.0287204461779202,0,-1.4893421139329015,0.12,0.66,0.02,0.13,0.78,0.03,skip,skip
0,-1.045566971790291,0,-1.6415444876964513,0.37,0.99,0.02,0.33,0.99,0.01,skip,skip
0,-1.0427985319347792,0,-1.6043125122378623,0.19,0.85,0.02,0.17,0.83,0.02,wait,wait
0,-1.0783875089642967,0,-2.3389313753640457,0.18,0.65,0.01,0.17,0.66,0.01,skip,skip
0,-1.1077616486385076,0,-2.5202214390390743,0.59,1.17,0.05,0.53,1.18,0.03,skip,skip
0,-1.0652250576028837,0,-1.920502007121126,0.22,1.07,0.01,0.2,1.01,0.01,skip,skip
0,-1.035559034244859,0,-1.60787302575322,0.28,1.31,0.04,0.28,1.31,0.04,wait,wait
1,1.5000000000000195,1,1.2660450310103248,0.49,1.44,0.08,0.47,1.55,0.11,wait,wait
0,-1.0347734050276298,0,-1.4893669960440052,0.25,1.43,0.21,0.25,1.48,0.34,take,skip
0,-1.0797711148381577,0,-2.362548761535632,0.23,0.93,0.01,0.22,0.91,0.01,skip,skip
0,-1.0300014664778088,0,-1.4220878792513028,0.26,1.08,0.04,0.22,0.98,0.04,wait,wait
0,-1.0496586574353133,0,-1.8485457867435438,0.18,0.53,0.01,0.17,0.57,0.01,skip,skip
0,-1.0260557603319256,0,-1.3682577361052013,0.19,0.83,0.02,0.19,0.88,0.02,skip,skip
0,-1.0431428548723132,0,-1.6073670892376244,0.21,0.87,0.03,0.18,0.83,0.02,wait,wait
0,-1.1279477255198898,0,-3.184896830797528,0.23,1.0,0.02,0.23,0.98,0.01,wait,wait
1,1.5000000000000548,1,0.7540463228378813,0.2,0.64,0.01,0.17,0.62,0.02,skip,skip
0,-1.0326855298894262,0,-1.4617302390949225,0.27,1.13,0.02,0.28,1.14,0.03,wait,wait
0,-1.0636496116698813,0,-1.8964899417671315,0.16,0.62,0.01,0.16,0.66,0.02,skip,skip
1,1.5000000000000162,1,1.1329534145196467,0.26,1.35,0.2,0.24,1.26,0.21,wait,skip
0,-1.0472207273450278,0,-1.8069316699677687,0.19,0.87,0.02,0.19,0.95,0.02,skip,skip
0,-1.0315991016883475,0,-1.4446127891600036,0.13,0.68,0.02,0.14,0.7,0.02,skip,skip
1,1.4999999999999836,1,1.3168340646228707,0.23,1.25,0.05,0.21,1.23,0.08,wait,wait
0,-1.023339283681746,0,-1.3974886496378016,0.35,1.47,0.08,0.31,1.33,0.08,wait,wait
0,-1.0620582401182037,0,-2.0601997975723703,0.14,0.53,0.01,0.14,0.5,0.01,skip,skip
1,1.500000000000015,1,1.255193323511228,0.22,1.02,0.01,0.18,0.91,0.01,wait,wait
1,1.4999999999999885,1,1.2072827215089843,0.68,1.73,0.18,0.67,1.72,0.16,wait,wait
1,1.4999999999999556,1,1.1609266400310956,0.18,0.91,0.03,0.17,1.02,0.06,skip,skip
0,-1.052023737538557,0,-1.7325778261077318,0.19,0.54,0.01,0.18,0.63,0.01,skip,skip
0,-1.0367209988136317,0,-1.5168259392859116,0.28,1.28,0.1,0.24,1.33,0.11,wait,wait
1,1.49999999999998,1,1.262782246748872,0.29,1.41,0.11,0.28,1.36,0.09,wait,wait
0,-1.0633713951886987,0,-2.0826146275399764,0.21,0.84,0.02,0.2,0.81,0.02,skip,skip
1,1.5000000000000362,1,1.0687301776792537,0.18,0.68,0.01,0.18,0.69,0.03,skip,skip
0,-1.0597171331629418,0,-1.8410462938679781,0.28,1.11,0.04,0.25,1.06,0.03,skip,wait
0,-1.0585555294335243,0,-1.9986104656141082,0.22,0.89,0.02,0.2,0.92,0.02,skip,skip
0,-1.0449382231043356,0,-1.6326798185829974,0.55,1.3,0.09,0.49,1.14,0.07,wait,wait
0,-1.0596397693703268,0,-2.018917840996213,0.18,0.84,0.01,0.2,0.91,0.01,skip,skip
0,-1.052038352433394,0,-1.8891658627400383,0.54,1.11,0.02,0.46,1.06,0.02,skip,wait
1,1.499999999999976,1,0.5819840930772511,0.55,0.89,0.01,0.52,0.95,0.01,skip,skip
0,-1.0142686746647043,0,-1.2020727140282232,0.41,1.89,0.07,0.35,1.59,0.06,wait,wait
1,1.4999999999999911,1,1.0618401381562526,0.13,0.63,0.01,0.13,0.68,0.02,skip,skip
0,-1.0177259533108103,0,-1.2490165633852486,0.45,1.28,0.05,0.45,1.25,0.04,wait,wait
0,-1.0592307039401636,0,-1.8341881735984984,0.16,0.53,0.0,0.15,0.55,0.0,skip,skip
1,1.4999999999999205,1,1.036185562283759,0.44,1.2,0.05,0.48,1.09,0.03,skip,skip
0,-1.0272645648639354,0,-1.4662910260139497,0.28,1.11,0.02,0.24,1.08,0.02,wait,wait
1,1.4999999999999953,1,1.234751308682601,0.31,1.39,0.05,0.32,1.44,0.09,wait,wait
0,-1.0459120869963356,0,-1.646410234816972,0.48,2.07,0.15,0.57,1.87,0.15,wait,wait
0,-1.031778210756435,0,-1.5433364622231411,0.44,1.41,0.08,0.44,1.33,0.09,wait,wait
1,1.4999999999999727,1,1.1693703698551459,0.45,1.07,0.04,0.41,0.99,0.03,wait,wait
0,-1.0351333900539845,0,-1.4962423913747847,0.24,1.7,0.14,0.28,1.63,0.12,wait,wait
0,-1.0901601405812607,0,-2.539883678635748,0.18,0.73,0.01,0.21,0.89,0.01,skip,skip
0,-1.0203460055485285,0,-1.2859564356537438,0.22,1.14,0.05,0.22,1.0,0.05,wait,skip
0,-1.1968926354889877,0,-4.3617482696187775,0.2,0.8,0.01,0.2,0.79,0.01,skip,skip
0,-1.1096733684075464,0,-2.5471745978597227,0.22,0.75,0.01,0.2,0.8,0.01,skip,skip
1,1.4999999999999512,1,0.6642710551660251,0.17,0.87,0.02,0.2,1.0,0.02,skip,skip
1,1.499999999999979,1,1.2293193836483354,0.66,1.37,0.08,0.65,1.41,0.11,wait,wait
0,-1.0414213770651994,0,-1.7061399717543932,0.21,0.78,0.01,0.18,0.8,0.01,skip,skip
1,1.4999999999999876,1,1.1295856060487004,0.18,0.87,0.02,0.18,0.95,0.03,wait,skip
0,-1.0229341698184333,0,-1.3242467224371082,0.16,1.47,0.05,0.16,1.44,0.06,wait,wait
0,-1.0237715631889195,0,-1.406667421473993,0.35,1.6,0.07,0.32,1.49,0.07,wait,wait
0,-1.049780330779229,0,-1.7027482433299301,0.21,0.71,0.01,0.21,0.71,0.01,skip,skip
1,1.50000000000001,1,1.0576718321305667,0.47,0.99,0.02,0.48,1.07,0.03,wait,skip
1,1.5000000000000209,1,0.985216968888078,0.28,1.05,0.09,0.26,0.99,0.1,skip,skip
0,-1.0203200275929878,0,-1.347751619944019,0.21,1.52,0.04,0.21,1.46,0.05,wait,wait
0,-1.062129289622432,0,-1.8750550629377982,0.2,0.65,0.0,0.19,0.56,0.0,skip,skip
0,-1.0255694907934603,0,-1.3596018672096732,0.37,1.47,0.07,0.33,1.33,0.11,wait,wait
0,-1.0446831481376782,0,-1.629083540404685,0.17,1.13,0.06,0.16,1.16,0.06,wait,skip
1,1.5000000000000173,1,1.0341159484426468,0.34,1.2,0.08,0.28,1.1,0.06,skip,skip
0,-1.1808515444964138,0,-4.086135728229736,0.24,0.75,0.03,0.24,0.84,0.03,skip,skip
1,1.4999999999999294,1,1.0019744892937932,0.68,1.27,0.03,0.65,1.19,0.05,wait,wait
0,-1.1338079092693656,0,-2.8856452397416095,0.58,1.21,0.02,0.57,1.15,0.03,skip,skip
0,-1.1541424908238755,0,-3.63022697066857,0.43,1.07,0.02,0.42,1.13,0.02,skip,skip
1,1.5000000000000078,1,1.0411111723946933,0.17,0.73,0.01,0.16,0.73,0.01,skip,skip
1,1.4999999999999925,1,1.2945991142353663,0.31,1.73,0.29,0.3,1.77,0.37,wait,wait
1,1.5000000000000115,1,1.087279603501664,0.31,1.22,0.03,0.28,1.19,0.03,wait,wait
0,-1.0954520293520038,0,-2.3448692641700846,0.3,0.92,0.01,0.31,0.93,0.02,skip,skip
0,-1.0480400935396408,0,-1.678212800707119,0.28,0.66,0.02,0.22,0.63,0.02,skip,skip
1,1.4999999999999871,1,0.8446240405315388,0.3,1.06,0.03,0.29,1.02,0.03,skip,skip
0,-1.0559337994319946,0,-1.7877054242633876,0.17,0.57,0.0,0.16,0.5,0.0,skip,skip
1,1.5000000000000566,1,0.6714773924451196,0.21,1.29,0.09,0.2,1.23,0.08,skip,skip
1,1.4999999999999962,1,1.1219653554943323,0.28,1.29,0.03,0.26,1.27,0.04,wait,wait
0,-1.0855777041338557,0,-2.46166402574485,0.24,0.82,0.03,0.23,0.89,0.03,skip,skip
1,1.499999999999976,1,1.1235663531988282,0.24,1.18,0.08,0.2,1.12,0.12,skip,skip
1,1.499999999999986,1,1.2567183394570896,0.22,1.03,0.04,0.22,1.09,0.04,skip,skip
1,1.5000000000000144,1,1.3389102222696714,0.5,1.86,0.13,0.48,1.59,0.06,wait,wait
0,-1.0207288080231318,0,-1.2931535320605534,0.49,1.42,0.11,0.47,1.46,0.1,wait,wait
0,-1.071056716691282,0,-2.0009220250034723,0.23,0.67,0.01,0.2,0.73,0.01,skip,skip
0,-1.0422296228487342,0,-1.721736279760577,0.28,1.05,0.04,0.27,1.06,0.04,skip,wait
0,-1.0542487737630208,0,-1.7657484044282508,0.26,0.98,0.01,0.28,0.94,0.01,skip,skip
0,-1.0184580001918255,0,-1.315967843199494,0.28,1.46,0.08,0.24,1.36,0.05,skip,skip
0,-1.0529210851356,0,-1.9024336212027466,0.68,1.32,0.03,0.62,1.24,0.05,wait,wait
1,1.5000000000000284,1,1.0964396837390435,0.48,1.15,0.07,0.46,1.25,0.1,skip,skip
0,-1.0818717695387927,0,-2.3984057741571787,0.16,0.57,0.0,0.15,0.66,0.0,skip,skip
0,-1.0401479594099445,0,-1.5669423372863802,0.33,1.24,0.02,0.29,1.22,0.03,wait,wait
0,-1.0873707387518607,0,-2.492270133881582,0.56,1.23,0.03,0.45,1.05,0.02,wait,wait
0,-1.0484956642322303,0,-1.828694136709578,0.34,0.74,0.01,0.36,0.79,0.01,skip,skip
0,-1.0600471714898425,0,-1.845699473473124,0.33,1.19,0.07,0.3,1.19,0.05,skip,skip
0,-1.0594132636238316,0,-1.8385620655623454,0.2,0.76,0.01,0.17,0.79,0.01,skip,skip
1,1.4999999999999947,1,0.8294880548614819,0.58,1.25,0.07,0.53,1.16,0.05,wait,skip
0,-1.0557984473767121,0,-1.953348601481156,0.22,0.38,0.0,0.2,0.45,0.01,skip,skip
0,-1.0518484850804735,0,-1.7301069580376125,0.23,0.86,0.01,0.2,0.78,0.02,skip,skip
0,-1.0300055562316415,0,-1.5130782309912472,0.6,1.49,0.13,0.57,1.51,0.14,wait,wait
0,-1.0295380396083542,0,-1.503297981095068,0.17,1.05,0.03,0.21,1.25,0.07,skip,skip
1,1.5000000000000029,1,1.2888465227578818,0.7,2.09,0.21,0.66,1.95,0.16,wait,wait
0,-1.0252421229478963,0,-1.4299690623217207,0.67,1.56,0.08,0.61,1.41,0.09,wait,wait
0,-1.0271120111280854,0,-1.4636870182114827,0.37,1.01,0.04,0.29,0.98,0.03,skip,skip
0,-1.0447511469714672,0,-1.762977300383866,0.61,1.1,0.02,0.57,1.02,0.03,skip,skip
1,1.5000000000000093,1,1.288452651132193,0.12,0.65,0.02,0.14,0.82,0.03,skip,skip
1,1.5000000000000537,1,0.8933195941080864,0.23,0.92,0.01,0.2,0.9,0.01,skip,skip
1,1.4999999999999452,1,1.1538902945440697,0.27,1.23,0.02,0.23,1.24,0.03,wait,wait
0,-1.0613368008199935,0,-1.8656818371862849,0.17,0.59,0.0,0.15,0.59,0.0,skip,skip
0,-1.028806121992181,0,-1.4052348287741177,0.51,2.2,0.22,0.55,2.14,0.21,wait,wait
1,1.5000000000000016,1,1.3574802419042664,0.46,1.35,0.04,0.47,1.48,0.08,wait,wait
1,1.5000000000000242,1,1.3072675313557958,0.3,0.79,0.03,0.27,0.79,0.02,skip,skip
1,1.4999999999999574,1,1.0919303777446787,0.19,0.75,0.01,0.2,0.84,0.03,skip,skip
1,1.4999999999999811,1,1.1287396759126103,0.33,1.34,0.16,0.29,1.24,0.17,wait,wait
0,-1.0729919718428715,0,-2.245032544176936,0.23,0.86,0.01,0.19,0.8,0.01,skip,skip
0,-1.0277037205816295,0,-1.4737871709567183,0.43,1.06,0.06,0.41,1.05,0.04,wait,wait
0,-1.023541881106707,0,-1.4027468755038486,0.38,1.07,0.06,0.32,1.01,0.03,wait,wait
1,1.5000000000000648,1,0.2756714723629604,0.19,0.92,0.01,0.19,0.9,0.01,skip,skip
0,-1.0173961463194805,0,-1.2461666453581604,0.53,1.98,0.18,0.5,1.9,0.2,wait,wait
0,-1.0385708715005366,0,-1.6574834200740796,0.34,1.79,0.37,0.32,1.57,0.4,take,take
0,-1.0684170353824811,0,-2.1687409119090852,0.2,0.95,0.02,0.2,0.91,0.02,skip,skip
1,1.5000000000000484,1,0.5374907683429884,0.19,0.69,0.01,0.2,0.73,0.01,skip,skip
1,1.4999999999999698,1,0.964792476023863,0.24,0.65,0.02,0.23,0.79,0.03,skip,skip
0,-1.0759403517734087,0,-2.297159757091316,0.2,0.71,0.01,0.19,0.7,0.01,skip,skip
1,1.5000000000000289,1,1.15402147281178,0.67,1.62,0.16,0.6,1.53,0.11,wait,wait
1,1.5000000000000209,1,1.3427342342367241,0.69,1.81,0.14,0.61,1.47,0.07,wait,wait
1,1.4999999999999574,1,0.7437964313094181,0.26,1.02,0.02,0.25,1.04,0.03,wait,wait
1,1.49999999999996,1,1.0347862039200504,0.36,1.24,0.05,0.3,1.24,0.07,wait,wait
1,1.4999999999999791,1,1.2431744993570746,0.6,1.49,0.07,0.58,1.59,0.12,wait,wait
0,-1.0242368746480417,0,-1.3426134363966398,0.67,1.8,0.19,0.59,1.62,0.11,wait,wait
0,-1.0345888212657868,0,-1.5913120273997174,0.67,1.58,0.12,0.66,1.65,0.17,wait,wait
1,1.4999999999999716,1,1.153738568213612,0.46,1.91,0.19,0.42,1.62,0.16,wait,wait
0,-1.0775313994385518,0,-2.3243180597802073,0.34,1.26,0.09,0.3,1.22,0.04,wait,wait
1,1.500000000000037,1,0.9066191107836618,0.12,0.6,0.01,0.12,0.59,0.01,skip,skip
0,-1.029355784981726,0,-1.4147844760263533,0.17,0.91,0.02,0.18,0.87,0.02,skip,skip
0,-1.085074731190583,0,-2.1985607047231004,0.37,1.09,0.04,0.3,0.97,0.03,skip,skip
1,1.4999999999999907,1,0.904589095623933,0.27,0.91,0.02,0.26,0.86,0.03,skip,wait
0,-1.0354209284652003,0,-1.500296368631995,0.39,1.07,0.06,0.39,1.25,0.06,skip,skip
1,1.4999999999999007,1,0.6067346097993151,0.17,0.73,0.02,0.17,0.78,0.03,skip,skip
0,-1.0997323249241644,0,-2.407016752452797,0.44,0.91,0.02,0.44,0.91,0.01,wait,skip
1,1.5000000000000167,1,1.3249844608620125,0.28,1.79,0.27,0.26,1.57,0.23,wait,wait
0,-1.0429321040523165,0,-1.6043957330707321,0.13,0.68,0.02,0.14,0.66,0.02,skip,skip
0,-1.0512717940871328,0,-1.7237762454798757,0.2,1.07,0.02,0.19,1.04,0.02,skip,skip
1,1.4999999999999611,1,1.1854445857677751,0.29,1.27,0.06,0.26,1.18,0.07,wait,wait
0,-1.039639504722311,0,-1.5597736820411587,0.56,1.44,0.11,0.56,1.49,0.14,wait,wait
0,-1.0453577702528845,0,-1.6403949747230284,0.62,1.76,0.2,0.56,1.62,0.17,wait,wait
1,1.50000000000002,1,1.0160663834768378,0.49,1.03,0.02,0.49,1.12,0.02,skip,skip
1,1.5000000000000866,1,0.32595100409106514,0.26,1.12,0.04,0.27,1.11,0.06,skip,skip
0,-1.021728101293746,0,-1.369986658375991,0.5,1.9,0.17,0.5,1.93,0.16,wait,wait
1,1.4999999999999931,1,0.9787140443566471,0.19,0.68,0.01,0.18,0.76,0.02,skip,skip
0,-1.0257543371524438,0,-1.4387122751834398,0.3,1.42,0.13,0.28,1.44,0.17,wait,wait
1,1.4999999999999865,1,0.8111164781553515,0.19,0.77,0.01,0.19,0.76,0.01,skip,skip
1,1.4999999999999971,1,1.2460226961141416,0.54,1.68,0.16,0.46,1.65,0.17,wait,wait
0,-1.0512632436066958,0,-1.8741351842416643,0.24,0.88,0.02,0.21,0.87,0.02,skip,skip
0,-1.0864532289055107,0,-2.474808748827527,0.13,0.65,0.01,0.13,0.68,0.02,skip,skip
0,-1.035834423915178,0,-1.50612620243638,0.21,0.98,0.04,0.21,1.01,0.06,skip,skip
1,1.499999999999878,1,0.4007403587596246,0.2,0.87,0.01,0.19,0.84,0.01,skip,skip
1,1.4999999999999896,1,1.1135703416093798,0.24,1.15,0.1,0.2,1.04,0.1,skip,wait
1,1.4999999999998292,1,-0.7324804731426457,0.17,0.58,0.01,0.16,0.59,0.01,skip,skip
0,-1.0531426408699276,0,-1.9062154549155585,0.24,0.89,0.02,0.23,0.85,0.03,skip,skip
1,1.5000000000000504,1,0.8433555673841716,0.16,0.84,0.01,0.17,0.94,0.02,skip,skip
0,-1.199683368968307,0,-3.8162172053913843,0.25,0.83,0.01,0.25,0.86,0.01,skip,skip
1,1.4999999999999896,1,0.9471042400224621,0.5,1.29,0.05,0.5,1.29,0.05,wait,wait
1,1.5000000000000828,1,0.009821294184104856,0.34,1.19,0.02,0.3,1.14,0.03,wait,wait
0,-1.0379904590100466,0,-1.5347239402603614,0.21,1.12,0.07,0.22,1.31,0.11,skip,skip
0,-1.0792448429611778,0,-2.3517655919938885,0.25,0.91,0.02,0.22,0.9,0.02,wait,skip
1,1.5000000000000113,1,0.8162717116059665,0.51,1.04,0.02,0.49,1.07,0.02,skip,wait
0,-1.0385695097471974,0,-1.6574601756975587,0.19,0.9,0.04,0.18,0.89,0.05,skip,skip
0,-1.0412838087467864,0,-1.5829565712077518,0.26,1.17,0.03,0.25,1.15,0.03,wait,wait
0,-1.1098714843589004,0,-2.8745454028810697,0.17,0.76,0.02,0.14,0.7,0.02,skip,skip
1,1.500000000000018,1,1.3100233939335597,0.16,0.63,0.01,0.16,0.65,0.02,skip,skip
1,1.4999999999999607,1,0.901993150223328,0.25,0.82,0.02,0.26,0.92,0.03,skip,skip
0,-1.056035394574349,0,-1.7891378047042938,0.63,1.1,0.03,0.6,1.12,0.05,skip,skip
1,1.5000000000000198,1,1.1748883024123074,0.13,0.88,0.03,0.14,0.92,0.04,skip,skip
0,-1.0716819543364782,0,-2.222671270690599,0.52,0.76,0.01,0.52,0.82,0.02,skip,skip
0,-1.0565867216247358,0,-1.9668040064335777,0.36,0.95,0.03,0.39,0.95,0.04,wait,wait
0,-1.0393333191288747,0,-1.553656799900447,0.35,1.49,0.09,0.34,1.31,0.07,wait,wait
1,1.5000000000002356,1,-2.308387167585338,0.38,0.92,0.05,0.27,0.8,0.03,skip,skip
1,1.5000000000000604,1,0.8265080952521525,0.2,0.56,0.0,0.18,0.58,0.01,skip,skip
0,-1.051970270556282,0,-1.7336240001103098,0.26,0.93,0.03,0.27,1.03,0.04,skip,skip
0,-1.037705105188976,0,-1.5325007633391723,0.21,0.88,0.03,0.22,0.97,0.05,skip,wait
0,-1.104536998285964,0,-2.472957394305186,0.2,0.57,0.01,0.19,0.61,0.01,skip,skip
1,1.500000000000036,1,1.2551983569300624,0.22,0.84,0.03,0.2,0.91,0.02,skip,skip
1,1.5000000000000153,1,1.2705505206173175,0.16,0.65,0.0,0.14,0.64,0.0,skip,skip
1,1.4999999999999787,1,0.5053007589771633,0.66,1.1,0.04,0.63,1.04,0.03,skip,skip
1,1.4999999999999618,1,1.2160812270454762,0.18,1.02,0.07,0.17,0.99,0.05,skip,skip
1,1.5000000000000282,1,0.9351052111443308,0.59,0.93,0.01,0.53,0.97,0.01,skip,skip
0,-1.0273477682087517,0,-1.386473634723647,0.24,1.11,0.02,0.24,1.13,0.02,wait,wait
0,-1.022539335061354,0,-1.3168799840018472,0.53,2.15,0.21,0.53,2.21,0.11,wait,wait
1,1.5000000000000104,1,1.1970609777698002,0.18,1.15,0.05,0.17,0.99,0.03,skip,skip
1,1.499999999999989,1,0.9853963972017578,0.55,0.99,0.03,0.54,1.0,0.03,wait,wait
0,-1.049066034811295,0,-1.6926774510624751,0.2,0.67,0.01,0.2,0.72,0.01,skip,skip
1,1.5000000000000098,1,-0.24710118864370167,0.22,0.91,0.01,0.22,0.98,0.01,skip,skip
0,-1.0864375754058826,0,-2.2195753182756532,0.22,0.87,0.01,0.21,0.88,0.01,skip,skip
0,-1.0160026368142112,0,-1.2722561498625689,0.7,2.26,0.23,0.67,2.1,0.2,wait,wait
1,1.4999999999999474,1,0.9799776212381451,0.24,1.03,0.02,0.28,1.17,0.03,wait,wait
0,-1.0456598466846907,0,-1.642853922175328,0.27,1.24,0.07,0.24,1.12,0.09,wait,wait
0,-1.0326002600263662,0,-1.5555683880995723,0.35,1.51,0.07,0.3,1.36,0.08,wait,wait
0,-1.0413085757459728,0,-1.7042145156936062,0.51,1.23,0.03,0.52,1.25,0.04,wait,skip
0,-1.0332665962719074,0,-1.568742378862042,0.57,1.61,0.09,0.49,1.48,0.08,wait,wait
0,-1.1083000725676262,0,-2.8495222736824433,0.14,0.79,0.01,0.13,0.73,0.01,skip,skip
0,-1.0526353769215788,0,-1.7412012727538633,0.23,0.75,0.01,0.21,0.8,0.01,skip,skip
0,-1.0599221920795117,0,-2.0219386402690924,0.31,0.9,0.02,0.3,0.94,0.04,skip,skip
0,-1.047734542315435,0,-1.8157022070168152,0.64,1.41,0.09,0.62,1.4,0.08,wait,wait
0,-1.0335750312435024,0,-1.4724712357688314,0.64,1.27,0.04,0.58,1.21,0.03,skip,wait
1,1.5000000000000235,1,1.3161444858233136,0.35,1.87,0.18,0.29,1.63,0.14,wait,wait
1,1.499999999999992,1,1.0539980505546975,0.31,1.07,0.05,0.29,1.09,0.06,skip,skip
0,-1.0696721066848642,0,-2.1883642841173794,0.26,0.77,0.02,0.25,0.76,0.03,skip,skip
1,1.5000000000000902,1,0.3557191249420734,0.16,0.74,0.02,0.17,0.85,0.02,skip,skip
0,-1.2102085346981468,0,-3.964610535899617,0.29,1.18,0.05,0.27,1.23,0.05,wait,wait
0,-1.0586256248669272,0,-1.8274572201492483,0.31,0.88,0.01,0.33,0.97,0.01,wait,skip
1,1.500000000000054,1,0.6774041320093542,0.68,1.25,0.12,0.65,1.26,0.08,skip,skip
1,1.5000000000000142,1,1.162601226109339,0.22,0.83,0.02,0.17,0.76,0.02,skip,skip
0,-1.032880820191096,0,-1.560357394764094,0.31,1.52,0.1,0.31,1.36,0.15,wait,wait
0,-1.0799202580368659,0,-2.365094553361204,0.38,0.99,0.04,0.36,1.07,0.04,skip,skip
0,-1.0460358049824192,0,-1.6499545231711743,0.18,0.82,0.01,0.18,0.79,0.01,skip,wait
0,-1.0234142268414586,0,-1.4005678878780539,0.42,1.38,0.07,0.43,1.39,0.07,wait,wait
0,-1.055602168359461,0,-1.9499982273353629,0.25,1.02,0.02,0.26,1.02,0.03,skip,skip
0,-1.0185612973830855,0,-1.3177310690597184,0.25,0.68,0.02,0.24,0.72,0.02,skip,skip
1,1.500000000000012,1,1.008218348590725,0.19,0.76,0.01,0.18,0.88,0.02,skip,skip
0,-1.0621376202325912,0,-2.0615547721719985,0.57,1.06,0.05,0.52,1.1,0.03,wait,wait
0,-1.0919434897763594,0,-2.2954026917451733,0.25,1.02,0.07,0.26,1.01,0.09,skip,skip
0,-1.03476099400532,0,-1.4909920141978081,0.26,1.29,0.03,0.24,1.19,0.04,wait,wait
1,1.500000000000022,1,1.0060193711906746,0.23,1.06,0.05,0.19,0.94,0.06,skip,skip
0,-1.025586805951439,0,-1.4376526103417686,0.21,1.12,0.02,0.21,1.05,0.02,wait,wait
0,-1.0338779996820453,0,-1.4767427595430869,0.43,1.17,0.03,0.39,0.95,0.02,skip,skip
1,1.4999999999999747,1,1.1992732525453327,0.18,0.63,0.01,0.18,0.64,0.01,skip,skip
0,-1.0386488737394297,0,-1.544006868155925,0.48,1.29,0.06,0.49,1.31,0.08,wait,wait
0,-1.0353850914778608,0,-1.499791106287387,0.26,1.25,0.03,0.28,1.26,0.04,wait,wait
0,-1.0510755728968144,0,-1.8709317491363398,0.29,0.94,0.02,0.27,1.01,0.02,wait,wait
0,-1.0673446321768125,0,-2.1486355829734647,0.45,1.32,0.06,0.42,1.22,0.05,skip,skip
0,-1.030036494891155,0,-1.511806336779426,0.36,1.46,0.15,0.34,1.42,0.16,wait,wait
0,-1.0730680298588335,0,-2.2463308123973302,0.42,0.99,0.01,0.41,1.02,0.02,skip,skip
0,-1.0276522447620573,0,-1.3907664212668276,0.59,1.69,0.17,0.57,1.74,0.17,wait,wait
1,1.5000000000000007,1,1.0602273734207197,0.12,0.66,0.02,0.14,0.76,0.02,skip,skip
1,1.4999999999999782,1,1.1901841399283408,0.66,1.86,0.18,0.63,1.73,0.16,wait,wait
1,1.5000000000000526,1,0.7330884061601468,0.52,1.11,0.03,0.5,1.05,0.02,wait,skip
1,1.4999999999999818,1,1.3013441013506546,0.36,2.12,0.22,0.32,1.88,0.24,wait,wait
1,1.5000000000000215,1,1.2977373532216987,0.46,2.0,0.23,0.45,1.97,0.24,wait,wait
0,-1.044609818013409,0,-1.7605648933232794,0.16,0.48,0.0,0.15,0.52,0.0,skip,skip
1,1.500000000000019,1,1.0202988015118601,0.19,0.9,0.01,0.19,0.93,0.02,skip,skip
0,-1.0192536605709963,0,-1.2723555656401906,0.32,1.66,0.04,0.3,1.53,0.03,wait,wait
1,1.500000000000093,1,0.15475992078981757,0.12,0.45,0.0,0.12,0.47,0.0,skip,skip
0,-1.072795751041845,0,-2.0254405082050737,0.19,0.78,0.01,0.18,0.74,0.01,skip,skip
0,-1.060285274489031,0,-2.028136255964166,0.25,1.02,0.02,0.22,1.04,0.02,wait,skip
0,-1.0437121471765884,0,-1.6171934883683072,0.27,1.16,0.02,0.23,1.11,0.02,wait,wait
0,-1.052155543690024,0,-1.7344361487493383,0.32,0.99,0.02,0.29,0.97,0.02,skip,skip
0,-1.036561038559688,0,-1.5145706745764838,0.35,1.45,0.07,0.32,1.4,0.13,wait,wait
1,1.5000000000000038,1,1.3347700775808793,0.52,1.93,0.15,0.52,1.85,0.13,wait,wait
1,1.5000000000000047,1,1.2115974673140266,0.18,1.04,0.02,0.19,1.1,0.04,wait,wait
0,-1.016939718513502,0,-1.237931512267573,0.64,1.91,0.2,0.56,1.84,0.16,wait,wait
0,-1.077184483505312,0,-2.0873168381074754,0.22,0.78,0.03,0.2,0.82,0.03,skip,skip
0,-1.0289295047778144,0,-1.4087743911679043,0.29,0.56,0.01,0.22,0.52,0.01,skip,skip
1,1.4999999999999898,1,1.2362789216815582,0.64,1.39,0.1,0.62,1.48,0.11,wait,wait
0,-1.0263688607520065,0,-1.3726721097408838,0.39,1.77,0.2,0.33,1.63,0.19,wait,wait
1,1.5000000000000209,1,1.3241739510492465,0.29,1.7,0.18,0.29,1.53,0.23,wait,wait
0,-1.0182726028656677,0,-1.2585237245027308,0.32,1.0,0.04,0.31,1.08,0.07,skip,skip
0,-1.0237137207629268,0,-1.3334375385361608,0.72,1.98,0.18,0.69,1.86,0.18,wait,wait
1,1.500000000000039,1,1.0832805804977121,0.18,0.65,0.0,0.16,0.67,0.01,skip,skip
0,-1.0986848686276063,0,-2.685396066297988,0.18,0.68,0.01,0.17,0.72,0.01,skip,skip
0,-1.033490230842037,0,-1.4730756428140652,0.24,1.3,0.08,0.25,1.41,0.13,wait,wait
0,-1.0314384330707678,0,-1.5375366452619492,0.23,1.04,0.02,0.22,1.06,0.02,wait,wait
1,1.4999999999999745,1,1.091812787288795,0.09,0.49,0.01,0.09,0.45,0.01,skip,skip
0,-1.040610428080135,0,-1.5716626399571838,0.23,1.11,0.04,0.2,0.99,0.03,wait,wait
0,-1.0461857837900699,0,-1.7892657565268335,0.55,1.15,0.03,0.55,1.04,0.02,wait,wait
0,-1.0500107067162712,0,-1.705996292192052,0.67,1.27,0.06,0.63,1.25,0.05,wait,wait
0,-1.039358253078948,0,-1.6709235876502835,0.28,1.34,0.22,0.25,1.27,0.2,skip,skip
1,1.5000000000000058,1,1.2407647752156594,0.24,0.98,0.03,0.18,0.88,0.02,wait,wait
0,-1.0336433741894346,0,-1.4734347965936474,0.43,1.67,0.27,0.34,1.54,0.23,wait,wait
0,-1.0653132574686042,0,-2.113961141463602,0.46,1.2,0.05,0.49,1.19,0.04,skip,skip
1,1.4999999999999851,1,1.1886157177784613,0.12,0.66,0.01,0.12,0.64,0.01,skip,skip
1,1.4999999999999771,1,1.250718849809104,0.41,1.7,0.14,0.34,1.46,0.16,wait,wait
1,1.5000000000000298,1,0.966897087297903,0.28,0.86,0.01,0.24,0.92,0.01,skip,skip
0,-1.0223282495803032,0,-1.3802308573291882,0.43,1.26,0.05,0.48,1.17,0.02,skip,skip
1,1.4999999999999631,1,1.093255964073011,0.35,1.45,0.1,0.3,1.34,0.1,wait,wait
0,-1.0922027213985732,0,-2.572949402225983,0.21,0.67,0.01,0.19,0.68,0.02,skip,skip
0,-1.0277223282207557,0,-1.3899545214174842,0.47,1.74,0.13,0.48,1.48,0.09,wait,wait
0,-1.1230385322802512,0,-2.7356087974538013,0.18,0.63,0.0,0.15,0.61,0.0,skip,skip
1,1.5000000000000122,1,1.1723227172960689,0.38,1.08,0.08,0.36,1.09,0.05,wait,wait
1,1.49999999999995,1,1.1464539470622668,0.36,1.6,0.11,0.31,1.49,0.14,wait,wait
0,-1.0357474645129192,0,-1.503100169929828,0.6,1.71,0.15,0.58,1.63,0.12,wait,wait
0,-1.0426997539329836,0,-1.6029198503994437,0.3,0.65,0.01,0.24,0.71,0.01,skip,skip
0,-1.0206369785512277,0,-1.2918588368957473,0.47,1.98,0.22,0.41,1.7,0.16,wait,wait
0,-1.1080114028516461,0,-2.8445948414613174,0.66,1.34,0.05,0.62,1.22,0.03,wait,wait
0,-1.0394784788523093,0,-1.557503393310698,0.22,1.07,0.02,0.24,1.2,0.02,wait,wait
0,-1.2572345109430116,0,-4.625825391392578,0.24,0.86,0.02,0.21,0.91,0.03,skip,skip
0,-1.0301425219281906,0,-1.4258766068990087,0.37,1.4,0.05,0.37,1.28,0.06,wait,wait
0,-1.0266015599485045,0,-1.3741529140212285,0.23,0.92,0.03,0.21,0.96,0.03,wait,skip
0,-1.0220040594722302,0,-1.3111331833673514,0.4,1.83,0.17,0.37,1.64,0.12,wait,wait
0,-1.0328408758474115,0,-1.4621204472751363,0.66,1.76,0.13,0.62,1.72,0.1,wait,wait
0,-1.0340913126118585,0,-1.481550238657546,0.19,0.81,0.01,0.2,0.86,0.01,wait,wait
0,-1.036249797351647,0,-1.5119825137975929,0.23,1.09,0.01,0.21,1.0,0.02,wait,wait
0,-1.0346711376251805,0,-1.592717122077849,0.2,1.0,0.02,0.19,0.99,0.02,wait,skip
0,-1.046059759422202,0,-1.7853145903457242,0.66,1.11,0.03,0.64,1.18,0.03,skip,skip
0,-1.027762186207528,0,-1.4747851468189856,0.57,1.41,0.15,0.52,1.28,0.11,wait,wait
0,-1.05064594382815,0,-1.7131524410167587,0.24,0.91,0.01,0.21,0.93,0.02,skip,skip
0,-1.0340609452049152,0,-1.4811220914172776,0.18,0.91,0.01,0.17,0.93,0.01,wait,skip
0,-1.0510914750157279,0,-1.8712031895009784,0.38,1.29,0.06,0.37,1.2,0.08,wait,wait
0,-1.0754741613035899,0,-2.0650031648147684,0.18,1.05,0.03,0.2,1.14,0.03,skip,skip
0,-1.0313240284459328,0,-1.5337838216603206,0.56,1.22,0.06,0.52,1.18,0.04,wait,wait
1,1.4999999999999631,1,1.1197817812755637,0.64,1.85,0.11,0.61,1.61,0.06,wait,wait
1,1.5000000000000224,1,1.2472672441586539,0.12,0.67,0.01,0.15,0.71,0.01,skip,skip
0,-1.0556076084058195,0,-1.948291085915994,0.65,1.25,0.05,0.64,1.25,0.06,skip,skip
0,-1.031855292522101,0,-1.4500247998435265,0.23,1.05,0.04,0.23,1.09,0.05,wait,wait
1,1.5000000000001008,1,-0.04363533841541269,0.47,0.9,0.04,0.43,1.08,0.05,skip,skip
0,-1.0602614202219995,0,-2.0295290768302894,0.53,1.05,0.03,0.51,1.03,0.03,wait,skip
0,-1.0697607570327814,0,-1.9844504105816145,0.47,1.11,0.03,0.47,1.14,0.03,wait,wait
0,-1.023655067111062,0,-1.4046788979280034,0.15,0.63,0.0,0.15,0.63,0.01,skip,skip
0,-1.1218656880958953,0,-3.0792798195586957,0.22,0.71,0.01,0.23,0.74,0.01,skip,skip
0,-1.0510711653594464,0,-1.720947599748459,0.12,0.71,0.01,0.13,0.75,0.01,skip,skip
1,1.4999999999999807,1,0.850880535910591,0.24,0.8,0.01,0.21,0.83,0.01,skip,skip
1,1.5000000000000175,1,1.2233899583324803,0.22,1.11,0.1,0.23,1.19,0.13,skip,skip
0,-1.1246265368901365,0,-3.1264059798096366,0.22,0.88,0.03,0.18,0.82,0.03,skip,skip
0,-1.0341030483358506,0,-1.5812201524571348,0.14,0.65,0.02,0.13,0.57,0.02,skip,skip
0,-1.0126920239317934,0,-1.1780436623138322,0.29,1.63,0.13,0.27,1.45,0.11,wait,wait
0,-1.0279992532368278,0,-1.393858861405344,0.48,1.53,0.08,0.46,1.44,0.07,wait,wait
1,1.5000000000000202,1,1.0200445324468541,0.12,0.57,0.0,0.14,0.53,0.0,skip,skip
0,-1.0930739880804494,0,-2.313141481955757,0.62,1.2,0.04,0.6,1.14,0.03,wait,wait
0,-1.055313752266965,0,-1.9432751243328228,0.13,0.32,0.0,0.13,0.37,0.0,skip,skip
1,1.5000000000000377,1,1.0830930025850871,0.42,1.29,0.08,0.44,1.42,0.1,wait,wait
0,-1.0497947129041014,0,-1.8490681782642928,0.26,0.95,0.01,0.23,0.91,0.02,skip,skip
1,1.4999999999999503,1,0.9977062322999855,0.21,0.68,0.01,0.19,0.69,0.01,skip,skip
1,0.15352643128377008,0,-0.5938960296330393,0.2,0.64,0.0,0.18,0.6,0.0,skip,skip
1,1.4999999999999427,1,0.9181162495174069,0.24,0.72,0.02,0.23,0.81,0.02,skip,skip
1,1.4999999999999687,1,1.1104321960552925,0.25,1.19,0.11,0.22,1.23,0.18,skip,skip
1,1.5000000000000129,1,1.1643726460289388,0.48,1.23,0.07,0.44,1.27,0.07,wait,wait
0,-1.1295318143137079,0,-3.2101363494098685,0.24,0.89,0.03,0.23,0.85,0.06,skip,skip
0,-1.0989155820712728,0,-2.687534217040691,0.24,0.79,0.02,0.24,0.91,0.04,skip,skip
1,1.5000000000000366,1,1.099102347635836,0.16,0.91,0.03,0.16,1.08,0.07,skip,skip
1,1.499999999999989,1,1.3089250023826038,0.11,0.71,0.01,0.14,0.93,0.02,skip,skip
0,-1.0617291997622331,0,-2.054583260879623,0.37,1.07,0.02,0.32,1.03,0.02,wait,wait
0,-1.1347520015342694,0,-2.9007559085806314,0.47,1.25,0.08,0.42,1.27,0.09,skip,skip
0,-1.0414865046993775,0,-1.5840143625478822,0.7,1.88,0.16,0.65,1.64,0.11,wait,wait
0,-1.0397561307536902,0,-1.561417981586342,0.28,0.66,0.02,0.22,0.66,0.01,skip,skip
1,1.4999999999999125,1,0.7131033574284907,0.22,0.79,0.01,0.2,0.75,0.01,skip,skip
1,1.4999999999999962,1,1.0345724597355683,0.53,0.87,0.01,0.5,0.91,0.01,skip,skip
1,0.41866649018134766,0,-0.06336979118250786,0.46,1.3,0.08,0.41,1.4,0.07,wait,wait
0,-1.0838027559124688,0,-2.4295666423827256,0.26,0.95,0.04,0.25,0.97,0.08,skip,skip
0,-1.0266775066490297,0,-1.3752236794717962,0.74,2.19,0.17,0.66,1.92,0.16,wait,wait
1,1.499999999999992,1,1.1458848971911386,0.6,1.38,0.05,0.57,1.38,0.07,wait,wait
0,-1.0401636895768993,0,-1.5671641154445621,0.55,1.31,0.09,0.54,1.54,0.11,wait,wait
0,-1.0278367774067354,0,-1.4760583772895315,0.3,1.53,0.1,0.29,1.51,0.13,wait,wait
1,1.500000000000003,1,1.0580402616148243,0.22,0.88,0.01,0.21,0.84,0.01,skip,skip
1,1.4999999999999305,1,0.2204805173246712,0.23,0.7,0.01,0.21,0.73,0.01,skip,skip
0,-1.0966603408653608,0,-2.363705135564479,0.18,0.84,0.01,0.16,0.85,0.01,skip,skip
0,-1.0330740035090715,0,-1.4654072924456176,0.39,1.59,0.14,0.36,1.59,0.17,wait,wait
0,-1.0433375415668291,0,-1.6119119587954516,0.19,0.78,0.01,0.17,0.73,0.01,skip,skip
0,-1.029267156976896,0,-1.4117349180472525,0.24,1.25,0.02,0.22,1.1,0.03,wait,wait
1,1.499999999999985,1,1.3444209906765732,0.31,1.94,0.19,0.3,1.78,0.2,wait,wait
0,-1.0305667553698037,0,-1.4300578346452364,0.14,0.65,0.02,0.12,0.6,0.02,skip,skip
0,-1.1157899892986833,0,-2.975571005166667,0.28,0.83,0.01,0.31,0.88,0.02,skip,skip
0,-1.023652600848425,0,-1.3325758145588351,0.2,1.09,0.06,0.18,1.09,0.12,wait,wait
0,-1.0463793479087324,0,-1.6547981028655319,0.22,0.77,0.01,0.2,0.94,0.02,wait,wait
1,1.4999999999999827,1,1.1308089331579376,0.28,1.26,0.04,0.25,1.32,0.05,wait,wait
0,-1.0343938542675013,0,-1.5879840486923467,0.26,1.42,0.06,0.27,1.45,0.1,wait,wait
0,-1.0385748929605971,0,-1.542963820051483,0.26,1.49,0.3,0.28,1.58,0.42,take,skip
0,-1.0422394628861429,0,-1.594630249834831,0.47,1.84,0.18,0.45,1.64,0.12,wait,wait
0,-1.0612429319183856,0,-2.046282938030637,0.24,0.89,0.01,0.25,0.98,0.02,wait,skip
0,-1.0542310996249313,0,-1.926594843189837,0.29,0.95,0.02,0.26,1.04,0.01,skip,wait
1,1.499999999999856,1,0.34218188843637504,0.53,1.04,0.03,0.48,0.91,0.02,wait,wait
0,-1.034289846726578,0,-1.5844086975566745,0.27,1.41,0.16,0.27,1.42,0.23,wait,wait
1,1.499999999999808,1,0.06201107256743614,0.27,1.08,0.14,0.24,1.15,0.19,skip,skip
0,-1.025392289725888,0,-1.4325323260745415,0.43,1.84,0.17,0.39,1.58,0.18,wait,wait
0,-1.0596737215200522,0,-1.8422342371624256,0.23,0.7,0.01,0.21,0.69,0.01,skip,skip
0,-0.307459215992541,0,-0.7763039574272326,0.16,0.69,0.01,0.16,0.72,0.01,skip,skip
0,-1.0434998118295942,0,-1.6123997921039304,0.65,1.46,0.1,0.59,1.45,0.09,wait,wait
0,-1.0369696529703754,0,-1.6301515063480159,0.21,1.03,0.02,0.2,0.97,0.02,wait,wait
0,-1.0534270243177264,0,-1.911069722907381,0.67,1.37,0.04,0.61,1.36,0.04,wait,wait
0,-1.0217664219739453,0,-1.3724407711683935,0.65,1.66,0.16,0.62,1.66,0.14,wait,wait
0,-1.013855501917891,0,-1.235605746037271,0.49,1.68,0.07,0.48,1.45,0.05,wait,wait
0,-1.069730865715976,0,-1.984028975692614,0.17,0.64,0.01,0.16,0.68,0.01,skip,skip
1,1.4999999999999831,1,0.8028254814293726,0.18,0.81,0.01,0.17,0.9,0.02,skip,skip
0,-1.0154514403949157,0,-1.218748417805195,0.56,1.84,0.23,0.57,1.86,0.21,wait,wait
1,1.499999999999992,1,1.3351997828013318,0.44,1.24,0.05,0.44,1.32,0.06,wait,wait
0,-1.0451436883533827,0,-1.769677764425664,0.26,1.23,0.09,0.26,1.2,0.12,skip,skip
0,-1.0521931694855684,0,-1.8900085040980812,0.32,1.26,0.05,0.31,1.25,0.08,wait,wait
1,1.5000000000000357,1,0.9217052393452192,0.68,1.21,0.02,0.6,1.14,0.02,wait,wait
0,-1.029008881469248,0,-1.4080935157403378,0.25,1.37,0.09,0.21,1.22,0.06,wait,wait
0,-1.0806945251616138,0,-2.378310864473764,0.23,0.9,0.01,0.22,0.92,0.01,skip,skip
1,1.50000000000002,1,0.655177221345212,0.33,1.16,0.05,0.27,1.04,0.06,skip,skip
1,1.4999999999999638,1,1.072257207872094,0.64,1.25,0.04,0.57,1.11,0.02,wait,wait
0,-1.031765402283765,0,-1.446957445752999,0.46,1.54,0.17,0.44,1.51,0.16,wait,wait
1,1.4999999999999223,1,0.9399173563692519,0.66,1.03,0.03,0.58,1.0,0.02,skip,skip
0,-1.063651129266235,0,-2.0873895333575514,0.51,1.28,0.07,0.46,1.29,0.09,wait,wait
0,-1.021670101071675,0,-1.3064247350078975,0.29,0.79,0.02,0.26,0.79,0.02,skip,skip
0,-1.0376240299105703,0,-1.641321358392625,0.18,0.96,0.03,0.15,0.89,0.05,wait,wait
0,-1.0813986888143667,0,-2.3885305481356967,0.44,1.1,0.02,0.42,0.98,0.03,skip,skip
0,-1.0756885864290682,0,-2.0662263246710135,0.24,0.8,0.01,0.22,0.79,0.02,skip,skip
1,1.5000000000000109,1,1.0595958898812312,0.42,0.85,0.01,0.41,0.77,0.01,skip,skip
0,-1.0361447748592598,0,-1.5087018114667796,0.2,0.94,0.04,0.18,0.94,0.05,skip,skip
0,-1.0317845552375926,0,-1.44722748146383,0.34,1.61,0.23,0.29,1.5,0.3,wait,wait
1,1.4999999999998874,1,0.7309321382691337,0.66,1.17,0.02,0.6,1.07,0.02,wait,wait
1,1.5000000000000073,1,1.294568503157863,0.6,1.77,0.2,0.58,1.69,0.21,wait,wait
1,1.5000000000000322,1,1.0774850428306717,0.28,1.3,0.05,0.25,1.29,0.05,wait,wait
0,-1.0880610769980332,0,-2.5040538255068476,0.17,0.67,0.01,0.18,0.83,0.02,skip,skip
0,-1.0478485037909366,0,-1.817647466304152,0.32,0.77,0.02,0.29,0.82,0.02,skip,skip
0,-1.0206636688361839,0,-1.3518173856945304,0.35,1.83,0.36,0.3,1.56,0.34,wait,take
1,1.4999999999999754,1,0.9872112227904902,0.47,0.94,0.02,0.44,0.97,0.02,skip,skip
1,1.5000000000000233,1,1.1992226065617644,0.51,1.6,0.07,0.49,1.47,0.08,wait,wait
0,-1.0482079347440818,0,-1.6805791782034263,0.46,1.0,0.06,0.43,1.07,0.06,wait,wait
1,1.500000000000003,1,1.266003772137246,0.39,1.3,0.11,0.34,1.23,0.06,skip,skip
0,-1.0384610486545627,0,-1.5431587397940991,0.19,0.81,0.01,0.18,0.91,0.02,skip,skip
0,-1.0624856914580973,0,-2.065696155268801,0.6,1.05,0.02,0.59,1.1,0.03,skip,skip
0,-1.0243423066791986,0,-1.3440999127762,0.66,1.79,0.16,0.62,1.68,0.14,wait,wait
0,-1.0394201386770592,0,-1.5566808606175768,0.48,1.57,0.07,0.46,1.45,0.1,wait,wait
1,0.019472002482890993,0,-0.3163920613675847,0.58,1.88,0.18,0.54,1.81,0.13,wait,wait
0,-1.0356664032288037,0,-1.6097057548580123,0.2,0.86,0.02,0.2,1.0,0.03,wait,wait
1,1.5000000000000058,1,1.1366492268104682,0.25,1.21,0.03,0.24,1.17,0.03,wait,wait
0,-1.0269494134595767,0,-1.4609115660381573,0.19,0.81,0.01,0.2,0.99,0.02,wait,skip
0,-1.0567757437389134,0,-1.7995759185631208,0.43,1.29,0.04,0.41,1.15,0.03,skip,skip
1,1.4999999999999953,1,1.3580281268629057,0.27,0.73,0.02,0.23,0.71,0.02,skip,skip
0,-1.060491887156461,0,-2.0316630197978127,0.61,1.21,0.03,0.58,1.14,0.03,skip,skip
0,-1.0404071050262704,0,-1.6888269096473862,0.11,0.61,0.02,0.13,0.74,0.03,skip,skip
1,1.4999999999999658,1,1.2533629383299802,0.25,0.54,0.01,0.25,0.61,0.02,skip,skip
0,-1.041511096067101,0,-1.7094714254397967,0.29,1.07,0.02,0.26,0.97,0.01,wait,wait
1,1.285871160451994,0,0.6157897470223802,0.32,1.03,0.02,0.3,1.02,0.02,wait,wait
1,1.4999999999999956,1,1.325406191897758,0.44,2.34,0.19,0.39,2.02,0.11,wait,wait
1,1.5000000000001108,1,0.6955427533027504,0.67,1.24,0.03,0.62,1.18,0.03,wait,skip
0,-1.0418461546609228,0,-1.7133906901169527,0.3,1.17,0.04,0.27,1.16,0.04,wait,skip
1,1.5000000000000642,1,1.0533808846210735,0.3,1.31,0.05,0.26,1.1,0.04,wait,wait
0,-1.0410643959885302,0,-1.5780630911808542,0.38,0.95,0.02,0.38,0.96,0.02,skip,skip
1,1.4999999999998916,1,0.7493337077123565,0.67,1.32,0.05,0.65,1.17,0.06,skip,skip
0,-1.01497826818415,0,-1.2120772069131796,0.34,1.14,0.04,0.29,1.16,0.04,wait,wait
0,-1.0230812886899168,0,-1.3263209376919887,0.18,1.29,0.05,0.2,1.33,0.1,wait,wait
1,1.50000000000002,1,1.138615309811726,0.69,1.77,0.13,0.64,1.57,0.12,wait,wait
1,1.4999999999999956,1,1.2079943118620335,0.25,1.37,0.04,0.23,1.24,0.05,wait,wait
1,1.5000000000000153,1,1.3716741554471759,0.5,1.35,0.05,0.45,1.46,0.04,wait,wait
1,1.4999999999999811,1,1.1339178854886425,0.32,1.37,0.06,0.28,1.32,0.07,wait,wait
0,-1.0713959629951553,0,-2.0075050270184303,0.18,0.57,0.0,0.18,0.59,0.0,skip,skip
0,-1.2051511900309333,0,-4.502717222942829,0.51,0.99,0.02,0.5,0.92,0.02,wait,wait
0,-1.0384619728251998,0,-1.541371769588509,0.64,1.54,0.11,0.62,1.56,0.11,wait,wait
0,-1.0355431238197876,0,-1.5020191895448212,0.25,1.11,0.02,0.24,1.16,0.03,wait,wait
0,-1.1754228740449908,0,-3.472370748933017,0.23,0.77,0.02,0.21,0.78,0.03,skip,skip
0,-1.0696680339987152,0,-2.1900947656187433,0.37,1.08,0.04,0.32,1.06,0.02,wait,wait
1,1.5000000000000928,1,0.8772817730205102,0.2,0.91,0.01,0.2,0.94,0.01,skip,skip
1,1.499999999999988,1,1.3752725943069155,0.23,1.19,0.02,0.2,1.04,0.01,wait,wait
0,-1.0877851091025776,0,-2.4993432063316225,0.51,0.93,0.02,0.47,0.96,0.02,skip,skip
1,1.4999999999999984,1,1.3143221418541804,0.33,1.25,0.04,0.32,1.25,0.06,wait,wait
1,1.5000000000000444,1,1.1713377562827227,0.14,0.45,0.0,0.14,0.47,0.0,skip,skip
0,-1.0570772959039276,0,-1.9733778377536755,0.24,1.06,0.03,0.23,1.1,0.04,skip,skip
1,1.4999999999999267,1,0.9541632323573416,0.3,0.95,0.02,0.27,1.04,0.03,skip,skip
1,1.4999999999999813,1,1.201750173060226,0.53,1.09,0.04,0.49,1.07,0.02,wait,wait
1,1.499999999999942,1,1.0647037533779196,0.24,0.87,0.02,0.22,0.89,0.03,skip,skip
1,1.4999999999999818,1,1.2604353621589757,0.34,1.48,0.13,0.34,1.44,0.24,wait,wait
1,1.500000000000033,1,1.1866012171870877,0.51,1.1,0.06,0.46,1.11,0.06,wait,wait
0,-1.0345947875111907,0,-1.591413867905935,0.34,0.76,0.02,0.32,0.86,0.03,skip,skip
0,-1.0264556561090559,0,-1.450683401457203,0.6,1.22,0.05,0.56,1.27,0.07,wait,wait
1,1.5000000000000222,1,1.142636327142569,0.7,1.89,0.16,0.67,1.75,0.13,wait,wait
0,-1.0209928495094422,0,-1.2950762283625017,0.46,2.11,0.26,0.42,1.72,0.16,wait,wait
0,-1.0407932900982546,0,-1.5760407945044521,0.19,0.74,0.02,0.17,0.77,0.01,skip,skip
1,1.5000000000000264,1,1.0635193205582048,0.66,1.18,0.02,0.58,1.08,0.02,wait,skip
1,1.4999999999999687,1,1.07804859579596,0.21,0.92,0.02,0.22,1.02,0.03,wait,skip
0,-1.025352990692272,0,-1.3583494524648798,0.22,0.98,0.02,0.19,0.98,0.03,skip,skip
1,1.499999999999982,1,1.0718612523460205,0.24,0.97,0.04,0.24,1.15,0.05,wait,wait
0,-1.0477924012999118,0,-1.6747206109080635,0.61,1.44,0.14,0.57,1.38,0.08,wait,wait
0,-1.0797991241172458,0,-2.361226864425652,0.4,0.79,0.01,0.41,0.88,0.01,skip,skip
1,1.5000000000000369,1,1.260685997896281,0.51,1.38,0.07,0.53,1.34,0.08,wait,wait
1,1.499999999999995,1,0.6917634725102143,0.23,0.88,0.02,0.2,0.78,0.02,skip,skip
1,1.4999999999999765,1,1.125286923798038,0.26,1.07,0.01,0.25,1.08,0.01,wait,wait
1,1.500000000000077,1,-2.989885953879341,0.27,0.82,0.02,0.25,0.82,0.02,skip,skip
1,1.499999999999975,1,1.238957818498856,0.34,1.49,0.23,0.29,1.43,0.29,wait,wait
0,-1.079522170808138,0,-2.358299424782314,0.39,1.06,0.08,0.37,1.01,0.07,skip,skip
0,-1.0435912873434183,0,-1.615489496847065,0.19,1.01,0.02,0.2,1.16,0.04,wait,wait
0,-1.1150533187495522,0,-2.962996446778815,0.14,0.44,0.0,0.12,0.47,0.0,skip,skip
0,-1.0518589363301163,0,-1.8843033291985973,0.65,1.33,0.05,0.63,1.27,0.04,skip,wait
0,-1.0289424180313749,0,-1.4071564539257837,0.32,1.39,0.17,0.28,1.41,0.17,wait,wait
0,-1.039985210477401,0,-1.564647755257308,0.2,1.34,0.04,0.21,1.59,0.11,wait,wait
1,1.499999999999948,1,0.9107930586246269,0.24,0.77,0.01,0.22,0.72,0.01,skip,skip
1,1.5000000000000204,1,0.9927948951992871,0.2,0.73,0.01,0.17,0.74,0.01,skip,skip
0,-1.0465983011666162,0,-1.7945071997381685,0.39,0.96,0.01,0.41,0.9,0.01,skip,skip
0,-1.0968683241979582,0,-2.3666374731819113,0.36,1.14,0.04,0.35,1.09,0.04,wait,wait
0,-1.0303810016623196,0,-1.4274389104397127,0.26,1.22,0.04,0.23,1.05,0.03,wait,wait
0,-1.0547759407855342,0,-1.771380883135619,0.17,0.63,0.0,0.17,0.58,0.0,skip,skip
1,1.4999999999999896,1,1.0894608692035834,0.17,0.89,0.02,0.18,0.94,0.03,wait,skip
0,-1.0586821246690685,0,-2.0007713761911945,0.42,1.0,0.01,0.43,0.96,0.01,skip,skip
1,1.5000000000000278,1,0.6266623202580527,0.24,0.63,0.01,0.21,0.61,0.01,skip,skip
0,-1.030181557793141,0,-1.4264269699200467,0.66,1.61,0.14,0.64,1.68,0.2,wait,wait
1,1.5000000000000255,1,1.0625069156016995,0.48,1.55,0.09,0.44,1.37,0.06,wait,wait
0,-1.030805354053818,0,-1.4334218152502436,0.68,1.54,0.12,0.63,1.49,0.11,wait,wait
0,-1.033585149447712,0,-1.5741799051924725,0.25,1.31,0.07,0.27,1.44,0.12,wait,wait
0,-1.0495830948807996,0,-1.8472559757768896,0.66,1.28,0.07,0.63,1.24,0.06,wait,wait
0,-1.0233214508550503,0,-1.3279069616712653,0.16,1.34,0.06,0.15,1.15,0.07,wait,wait
0,-1.097393906963268,0,-2.661560065491172,0.26,0.74,0.01,0.23,0.68,0.01,skip,skip
1,1.499999999999943,1,0.8589672341019856,0.15,0.88,0.02,0.15,0.82,0.03,skip,skip
1,1.4999999999999851,1,1.272081671207942,0.54,1.45,0.11,0.47,1.4,0.06,wait,wait
1,1.5000000000000298,1,0.9188557418358368,0.36,1.23,0.04,0.31,1.21,0.03,wait,wait
0,-1.0257093518612355,0,-1.3633737553665284,0.27,0.89,0.03,0.24,0.9,0.02,skip,skip
0,-1.1266032637972458,0,-2.7858676148201846,0.18,0.87,0.01,0.18,0.92,0.02,skip,skip
0,-1.029285784173719,0,-1.413797541160076,0.19,1.33,0.09,0.21,1.57,0.12,wait,wait
0,-1.023158652585283,0,-1.3256116840405243,0.41,1.01,0.02,0.37,0.95,0.01,skip,skip
1,1.500000000000008,1,0.8633999097499082,0.19,0.73,0.01,0.18,0.81,0.01,skip,skip
0,-1.0457363248615803,0,-1.7797937414802272,0.49,1.16,0.04,0.48,1.22,0.04,skip,skip
0,-1.033207105501274,0,-1.4672838850269427,0.68,1.76,0.1,0.56,1.51,0.06,wait,wait
0,-1.0699475913583898,0,-2.193066654962178,0.4,0.8,0.01,0.39,0.82,0.01,skip,skip
0,-1.0639074233242114,0,-2.0899643310201537,0.5,0.87,0.03,0.47,0.82,0.02,skip,skip
1,1.5000000000000262,1,1.0480424404029303,0.41,1.43,0.14,0.4,1.41,0.15,skip,skip
1,1.4999999999999805,1,1.096206506970405,0.15,0.69,0.02,0.14,0.67,0.03,skip,skip
0,-1.0418429329740504,0,-1.589039611566102,0.37,1.86,0.31,0.3,1.59,0.22,wait,wait
1,1.4999999999999971,1,1.2879582602781467,0.21,1.33,0.02,0.2,1.3,0.02,wait,wait
1,1.499999999999974,1,0.9736112086666082,0.29,0.57,0.01,0.23,0.63,0.01,skip,skip
1,0.045774014679160056,0,-0.0571252586024521,0.55,1.17,0.04,0.51,1.22,0.05,skip,skip
0,-1.0621154527790881,0,-1.8748599785747175,0.42,0.81,0.01,0.43,0.82,0.01,skip,skip
0,-1.044413835440925,0,-1.6270865257997889,0.66,1.75,0.17,0.61,1.63,0.12,wait,wait
0,-1.0273823287161747,0,-1.3851609000956662,0.28,1.46,0.06,0.25,1.42,0.09,wait,wait
0,-1.033215297246083,0,-1.56606673289746,0.38,1.15,0.02,0.36,1.08,0.03,wait,wait
0,-1.0352332191319045,0,-1.4958498722383264,0.47,1.47,0.06,0.43,1.52,0.07,wait,wait
0,-1.0901438456678343,0,-2.5396055334841647,0.2,0.72,0.0,0.18,0.67,0.0,skip,skip
1,1.500000000000028,1,1.2601630534628963,0.32,1.47,0.11,0.29,1.39,0.09,wait,wait
0,-1.0390778286016569,0,-1.6661368970887462,0.44,1.49,0.12,0.4,1.34,0.12,wait,wait
0,-1.1303059185851718,0,-3.225149880703384,0.31,1.21,0.05,0.29,1.23,0.03,wait,wait
1,1.4999999999999905,1,1.286760448952247,0.71,2.11,0.21,0.65,1.95,0.14,wait,wait
0,-1.0605636902063384,0,-1.8547818227100459,0.22,0.8,0.01,0.22,0.87,0.01,skip,skip
0,-1.0490754105897513,0,-1.8385900860297766,0.31,1.02,0.03,0.34,1.02,0.03,skip,skip
1,1.5000000000000437,1,1.0973213963537942,0.23,1.59,0.06,0.23,1.48,0.11,wait,wait
0,-1.0856512740037843,0,-2.461119822692395,0.17,0.85,0.02,0.16,0.83,0.03,skip,skip
1,1.5000000000000007,1,1.1657082697672314,0.31,1.32,0.04,0.24,1.03,0.02,wait,wait
0,-1.0414184994279982,0,-1.706090852081771,0.66,1.26,0.04,0.6,1.24,0.03,wait,skip
0,-1.0179134013623194,0,-1.2516593759901655,0.5,2.11,0.17,0.47,1.69,0.17,wait,wait
0,-1.0424034638287176,0,-1.5969424838357122,0.13,0.64,0.02,0.13,0.68,0.02,skip,skip
0,-1.0368713995908643,0,-1.520746425825717,0.29,0.84,0.03,0.29,0.99,0.05,skip,skip
0,-1.0497456428918976,0,-1.8482305803263288,0.22,0.78,0.04,0.2,0.76,0.04,skip,skip
0,-1.068479255974029,0,-2.1698029829550634,0.65,1.19,0.08,0.6,1.16,0.06,skip,skip
0,-1.0635819740286636,0,-2.084409091744702,0.62,0.98,0.03,0.57,0.94,0.02,skip,skip
0,-1.0431357685561022,0,-1.7354036852586672,0.43,1.16,0.04,0.42,0.93,0.01,skip,skip
1,1.5000000000000127,1,1.3980545745916426,0.54,1.33,0.06,0.52,1.36,0.04,wait,wait
0,-1.0393566903915867,0,-1.6726969134388183,0.22,1.23,0.03,0.22,1.27,0.06,wait,wait
0,-1.0245384117050942,0,-1.3468647792558233,0.22,1.13,0.02,0.21,1.12,0.02,wait,wait
0,-1.0201824088988232,0,-1.2836499017396807,0.54,2.54,0.26,0.51,2.08,0.2,wait,wait
0,-1.2520423987181375,0,-5.303124191878178,0.17,0.72,0.01,0.16,0.76,0.01,skip,skip
1,1.499999999999972,1,1.1827798674027978,0.65,1.55,0.09,0.62,1.49,0.07,wait,wait
0,-1.1148037881188635,0,-2.9587370970748936,0.28,0.88,0.04,0.28,0.98,0.07,skip,skip
0,-1.040235315546088,0,-1.5681739633072431,0.18,1.06,0.02,0.17,0.97,0.02,skip,skip
1,1.4999999999999698,1,1.0454412509664406,0.23,0.77,0.01,0.21,0.69,0.01,skip,skip
0,-1.0336399836069285,0,-1.575115893928858,0.29,1.1,0.02,0.27,1.06,0.02,wait,wait
0,-1.0694059317428055,0,-1.9776477618928452,0.19,0.49,0.0,0.18,0.51,0.01,skip,skip
0,-1.0625788672108374,0,-2.069086613774999,0.61,1.19,0.03,0.53,1.11,0.03,wait,wait
0,-1.0549588205428269,0,-1.775759287789247,0.29,0.86,0.01,0.31,0.95,0.02,wait,wait
0,-1.0354419271033442,0,-1.498792426472076,0.47,1.94,0.22,0.43,1.9,0.33,wait,wait
0,-1.0639155712947856,0,-1.9002396817256793,0.62,1.26,0.02,0.58,1.03,0.04,skip,skip
0,-1.044963490541352,0,-1.7684018875487044,0.14,0.56,0.0,0.13,0.64,0.01,skip,skip
1,1.4999999999999898,1,1.2011637334265064,0.23,1.34,0.03,0.23,1.31,0.03,wait,wait
0,-1.0719426958672142,0,-2.015213362815974,0.18,0.76,0.01,0.18,0.82,0.01,skip,skip
1,1.5000000000000115,1,1.3229575931407462,0.17,1.15,0.02,0.17,1.24,0.03,wait,skip
1,1.5000000000000178,1,1.1410668837671925,0.22,1.1,0.02,0.19,0.85,0.01,wait,wait
1,1.5000000000000002,1,1.0522602566962285,0.62,1.22,0.05,0.59,1.22,0.04,wait,wait
0,-1.1096723314660508,0,-2.5471599781177803,0.18,0.6,0.0,0.17,0.65,0.0,skip,skip
0,-1.0458167092046837,0,-1.7811658577090828,0.23,0.85,0.01,0.21,0.78,0.02,skip,skip
1,1.5000000000000266,1,1.2478429523049612,0.67,1.61,0.18,0.61,1.52,0.11,wait,wait
0,-1.048696891888184,0,-1.6856729393981102,0.31,1.72,0.07,0.29,1.51,0.08,wait,wait
0,-1.0357390908741693,0,-1.6109464927181867,0.21,1.6,0.1,0.23,1.59,0.13,wait,wait
0,-1.0207823933610771,0,-1.2921090267443422,0.71,1.92,0.22,0.67,1.95,0.22,wait,wait
1,1.4999999999999776,1,1.2515762063597287,0.39,1.15,0.03,0.43,1.11,0.03,skip,skip
1,0.32251996880284167,0,0.18901458666821858,0.42,1.89,0.18,0.36,1.6,0.17,wait,wait
0,-1.0429147301640602,0,-1.6059507802409025,0.25,0.94,0.03,0.24,0.99,0.03,skip,skip
0,-1.1995694148951068,0,-4.4074394119639315,0.11,0.62,0.01,0.12,0.65,0.01,skip,skip
0,-1.0603752978552328,0,-2.03147290497759,0.65,1.27,0.08,0.63,1.24,0.07,skip,skip
0,-1.04566205461674,0,-1.64288505160376,0.37,0.96,0.02,0.35,1.16,0.03,wait,skip
0,-1.0414982134172242,0,-1.5841794426684814,0.4,1.74,0.33,0.36,1.7,0.37,wait,wait
0,-1.1204994677891884,0,-3.0577591953885177,0.34,0.73,0.01,0.25,0.71,0.01,skip,skip
1,1.5000000000000722,1,1.0755393911340716,0.38,1.28,0.07,0.32,1.22,0.06,skip,skip
0,-1.0338590852422074,0,-1.5788558375274715,0.58,1.31,0.09,0.58,1.41,0.11,wait,wait
0,-1.102810805610397,0,-2.4486199646808147,0.23,1.02,0.02,0.2,0.9,0.02,skip,skip
1,1.499999999999974,1,0.6434574461484236,0.21,0.75,0.01,0.19,0.7,0.01,skip,skip
0,-1.0443261227279115,0,-1.7575223718783708,0.58,1.1,0.03,0.57,1.12,0.03,wait,wait
0,-1.1066510717692464,0,-2.5045635192814055,0.33,0.68,0.01,0.24,0.71,0.01,skip,skip
0,-1.0447482899758938,0,-1.7629285330502744,0.25,1.0,0.08,0.21,0.99,0.05,skip,skip
0,-1.0293609261180983,0,-1.5020747518818585,0.37,0.84,0.03,0.35,0.84,0.03,wait,wait
0,-1.0342425482277604,0,-1.5836013383709875,0.42,1.65,0.22,0.41,1.59,0.31,wait,wait
1,1.4999999999998281,1,-0.8046461001424714,0.22,0.76,0.01,0.21,0.74,0.01,skip,skip
1,1.4999999999998865,1,-0.1492134346482654,0.28,1.27,0.04,0.27,1.29,0.08,wait,wait
1,1.5000000000000269,1,1.0772491095959984,0.68,1.52,0.16,0.68,1.59,0.13,wait,wait
0,-1.0173802715359237,0,-1.2975716117739267,0.5,1.48,0.14,0.48,1.47,0.09,wait,wait
1,1.4999999999999896,1,1.087124747946431,0.28,1.75,0.2,0.26,1.61,0.21,wait,wait
0,-1.132466373942201,0,-3.2620276574178138,0.28,1.14,0.05,0.25,1.08,0.05,skip,skip
0,-1.0454647904093053,0,-1.6419038419322158,0.17,0.77,0.01,0.17,0.85,0.02,skip,skip
1,1.500000000000045,1,0.7615624607382374,0.33,0.78,0.01,0.33,0.82,0.01,skip,wait
0,-1.03933366509962,0,-1.555461677710555,0.22,1.24,0.01,0.22,1.1,0.01,wait,wait
1,1.4999999999999947,1,-0.4362486884137465,0.17,0.52,0.0,0.16,0.61,0.0,skip,skip
0,-1.0698751180533506,0,-1.98606277595226,0.28,0.99,0.02,0.23,0.92,0.01,skip,skip
0,-1.0333384802757444,0,-1.4709361257259863,0.18,0.86,0.01,0.17,0.94,0.01,wait,wait
1,1.500000000000016,1,1.1940660302581467,0.17,0.94,0.04,0.17,1.07,0.12,skip,skip
0,-1.0484887523432758,0,-1.6827383993564968,0.12,0.78,0.03,0.12,0.73,0.03,skip,skip
1,1.5000000000000233,1,1.065752765297286,0.18,0.73,0.01,0.16,0.7,0.01,skip,skip
1,1.499999999999987,1,0.7570129227544287,0.2,0.91,0.01,0.19,0.98,0.02,skip,skip
1,1.4999999999999771,1,1.0855942341220823,0.17,0.82,0.03,0.14,0.91,0.04,skip,skip
0,-1.047050327469187,0,-1.6642581811418626,0.34,0.94,0.04,0.31,1.1,0.06,skip,skip
0,-1.0773584702412504,0,-2.321366254132202,0.64,1.21,0.04,0.6,1.14,0.03,wait,wait
0,-1.263634184903,0,-4.716053798003071,0.34,0.93,0.01,0.33,0.95,0.02,skip,skip
1,1.4999999999999687,1,1.1151227111844497,0.71,1.74,0.17,0.66,1.64,0.15,wait,wait
1,1.499999999999811,1,-0.8962263251564488,0.27,1.0,0.04,0.25,0.95,0.03,skip,skip
0,-1.0263167644056035,0,-1.3719376082101775,0.2,0.93,0.01,0.2,1.0,0.02,wait,wait
0,-1.0238585859439429,0,-1.3354799792196828,0.26,1.54,0.07,0.26,1.46,0.08,wait,wait
1,1.4999999999999933,1,1.0100332223471937,0.14,0.71,0.01,0.15,0.79,0.02,skip,skip
0,-1.0728052320538009,0,-2.0273741801102694,0.17,0.53,0.01,0.15,0.51,0.01,skip,skip
1,1.50000000000001,1,1.3213119952308299,0.33,1.61,0.08,0.31,1.62,0.12,wait,wait
0,-1.0390077869732421,0,-1.6667413252736971,0.64,1.43,0.07,0.56,1.4,0.06,wait,wait
0,-1.0430797623023167,0,-1.7344476895160954,0.27,1.02,0.02,0.24,1.07,0.03,skip,skip
1,1.5000000000000089,1,1.1527537822088851,0.71,2.26,0.22,0.68,2.12,0.39,wait,wait
1,1.499999999999989,1,1.298302920109915,0.52,1.48,0.05,0.46,1.34,0.04,wait,wait
1,1.50000000000005,1,0.5240373666054781,0.36,0.8,0.02,0.32,0.82,0.02,skip,skip
0,-1.042001646869933,0,-1.7178448560296884,0.26,0.84,0.01,0.24,0.96,0.01,skip,skip
1,1.5000000000000202,1,0.9310700249175113,0.35,0.67,0.01,0.35,0.73,0.01,skip,skip
1,1.5000000000000318,1,1.2444792496608794,0.56,1.32,0.05,0.49,1.23,0.04,wait,wait
0,-1.0457456683284954,0,-1.6458639135328184,0.46,1.63,0.1,0.38,1.46,0.07,wait,wait
1,1.5000000000001685,1,-0.5488131464834655,0.29,0.66,0.01,0.27,0.62,0.01,skip,skip
0,-1.0328620201879177,0,-1.462418559360738,0.32,1.61,0.11,0.3,1.37,0.14,wait,wait
1,1.5000000000000888,1,0.8456454029992396,0.52,1.08,0.02,0.47,0.97,0.02,skip,skip
1,1.5000000000000344,1,1.0733679724166751,0.25,1.19,0.12,0.25,1.28,0.17,wait,wait
1,1.5000000000000333,1,1.0045300649519793,0.34,1.08,0.03,0.32,1.07,0.04,skip,skip
0,-1.0357269735088213,0,-1.5046112691735023,0.45,1.28,0.07,0.42,1.16,0.05,wait,wait
0,-1.0377769116060251,0,-1.6457309642815512,0.2,0.99,0.04,0.19,1.09,0.07,skip,skip
0,-1.0486050098792454,0,-1.8305606063602538,0.35,0.91,0.03,0.31,0.89,0.02,skip,skip
0,-1.0386860053085127,0,-1.544530382686647,0.37,1.55,0.15,0.33,1.54,0.21,wait,wait
0,-1.0729210809088516,0,-2.02900752231833,0.19,0.7,0.01,0.18,0.69,0.0,skip,skip
0,-1.033696358528516,0,-1.474181817851213,0.24,1.2,0.07,0.23,1.13,0.06,wait,wait
1,1.499999999999958,1,1.197062136738943,0.19,0.85,0.01,0.19,0.84,0.01,wait,wait
1,1.5000000000000415,1,1.1387650806158705,0.17,1.06,0.05,0.17,1.03,0.06,wait,wait
1,1.5000000000000007,1,1.0585761375912344,0.51,0.92,0.02,0.48,0.91,0.02,skip,wait
0,-1.048399824498539,0,-1.8270582055201803,0.19,0.74,0.02,0.19,0.73,0.01,skip,skip
1,1.4999999999999902,1,0.5176696444101478,0.18,0.69,0.01,0.18,0.82,0.01,skip,skip
1,1.4999999999999685,1,0.8433781161297218,0.24,0.91,0.01,0.22,0.92,0.01,wait,skip
1,1.5000000000000409,1,0.5612279080995511,0.1,0.54,0.01,0.12,0.58,0.01,skip,skip
0,-1.0316002790037744,0,-1.5402992657241399,0.35,1.63,0.18,0.34,1.6,0.15,wait,skip
1,1.50000000000003,1,0.47327560125548496,0.18,0.51,0.0,0.16,0.54,0.01,skip,skip
0,-1.0614582300851048,0,-1.8655938570750492,0.62,1.27,0.04,0.55,1.17,0.03,wait,wait
0,-1.0498931595236858,0,-1.704339005279217,0.2,0.91,0.01,0.2,0.89,0.01,skip,skip
1,1.500000000000013,1,1.0905420826142438,0.7,1.7,0.11,0.65,1.51,0.08,wait,wait
1,1.499999999999983,1,1.2677067555746568,0.14,0.75,0.02,0.16,0.74,0.01,skip,skip
0,-1.0780351293632435,0,-2.33111645068809,0.25,0.89,0.04,0.25,0.87,0.03,skip,skip
1,1.4999999999999711,1,0.9732332471051286,0.6,1.07,0.03,0.6,1.07,0.05,skip,skip
1,1.5000000000000184,1,1.2489342602564728,0.69,1.81,0.15,0.64,1.71,0.12,wait,wait
0,-1.0254435257913153,0,-1.3596258983863145,0.26,0.99,0.04,0.22,0.9,0.04,skip,wait
1,1.4999999999999727,1,1.257971470572902,0.46,1.91,0.14,0.44,1.7,0.08,wait,wait
1,1.4999999999999774,1,1.2949944784076857,0.52,1.87,0.15,0.52,1.71,0.12,wait,wait
0,-1.0702572751245634,0,-1.9914507728743047,0.45,1.25,0.13,0.41,1.2,0.11,wait,wait
0,-1.0678942390052095,0,-1.9563345468998254,0.22,0.62,0.01,0.2,0.6,0.02,skip,skip
0,-1.0436288178941755,0,-1.6160186365844689,0.18,0.76,0.0,0.15,0.78,0.01,skip,skip
0,-1.2494457028815404,0,-5.25700003173026,0.36,0.78,0.01,0.39,0.87,0.01,skip,skip
0,-1.0532582974242206,0,-1.9099896482561853,0.24,0.92,0.01,0.28,1.16,0.03,wait,skip
1,1.5000000000000062,1,1.1834518736797985,0.51,1.46,0.08,0.51,1.52,0.11,wait,wait
0,-1.0193713959114155,0,-1.2740155052298547,0.4,1.68,0.16,0.36,1.59,0.16,skip,skip
0,-1.0387460472629235,0,-1.5453769086055062,0.23,1.45,0.1,0.24,1.33,0.1,skip,wait
1,1.5000000000000544,1,0.9497563266005403,0.27,0.45,0.0,0.32,0.61,0.01,skip,skip
1,1.500000000000006,1,0.8900236220127046,0.42,1.22,0.03,0.42,1.21,0.04,skip,wait
0,-1.0676395734002329,0,-2.153670066351728,0.32,0.76,0.01,0.29,0.81,0.01,skip,skip
0,-1.0170604929968425,0,-1.2921131691719279,0.38,1.36,0.08,0.34,1.23,0.05,skip,skip
1,1.4999999999999358,1,1.0408172921147991,0.35,1.16,0.08,0.27,1.03,0.05,skip,skip
0,-1.048894547186558,0,-1.835502847880377,0.18,0.7,0.01,0.17,0.67,0.0,skip,skip
0,-1.0567752543206566,0,-1.7995690183003286,0.46,0.9,0.02,0.42,0.97,0.01,skip,skip
0,-1.0446627228778862,0,-1.6287955665725808,0.38,0.84,0.02,0.37,0.92,0.01,skip,skip
0,-1.0973107428933087,0,-2.3728750931298124,0.3,1.26,0.05,0.28,1.21,0.05,wait,wait
0,-1.021937679449194,0,-1.308397297609954,0.69,1.89,0.12,0.66,1.86,0.14,wait,wait
1,1.4999999999999958,1,1.234198938318783,0.18,0.74,0.01,0.16,0.72,0.01,skip,skip
0,-1.0401167016357251,0,-1.5665016368415565,0.61,1.37,0.18,0.55,1.31,0.13,wait,wait
0,-1.0204624066582844,0,-1.2893975640496909,0.4,2.09,0.13,0.37,1.89,0.11,wait,wait
0,-1.2017231554849965,0,-4.444202571323095,0.12,0.69,0.01,0.12,0.72,0.01,skip,skip
1,1.4999999999999478,1,0.9974961209462628,0.13,0.52,0.01,0.13,0.63,0.02,skip,skip
0,-1.0113974349745514,0,-1.1615913732823848,0.24,1.74,0.1,0.23,1.53,0.1,wait,wait
1,1.499999999999971,1,1.1924444879688834,0.25,1.06,0.04,0.23,1.14,0.09,wait,wait
0,-1.0281467702341474,0,-1.3977386898004072,0.14,0.68,0.01,0.16,0.82,0.01,wait,skip
1,1.5000000000000073,1,1.1297107398235275,0.51,1.98,0.12,0.51,1.71,0.09,wait,wait
1,1.5000000000000009,1,1.3871578433720162,0.32,1.51,0.07,0.34,1.42,0.04,wait,wait
1,1.499999999999992,1,1.1556922850187243,0.34,1.56,0.05,0.3,1.44,0.04,wait,wait
0,-1.029428981229015,0,-1.503236414942453,0.54,1.38,0.07,0.51,1.35,0.07,wait,wait
0,-1.051175709571547,0,-1.8744410267258151,0.28,1.07,0.01,0.27,1.1,0.01,wait,wait
0,-1.0280908034752514,0,-1.395149619682835,0.18,1.42,0.12,0.17,1.05,0.07,skip,wait
0,-1.0376165646903095,0,-1.6429939312141548,0.18,0.61,0.0,0.17,0.67,0.01,skip,skip
0,-0.2818996198723568,0,-0.4225037498552503,0.31,1.72,0.08,0.26,1.53,0.04,wait,wait
0,-1.0707982013504553,0,-1.999077241310111,0.19,0.73,0.01,0.18,0.76,0.01,skip,skip
0,-1.0514968770332012,0,-1.7251496689552026,0.6,1.12,0.03,0.6,0.97,0.02,skip,skip
1,1.500000000000025,1,1.1379688664966496,0.39,1.64,0.14,0.35,1.63,0.23,wait,wait
0,-1.0820864628173328,0,-2.158229387484394,0.19,0.85,0.01,0.15,0.75,0.01,skip,skip
1,1.4999999999999665,1,0.9161924872615295,0.32,1.2,0.13,0.3,1.19,0.17,skip,skip
1,1.4999999999999802,1,1.1872776010527752,0.6,1.49,0.06,0.57,1.31,0.05,wait,wait
0,-1.0587336527164495,0,-1.8271802947276967,0.44,0.74,0.01,0.43,0.78,0.01,skip,skip
1,1.5000000000000215,1,1.107407796444274,0.18,0.73,0.01,0.17,0.67,0.01,skip,skip
1,1.4999999999999472,1,1.1189223905700787,0.25,1.37,0.04,0.22,1.26,0.03,wait,wait
0,-1.0492456680932434,0,-1.695210083960213,0.26,1.01,0.01,0.23,0.9,0.01,skip,wait
0,-1.023782927267639,0,-1.406861400005755,0.54,1.53,0.06,0.51,1.59,0.08,wait,wait
1,1.500000000000044,1,1.1918738203320651,0.27,1.27,0.08,0.27,1.31,0.11,wait,wait
0,-1.0344040266008694,0,-1.4841591640363494,0.16,0.64,0.02,0.17,0.72,0.03,skip,skip
0,-1.030263181423542,0,-1.4275777738764166,0.65,1.49,0.17,0.63,1.51,0.15,wait,wait
0,-1.1234222416615383,0,-3.1076493270685037,0.2,0.59,0.01,0.19,0.57,0.01,skip,skip
0,-1.0610268136344359,0,-1.8613113567532749,0.2,0.51,0.01,0.19,0.58,0.01,skip,skip
0,-1.1698103651462806,0,-3.8994689101432507,0.12,0.42,0.0,0.13,0.37,0.0,skip,skip
0,-1.0912010356577264,0,-2.5576511812537213,0.32,0.77,0.01,0.36,0.91,0.02,wait,wait
1,1.500000000000015,1,1.192834539962798,0.48,1.39,0.13,0.45,1.53,0.17,skip,skip
0,-1.0653834961207993,0,-1.920935817014788,0.31,1.14,0.06,0.31,1.12,0.12,skip,skip
1,1.4999999999999523,1,1.1835471026045028,0.44,1.25,0.08,0.33,1.18,0.05,skip,skip
0,-1.025226086813362,0,-1.3565602465054085,0.25,1.22,0.06,0.25,1.25,0.07,wait,wait
1,1.500000000000074,1,0.038366898019311556,0.65,1.21,0.05,0.61,1.26,0.07,wait,wait
0,-1.0347183566993703,0,-1.4903908747963281,0.29,1.35,0.05,0.25,1.14,0.03,wait,wait
0,-1.0413441972556388,0,-1.582007983162882,0.49,1.94,0.13,0.51,1.65,0.07,wait,wait
1,1.500000000000024,1,1.3333769030242142,0.47,2.66,0.7,0.43,2.46,0.69,take,take
1,1.50000000000005,1,0.9704666971493722,0.2,0.76,0.01,0.19,0.75,0.01,skip,skip
0,-1.0242188851033611,0,-1.3423598034832618,0.31,2.01,0.13,0.27,1.71,0.11,wait,wait
0,-1.116571635221274,0,-2.9907132682649196,0.24,0.8,0.01,0.2,0.76,0.01,skip,skip
0,-1.0281918496715599,0,-1.3965742605848246,0.14,0.96,0.02,0.14,0.93,0.03,wait,wait
1,1.5000000000000833,1,0.9631817689208743,0.2,0.93,0.02,0.21,1.0,0.02,skip,skip
1,1.4999999999999474,1,0.6735465829636345,0.13,0.73,0.01,0.14,0.82,0.01,skip,skip
1,1.5000000000000315,1,1.243202924361013,0.4,0.91,0.02,0.35,0.87,0.01,skip,skip
0,-1.0226772115737595,0,-1.3188238920976998,0.36,2.06,0.17,0.33,1.95,0.22,wait,wait
1,1.500000000000005,1,1.3454033396217506,0.22,1.11,0.03,0.2,0.99,0.03,wait,wait
1,1.5000000000000218,1,1.1205088090219377,0.64,1.6,0.15,0.6,1.57,0.12,wait,wait
0,-1.0808235530728234,0,-2.378713299476304,0.23,0.8,0.02,0.23,0.83,0.02,skip,skip
0,-1.025975765422792,0,-1.3671298953379623,0.17,0.95,0.02,0.16,0.98,0.03,skip,skip
0,-1.0484598040584507,0,-1.6823302601871157,0.16,0.69,0.02,0.14,0.73,0.03,skip,skip
1,1.4999999999999725,1,1.1363437265634841,0.68,1.77,0.11,0.65,1.59,0.13,wait,wait
0,-1.0165706196341706,0,-1.232727621574243,0.71,2.05,0.27,0.65,2.12,0.21,wait,wait
0,-1.0537319145542452,0,-1.75666125462258,0.4,0.79,0.01,0.38,0.74,0.01,skip,skip
1,1.4999999999999531,1,1.0611393852753421,0.19,0.89,0.02,0.19,0.91,0.02,skip,skip
0,-1.0319804999635829,0,-1.4517900878908334,0.41,1.15,0.08,0.4,1.19,0.09,wait,wait
1,1.500000000000027,1,0.957370900173809,0.17,0.51,0.01,0.15,0.47,0.0,skip,skip
0,-1.07240029327717,0,-2.2349329186699993,0.4,0.96,0.03,0.4,0.93,0.03,skip,skip
1,1.5000000000000349,1,1.1147349817854655,0.16,1.2,0.13,0.18,1.25,0.14,wait,skip
0,-1.0469591010333177,0,-1.6629719881269551,0.27,1.29,0.03,0.23,1.09,0.02,wait,wait
0,-1.082254023594248,0,-2.4049306392347725,0.38,0.86,0.02,0.36,0.82,0.02,skip,skip
0,-1.0423401188542725,0,-1.596049388945682,0.13,0.48,0.01,0.15,0.68,0.02,skip,skip
1,0.0887800475346569,0,-0.254457012913826,0.52,1.24,0.12,0.43,1.11,0.07,wait,wait
1,1.5000000000000016,1,1.1697113129021888,0.63,1.57,0.09,0.64,1.51,0.07,wait,wait
1,1.4999999999999976,1,1.3606075242849747,0.52,1.95,0.11,0.49,1.81,0.11,wait,wait
0,-1.0307095911777633,0,-1.433871663388548,0.08,0.42,0.01,0.07,0.34,0.01,skip,skip
1,1.4999999999999722,1,1.1102160640040217,0.28,1.15,0.02,0.26,1.18,0.03,wait,wait
1,1.5000000000000175,1,1.285595565292045,0.19,0.79,0.01,0.18,0.78,0.01,wait,wait
1,1.5000000000000193,1,1.240363156061443,0.2,1.01,0.01,0.2,0.96,0.02,wait,wait
0,-1.0633148309966687,0,-1.8917699002606965,0.12,0.37,0.01,0.12,0.45,0.01,skip,skip
0,-1.028373095125301,0,-1.4852130237897805,0.18,1.19,0.02,0.2,1.19,0.05,wait,wait
0,-1.043065398953257,0,-1.7360025150986138,0.55,1.08,0.04,0.53,0.97,0.02,skip,wait
1,1.499999999999988,1,1.06735745366456,0.52,1.33,0.06,0.48,1.31,0.04,wait,wait
0,-0.002956165909101627,0,-0.6373547781218811,0.49,1.71,0.24,0.45,1.64,0.29,wait,wait
1,1.499999999999974,1,1.0414121163873402,0.16,0.64,0.01,0.16,0.73,0.01,skip,skip
0,-1.0799628146992448,0,-2.365820972022925,0.45,1.04,0.02,0.46,1.04,0.02,wait,wait
0,-1.0243741760684668,0,-1.3445492363252711,0.22,1.18,0.02,0.22,1.22,0.03,wait,wait
0,-1.2869203178353026,0,-5.898470959519168,0.2,0.8,0.01,0.18,0.8,0.01,skip,skip
1,1.5000000000000437,1,1.1674012901812845,0.19,0.82,0.01,0.17,0.86,0.01,skip,skip
0,-1.026368316038287,0,-1.4491925548080615,0.39,1.84,0.27,0.37,1.77,0.35,wait,wait
0,-1.1348905496894104,0,-3.301606995177452,0.44,1.02,0.01,0.42,1.01,0.02,skip,skip
0,-1.0483864704390036,0,-1.68309633632391,0.2,0.95,0.01,0.2,0.94,0.01,wait,wait
0,-1.0439035245510349,0,-1.6180917001301534,0.69,1.92,0.15,0.64,1.65,0.15,wait,wait
0,-1.037223217161422,0,-1.5257066689575092,0.33,1.01,0.02,0.32,0.98,0.02,wait,wait
1,1.5000000000000036,1,1.3191104720915212,0.24,1.53,0.11,0.24,1.57,0.16,wait,wait
0,-1.0210768976121833,0,-1.2980612147289639,0.27,1.48,0.11,0.27,1.44,0.14,wait,wait
1,1.4999999999999791,1,1.13563340644502,0.44,1.23,0.11,0.41,1.24,0.1,wait,skip
0,-1.0317605201108648,0,-1.4486886124521525,0.62,1.57,0.18,0.56,1.55,0.11,wait,wait
0,-1.018360302579396,0,-1.3143001990498906,0.68,1.96,0.18,0.68,2.05,0.22,wait,wait
0,-1.0389371326332613,0,-1.5480710034288852,0.37,1.59,0.14,0.33,1.46,0.17,wait,wait
0,-1.059561941274086,0,-2.0157893584888464,0.22,0.65,0.0,0.21,0.68,0.01,skip,skip
1,1.4999999999999647,1,1.0345797188651458,0.34,0.76,0.02,0.28,0.83,0.02,skip,skip
1,1.4999999999999902,1,1.2894060962375196,0.57,1.43,0.08,0.56,1.44,0.06,wait,wait
0,-1.039920973741312,0,-1.5637420875030776,0.18,0.75,0.01,0.19,0.79,0.01,wait,wait
0,-1.064659970949029,0,-2.102809902294534,0.2,0.62,0.01,0.19,0.6,0.01,skip,skip
1,1.5000000000000229,1,1.0709777747210296,0.23,0.97,0.01,0.21,0.93,0.01,skip,skip
1,1.5000000000000053,1,1.1196231590992705,0.52,1.86,0.14,0.5,1.82,0.11,wait,wait
1,1.4999999999999825,1,1.2351642795621827,0.38,1.81,0.16,0.35,1.6,0.2,wait,wait
1,1.4999999999999851,1,1.1476838807527934,0.13,1.01,0.02,0.14,1.06,0.03,wait,skip
1,1.4999999999999443,1,1.1054099466251515,0.15,0.98,0.02,0.15,0.95,0.03,wait,skip
0,-1.0268289158953905,0,-1.3773583843229316,0.47,1.16,0.04,0.45,1.15,0.04,wait,wait
0,-1.02616017708806,0,-1.447439738172671,0.44,1.07,0.03,0.4,1.1,0.04,wait,wait
0,-1.1035454545420393,0,-2.460777711489132,0.21,1.05,0.02,0.2,1.09,0.02,skip,skip
0,-1.0475148203976739,0,-1.6708070236417272,0.2,1.09,0.02,0.21,1.0,0.02,wait,wait
0,-1.1545320559678285,0,-3.1796330522193172,0.29,0.89,0.03,0.3,0.94,0.03,skip,skip
0,-1.0454948794063466,0,-1.6405280638962831,0.64,1.43,0.06,0.61,1.48,0.11,wait,wait
0,-1.0537597359386242,0,-1.7570535057273957,0.52,0.99,0.02,0.52,1.01,0.04,skip,skip
1,1.4999999999999856,1,1.2595859136106642,0.24,1.33,0.21,0.26,1.27,0.25,wait,skip
1,1.5000000000000233,1,0.8588852578333208,0.71,1.51,0.09,0.66,1.43,0.06,wait,wait
1,1.5000000000000036,1,1.278347280390735,0.16,1.07,0.02,0.16,1.1,0.04,skip,skip
1,1.4999999999999767,1,1.1183287230826047,0.16,0.83,0.01,0.15,0.85,0.01,skip,skip
0,-1.0239940045645668,0,-1.3391892337291134,0.47,1.44,0.12,0.43,1.45,0.09,wait,wait
1,1.5000000000000204,1,1.131039772843217,0.45,1.4,0.09,0.41,1.53,0.15,skip,skip
0,-1.0364241058043486,0,-1.6208393182894487,0.13,0.78,0.02,0.13,0.87,0.04,skip,skip
0,-1.0185712521709838,0,-1.2609343532192576,0.36,1.6,0.13,0.34,1.51,0.13,wait,wait
1,1.5000000000000024,1,1.0378369945451607,0.64,1.17,0.05,0.58,1.13,0.02,wait,wait
0,-1.0538580912902,0,-1.7602402086622764,0.25,0.91,0.01,0.23,0.95,0.01,skip,skip
0,-1.0255200439089855,0,-1.4347130192444288,0.31,1.65,0.17,0.29,1.6,0.19,wait,wait
1,1.499999999999969,1,1.248827519269061,0.33,1.54,0.07,0.25,1.25,0.06,wait,wait
1,1.500000000000045,1,0.7181561176720885,0.42,1.33,0.11,0.36,1.26,0.15,wait,wait
0,-1.1545213715558675,0,-3.1794824136923383,0.2,0.6,0.0,0.2,0.67,0.0,skip,skip
1,1.5000000000000075,1,1.2485478538658,0.64,1.39,0.1,0.57,1.24,0.06,wait,wait
0,-1.0269400210272155,0,-1.3807248452202523,0.17,0.65,0.0,0.16,0.61,0.0,skip,skip
0,-1.0674307534506793,0,-2.150105625434645,0.18,0.57,0.01,0.18,0.65,0.01,skip,skip
0,-1.0706826214858471,0,-1.997447691572945,0.19,0.68,0.01,0.18,0.71,0.01,skip,skip
1,1.5000000000000764,1,0.3733091781826627,0.13,0.43,0.0,0.12,0.45,0.0,skip,skip
0,-1.0632865311604707,0,-2.0793660455689507,0.4,1.25,0.1,0.34,1.13,0.12,skip,skip
0,-1.0378515038850478,0,-1.6470042131847662,0.61,1.48,0.12,0.58,1.55,0.1,wait,wait
0,-1.0647396560104034,0,-2.104170082172487,0.31,0.95,0.01,0.29,1.03,0.02,wait,skip
1,1.5000000000000175,1,1.162414008538563,0.14,0.8,0.01,0.15,0.95,0.02,skip,skip
1,1.5000000000000153,1,1.401310554184695,0.32,1.52,0.08,0.3,1.48,0.05,wait,wait
1,1.500000000000039,1,0.5841653561435669,0.21,0.63,0.0,0.2,0.63,0.0,skip,skip
1,1.5000000000000075,1,1.3269824114352904,0.59,1.67,0.09,0.56,1.56,0.1,wait,wait
0,-1.0483664110193365,0,-1.6828135204358177,0.18,0.92,0.01,0.19,0.94,0.01,wait,wait
0,-1.0443560242044234,0,-1.626271450564801,0.17,0.72,0.02,0.15,0.66,0.02,skip,skip
1,1.50000000000001,1,1.029922810239259,0.17,0.62,0.01,0.18,0.68,0.01,skip,skip
0,-1.033054272516881,0,-1.4669291070265074,0.24,1.15,0.01,0.2,1.07,0.02,wait,wait
0,-1.080321591421419,0,-2.1315466301860857,0.11,0.51,0.01,0.11,0.48,0.02,skip,skip
0,-1.0717025154531348,0,-2.0118270815479615,0.22,0.85,0.01,0.2,0.9,0.01,skip,skip
0,-1.0513791122094882,0,-1.8761129971352828,0.21,0.81,0.01,0.19,0.73,0.01,skip,skip
0,-1.051733117765932,0,-1.882155675973588,0.41,1.26,0.05,0.36,1.24,0.1,wait,wait
1,1.500000000000006,1,0.9521727174648275,0.21,0.73,0.01,0.19,0.76,0.02,skip,skip
0,-1.1954650813962198,0,-4.337380711682916,0.3,1.04,0.02,0.27,0.95,0.02,skip,skip
0,-1.061990608386228,0,-2.0572453613550774,0.29,1.22,0.13,0.25,1.18,0.19,skip,skip
1,1.500000000000003,1,1.2833339139207494,0.38,1.09,0.04,0.36,1.06,0.04,wait,wait
0,-1.0379599713886356,0,-1.647055693414347,0.15,0.76,0.02,0.16,0.86,0.04,skip,skip
0,-1.047507051371516,0,-1.6706974888666315,0.31,0.72,0.02,0.25,0.73,0.02,skip,skip
0,-1.0245506183833475,0,-1.4199654622853475,0.4,1.04,0.02,0.36,0.9,0.02,wait,wait
0,-1.0215457096697202,0,-1.3046709522277404,0.19,0.62,0.01,0.18,0.65,0.02,skip,skip
1,1.5000000000000007,1,1.1880520340070324,0.31,1.37,0.04,0.27,1.22,0.03,wait,wait
0,-1.0433212992747596,0,-1.611682960233359,0.37,1.0,0.03,0.39,1.09,0.04,wait,wait
1,1.5000000000000224,1,1.2553117511080372,0.22,1.26,0.02,0.24,1.22,0.03,wait,wait
1,1.5000000000000124,1,0.9828296397717472,0.35,1.03,0.02,0.31,0.97,0.02,skip,skip
1,1.4999999999999554,1,0.8924507205776951,0.43,0.63,0.01,0.43,0.77,0.01,skip,skip
0,-1.0448685747528244,0,-1.7649817275928776,0.27,1.06,0.03,0.27,1.11,0.03,wait,wait
0,-1.0406950523561076,0,-1.5728557497347848,0.12,0.78,0.02,0.12,0.79,0.03,skip,skip
0,-1.044847597281894,0,-1.7646236537799396,0.16,0.6,0.01,0.17,0.62,0.02,skip,skip
1,1.500000000000008,1,1.255628771016052,0.5,0.89,0.02,0.43,0.9,0.02,skip,wait
1,1.500000000000056,1,0.5104139121974173,0.45,1.0,0.02,0.44,0.96,0.02,skip,skip
0,-1.058846001048876,0,-2.0035686552571015,0.16,0.54,0.0,0.15,0.49,0.0,skip,skip
0,-1.0275736581233346,0,-1.46976707681002,0.49,1.82,0.08,0.46,1.75,0.1,wait,wait
0,-1.0363749961104878,0,-1.6218010430047722,0.29,1.57,0.1,0.24,1.57,0.07,wait,wait
1,1.5000000000000047,1,1.2801995911137476,0.27,1.16,0.03,0.23,1.02,0.02,wait,wait
0,-1.0923959909331449,0,-2.303582463375827,0.23,0.89,0.01,0.23,0.95,0.02,skip,skip
0,-1.0620018151756017,0,-2.057436655045763,0.37,0.85,0.01,0.36,0.86,0.01,skip,skip
1,1.4999999999999833,1,1.2380970584518574,0.66,1.65,0.23,0.53,1.55,0.1,wait,wait
0,-1.041679894708548,0,-1.5867409502587289,0.14,0.73,0.02,0.12,0.64,0.03,skip,skip
0,-1.0255041985851265,0,-1.4362425483383072,0.34,1.46,0.13,0.3,1.36,0.09,skip,skip
0,-1.1325874682371815,0,-2.868438355391598,0.16,0.81,0.02,0.15,0.78,0.03,skip,skip
0,-1.1005277553733108,0,-2.4164314522066785,0.37,1.1,0.11,0.33,1.22,0.18,skip,skip
0,-1.041845926242675,0,-1.71518679114404,0.17,0.66,0.01,0.16,0.68,0.01,skip,skip
0,-1.1427363887657584,0,-3.0133270398832477,0.18,0.84,0.01,0.17,0.9,0.01,skip,skip
0,-1.0295896184706894,0,-1.4180812725905758,0.43,1.2,0.05,0.4,1.09,0.04,wait,wait
0,-1.0799238850240163,0,-2.1259394047614713,0.2,0.64,0.01,0.19,0.74,0.02,skip,skip
1,1.5000000000000127,1,1.1320949084161314,0.33,0.84,0.02,0.31,0.92,0.03,wait,wait
1,0.49779190972334525,0,0.344775062481196,0.39,1.92,0.17,0.34,1.69,0.2,wait,wait
0,-1.0371205697650463,0,-1.5224594528835016,0.4,1.66,0.18,0.36,1.54,0.17,wait,wait
0,-1.0175739649989086,0,-1.2486736943437253,0.2,0.93,0.01,0.18,0.79,0.01,wait,wait
1,1.4999999999999891,1,0.641048902475619,0.41,1.01,0.01,0.44,1.04,0.02,skip,skip
0,-1.0569568654054644,0,-1.971322155826463,0.69,1.26,0.06,0.64,1.27,0.05,skip,skip
0,-1.0877156162433916,0,-2.2357942969095324,0.3,0.95,0.01,0.29,0.98,0.02,wait,skip
0,-1.1174940791278494,0,-3.0046588750072996,0.3,1.08,0.03,0.23,0.94,0.02,wait,wait
1,1.5000000000000102,1,0.3985764034686239,0.49,0.87,0.02,0.45,0.84,0.01,wait,wait
1,1.4999999999999623,1,1.1787680456381373,0.53,1.75,0.22,0.47,1.67,0.26,wait,wait
1,1.4999999999999754,1,1.2555653268515328,0.53,1.63,0.07,0.52,1.43,0.07,wait,wait
0,-1.0299491431656274,0,-1.4231501777511801,0.21,0.82,0.02,0.18,0.88,0.03,wait,skip
1,1.4999999999999925,1,0.8634684450852234,0.53,0.9,0.01,0.52,0.92,0.02,skip,skip
0,-1.0691032595385743,0,-2.180454378296528,0.66,1.19,0.04,0.64,1.25,0.04,wait,wait
0,-1.0335654504107354,0,-1.4741361565015745,0.65,1.59,0.19,0.57,1.53,0.11,wait,wait
1,1.5000000000000406,1,0.009642010958143826,0.27,0.9,0.02,0.24,0.85,0.01,skip,skip
0,-1.0467657563265196,0,-1.7973655665994506,0.3,1.05,0.03,0.26,0.92,0.02,skip,skip
0,-1.0484734217037248,0,-1.6843222540988676,0.16,0.74,0.01,0.17,0.87,0.01,skip,skip
1,1.4999999999999893,1,1.2210846033610656,0.21,1.0,0.03,0.19,0.88,0.02,skip,skip
1,1.5000000000000029,1,1.1459364614646772,0.22,1.18,0.03,0.22,1.37,0.05,wait,wait
0,-1.0274647268372776,0,-1.4697076800704276,0.18,0.68,0.01,0.16,0.71,0.01,skip,skip
0,-1.0240520369723618,0,-1.4096549536607628,0.53,1.32,0.07,0.53,1.3,0.07,wait,wait
1,1.4999999999999885,1,1.3602883214371277,0.48,1.74,0.14,0.44,1.52,0.08,wait,wait
0,-1.0224575546627237,0,-1.315726969784473,0.38,1.66,0.13,0.32,1.57,0.14,wait,wait
0,-1.0525521330812675,0,-1.7418276256098073,0.19,0.8,0.01,0.19,0.8,0.01,skip,skip
1,1.4999999999999547,1,1.0362953438573843,0.16,0.62,0.01,0.15,0.63,0.01,skip,skip
0,-1.035621793571787,0,-1.6071442927152548,0.27,1.5,0.19,0.25,1.47,0.15,wait,wait
0,-1.088610044329429,0,-2.5116243938978804,0.15,0.46,0.0,0.14,0.47,0.0,skip,skip
0,-1.0173998786182432,0,-1.2979062938134613,0.37,1.77,0.22,0.39,1.78,0.24,wait,wait
1,1.500000000000053,1,1.100991429894868,0.72,2.06,0.36,0.69,1.95,0.27,wait,wait
1,1.4999999999999805,1,1.103559087134682,0.44,1.5,0.07,0.45,1.35,0.04,wait,wait
1,1.4999999999999618,1,1.049291535156004,0.32,1.06,0.05,0.29,1.07,0.06,skip,skip
0,-1.0103637386411217,0,-1.1778032802692109,0.16,0.64,0.01,0.14,0.47,0.01,skip,skip
0,-1.040203894590793,0,-1.6871582200288628,0.23,1.15,0.02,0.24,1.08,0.01,wait,wait
0,-1.0532225179535009,0,-1.9075789125066334,0.21,0.76,0.01,0.2,0.79,0.01,skip,skip
0,-1.0351274409819287,0,-1.6005059677245888,0.38,1.99,0.18,0.35,1.82,0.19,wait,wait
0,-1.0302619019376984,0,-1.4275597345246431,0.62,1.81,0.15,0.58,1.69,0.12,wait,wait
1,1.499999999999962,1,1.0542490933923363,0.21,0.7,0.0,0.19,0.69,0.0,skip,skip
0,-1.0689376500294747,0,-2.177627515672681,0.48,1.22,0.12,0.46,1.2,0.08,wait,wait
0,-1.0170472078859492,0,-1.2918863996847447,0.25,1.44,0.06,0.23,1.31,0.07,wait,wait
1,1.5000000000000222,1,1.0688012849595423,0.23,1.19,0.02,0.21,1.2,0.03,wait,wait
1,1.500000000000052,1,1.0596355033397602,0.22,0.85,0.01,0.18,0.8,0.01,skip,skip
0,-1.0295791312823033,0,-1.417933414698633,0.19,0.83,0.01,0.19,0.94,0.02,wait,skip
1,1.4999999999999885,1,1.1482952871126608,0.32,1.51,0.07,0.35,1.71,0.14,wait,wait
0,-1.2888349240233758,0,-5.929352227053372,0.17,0.64,0.01,0.17,0.62,0.01,skip,skip
0,-1.0949795859716445,0,-2.6221489429524794,0.13,0.63,0.0,0.13,0.64,0.01,skip,skip
0,-1.0408585594637871,0,-1.575161021205491,0.34,1.33,0.1,0.33,1.29,0.15,wait,wait
1,1.5000000000000144,1,0.8509484998867448,0.17,0.45,0.0,0.15,0.49,0.0,skip,skip
0,-1.0634851026962786,0,-1.895970545083574,0.18,0.85,0.01,0.19,0.91,0.01,skip,skip
0,-1.0428958085215598,0,-1.605684005767035,0.29,1.6,0.14,0.29,1.49,0.17,wait,wait
0,-1.0889883654223738,0,-2.2555386689468726,0.27,0.91,0.01,0.26,0.92,0.01,wait,wait
1,1.5000000000000664,1,0.6309377474016584,0.67,1.43,0.05,0.66,1.39,0.07,wait,wait
0,-1.0259836860287,0,-1.4426271335114016,0.15,0.71,0.02,0.15,0.8,0.04,skip,skip
0,-1.032109059713818,0,-1.451802639823894,0.68,1.69,0.1,0.65,1.46,0.08,wait,wait
0,-1.3051473800273121,0,-6.207796818939601,0.15,0.82,0.03,0.17,0.82,0.03,skip,skip
0,-1.0540158426243325,0,-1.9211205253780397,0.25,1.01,0.02,0.22,0.96,0.02,wait,wait
1,1.500000000000005,1,1.1064904894569403,0.29,1.21,0.03,0.25,1.25,0.06,wait,wait
1,1.5000000000000078,1,1.3436717467008232,0.49,1.28,0.04,0.47,1.35,0.06,wait,wait
0,-1.0233431670384798,0,-1.3300131361176504,0.2,1.89,0.12,0.25,2.13,0.21,wait,wait
0,-1.1046874839530174,0,-2.4768790776980607,0.33,0.78,0.01,0.24,0.76,0.02,skip,skip
1,1.500000000000012,1,0.774124070137877,0.18,0.99,0.01,0.17,0.99,0.03,skip,skip
1,1.5000000000000089,1,1.2104799073256802,0.28,1.29,0.09,0.26,1.32,0.08,wait,wait
1,1.4999999999999836,1,1.0765210301645407,0.22,1.2,0.06,0.21,1.25,0.07,wait,wait
0,-1.0371299719311087,0,-1.5225920131459787,0.6,1.12,0.02,0.53,1.09,0.03,skip,wait
0,-1.039234497026109,0,-1.5522635162847163,0.29,1.55,0.1,0.24,1.26,0.06,wait,wait
0,-1.0699274597285415,0,-2.1927230191866873,0.28,0.95,0.03,0.25,0.91,0.05,skip,skip
0,-1.036240904854693,0,-1.5118571393126354,0.18,1.1,0.03,0.19,1.2,0.05,wait,wait
0,-1.073912924373165,0,-2.260752693943662,0.33,1.07,0.09,0.31,1.08,0.07,skip,skip
0,-1.024585992708974,0,-1.4205692824375613,0.21,1.29,0.03,0.19,1.26,0.04,wait,wait
1,1.5000000000000173,1,1.0112859228698932,0.61,1.2,0.05,0.56,1.1,0.05,skip,wait
0,-1.1207525055655367,0,-3.0620784101209733,0.21,0.95,0.01,0.21,0.94,0.01,skip,skip
1,1.500000000000011,1,1.0782276597403553,0.21,1.2,0.03,0.2,1.24,0.04,wait,wait
1,1.500000000000019,1,1.2436896583507422,0.14,1.29,0.06,0.18,1.6,0.06,wait,wait
0,-1.0434718873669988,0,-1.613806087710019,0.18,0.55,0.01,0.18,0.63,0.02,skip,skip
1,1.5000000000000187,1,1.153913884969516,0.51,1.49,0.09,0.49,1.52,0.08,wait,wait
1,1.4999999999999953,1,1.0409752110080246,0.18,0.58,0.01,0.15,0.51,0.01,skip,skip
1,1.500000000000032,1,1.0126222005279584,0.3,1.15,0.02,0.34,1.15,0.02,wait,wait
1,1.499999999999928,1,0.5938346575260158,0.33,1.25,0.08,0.3,1.24,0.08,wait,skip
0,-1.0260057333217025,0,-1.3675524099509404,0.21,1.09,0.01,0.21,1.1,0.01,wait,wait
0,-1.0330590125997523,0,-1.465195937012559,0.3,1.57,0.1,0.28,1.47,0.12,wait,wait
1,1.5000000000000162,1,0.8000111914053817,0.34,0.89,0.01,0.29,0.86,0.01,skip,skip
0,-1.0231309374570319,0,-1.395732294940996,0.18,1.0,0.02,0.19,1.11,0.02,wait,skip
0,-1.0469459703489001,0,-1.6609868598300184,0.12,0.68,0.01,0.12,0.55,0.02,skip,skip
0,-1.0456007677532158,0,-1.779279856696244,0.18,0.74,0.01,0.17,0.71,0.01,skip,skip
1,1.5000000000000255,1,1.1733433025640763,0.3,1.18,0.02,0.25,1.19,0.02,wait,wait
0,-1.0389066728882448,0,-1.5476415543237987,0.28,1.76,0.32,0.22,1.66,0.26,wait,skip
0,-1.0311401253358838,0,-1.530644697397934,0.51,1.61,0.09,0.51,1.65,0.09,wait,wait
0,-1.0526014634760625,0,-1.8969778564492354,0.34,1.07,0.07,0.29,1.07,0.06,skip,skip
0,-1.2120123295145009,0,-4.619833074954642,0.18,0.73,0.01,0.2,0.81,0.01,skip,skip
1,1.5000000000000455,1,0.9510523006430347,0.18,0.71,0.0,0.2,0.8,0.01,skip,skip
0,-1.016501501356529,0,-1.2335531294209257,0.41,1.45,0.07,0.3,1.31,0.06,skip,skip
1,1.5000000000000502,1,1.038477897531822,0.39,0.82,0.03,0.39,0.79,0.02,skip,skip
0,-1.0258953061063174,0,-1.3641955069338254,0.69,1.29,0.08,0.65,1.33,0.08,wait,wait
0,-1.0207818017514023,0,-1.3556338491466857,0.65,1.8,0.16,0.59,1.71,0.18,wait,wait
1,1.5000000000000344,1,0.7118369955254481,0.29,0.97,0.01,0.27,1.02,0.02,wait,skip
1,1.5000000000000473,1,0.9580018422638377,0.18,0.88,0.01,0.18,0.86,0.02,skip,skip
0,-1.023332613568099,0,-1.3280643437217594,0.73,2.52,0.33,0.68,2.31,0.28,wait,wait
1,1.5000000000000442,1,0.9948527119036259,0.63,1.14,0.06,0.61,1.12,0.04,wait,wait
0,-1.0505326529219525,0,-1.7115551630910633,0.18,0.66,0.01,0.17,0.72,0.01,skip,skip
0,-1.0482084550201178,0,-1.823791634481945,0.51,1.04,0.02,0.51,1.18,0.03,wait,wait
0,-1.0871368785816409,0,-2.22943472856768,0.34,1.3,0.03,0.33,1.35,0.05,wait,wait
1,1.5000000000000053,1,1.3363076716308793,0.41,1.55,0.16,0.4,1.3,0.1,wait,wait
1,1.5000000000000364,1,1.2154728893283884,0.63,1.51,0.11,0.59,1.42,0.08,wait,wait
0,-1.019703955811851,0,-1.3354356157551353,0.75,2.38,0.34,0.69,2.13,0.25,wait,wait
0,-1.025779964848327,0,-1.4409497257615442,0.57,1.49,0.14,0.57,1.52,0.14,wait,wait
1,1.5000000000000033,1,0.8508881763282105,0.62,1.29,0.04,0.65,1.31,0.06,wait,wait
1,1.4999999999999796,1,1.2565493307538689,0.63,1.39,0.07,0.61,1.23,0.06,wait,wait
0,-1.055391132300392,0,-1.7818544109599668,0.37,0.88,0.02,0.38,0.9,0.01,skip,skip
1,1.5000000000001392,1,0.44032219352932084,0.6,1.09,0.03,0.52,1.07,0.04,skip,wait
1,1.4999999999999791,1,1.067743291283363,0.26,1.25,0.04,0.24,1.23,0.08,wait,wait
0,-1.068393567493757,0,-2.16834032804254,0.19,0.66,0.01,0.21,0.82,0.02,skip,skip
0,-1.0355240143255668,0,-1.5017497665680832,0.26,1.09,0.03,0.22,0.94,0.01,wait,wait
0,-1.047692965848504,0,-1.6733186797471622,0.59,1.47,0.14,0.52,1.4,0.1,wait,wait
0,-1.0714160563735635,0,-2.0059883216857366,0.4,1.23,0.07,0.37,1.21,0.09,skip,skip
0,-1.0347627607982874,0,-1.5942810789111908,0.37,1.1,0.06,0.34,1.27,0.09,skip,skip
0,-1.1233847046520775,0,-3.1070085910970398,0.27,0.88,0.02,0.25,0.84,0.02,skip,skip
1,1.499999999999995,1,1.2712360975017256,0.2,1.1,0.01,0.18,1.07,0.02,wait,wait
0,-1.0218323542294414,0,-1.3087123271548118,0.5,1.52,0.15,0.51,1.52,0.11,wait,wait
0,-1.0493886067987286,0,-1.8421361719044027,0.33,1.0,0.03,0.31,1.06,0.04,skip,skip
1,1.5000000000000437,1,1.1883597285924514,0.24,0.54,0.01,0.24,0.69,0.02,skip,skip
0,-1.0352113947509518,0,-1.6001390120784138,0.53,1.51,0.09,0.51,1.63,0.11,wait,wait
1,1.5000000000000286,1,0.8447860379172336,0.31,0.69,0.01,0.29,0.77,0.01,skip,skip
0,-1.0273060627707709,0,-1.38588563364173,0.43,1.3,0.08,0.41,1.29,0.06,wait,wait
0,-1.0622206218275418,0,-1.8763427471846255,0.25,0.83,0.01,0.22,0.89,0.01,skip,skip
0,-1.030490180597939,0,-1.430778214075809,0.57,1.53,0.09,0.5,1.44,0.1,wait,wait
1,1.4999999999999805,1,1.0764598423433114,0.13,0.52,0.01,0.13,0.57,0.02,skip,skip
0,-1.02767840322334,0,-1.3911352269741246,0.66,1.66,0.2,0.64,1.72,0.2,wait,wait
1,1.4999999999999898,1,0.747492354245291,0.35,1.14,0.03,0.34,1.14,0.05,wait,wait
0,-1.0620481579711534,0,-2.058227700905345,0.31,1.22,0.05,0.29,1.16,0.03,wait,wait
1,1.4999999999998197,1,-0.26441826775681904,0.2,0.92,0.01,0.18,0.93,0.02,skip,skip
0,-1.0436392492743443,0,-1.6161657076400664,0.28,1.3,0.02,0.24,1.25,0.02,wait,wait
0,-1.0527118920724112,0,-1.8988628114434565,0.16,0.72,0.02,0.15,0.72,0.02,skip,skip
1,1.499999999999991,1,0.8411691151318113,0.23,1.09,0.1,0.22,1.14,0.12,skip,skip
0,-1.0732442777038824,0,-2.2493392655246303,0.59,0.99,0.04,0.56,0.98,0.04,skip,skip
1,1.4999999999999953,1,0.7913421734319561,0.47,1.0,0.02,0.5,1.02,0.02,skip,skip
0,-1.0192649143714119,0,-1.2707142319225067,0.24,1.35,0.09,0.23,1.11,0.11,wait,wait
1,1.5000000000000175,1,1.263884911204464,0.67,1.55,0.14,0.59,1.42,0.08,wait,wait
1,1.5000000000000704,1,0.11753595064326937,0.31,1.18,0.04,0.27,1.16,0.03,wait,wait
0,-1.0935331966651682,0,-2.595659878348978,0.24,0.77,0.02,0.25,0.82,0.05,skip,skip
0,-1.040870731992224,0,-1.698540765247472,0.48,1.41,0.08,0.46,1.45,0.1,wait,wait
1,1.5000000000000246,1,1.2188241176750494,0.64,1.39,0.06,0.56,1.33,0.06,wait,wait
1,1.5000000000000786,1,0.13266330689626388,0.67,1.25,0.04,0.62,1.1,0.02,wait,wait
1,1.499999999999937,1,0.7988804412379715,0.14,0.8,0.01,0.15,0.87,0.02,skip,skip
0,-1.046233703615012,0,-1.7900837214059617,0.5,1.01,0.02,0.45,0.93,0.02,wait,wait
0,-1.0937052262383553,0,-2.59859632791355,0.41,1.21,0.04,0.35,1.12,0.03,wait,wait
0,-1.0590100301991794,0,-2.006368542030185,0.15,0.7,0.02,0.14,0.76,0.03,skip,skip
0,-1.0548017454211656,0,-1.773544700290498,0.24,0.74,0.01,0.23,0.76,0.01,skip,skip
1,1.4999999999999714,1,1.1720644151772457,0.67,1.73,0.11,0.63,1.64,0.12,wait,wait
0,-1.0266537839520709,0,-1.3748892153786676,0.2,0.97,0.03,0.18,0.91,0.03,wait,wait
0,-1.03215183957184,0,-1.452405789055659,0.29,1.36,0.14,0.24,1.29,0.2,skip,wait
1,1.500000000000007,1,1.1662023197292977,0.14,0.79,0.02,0.13,0.73,0.03,skip,skip
0,-1.0317095353878392,0,-1.4479697835948055,0.19,0.89,0.01,0.18,0.88,0.01,skip,wait
0,-1.0206411615993252,0,-1.2901178133012248,0.43,1.52,0.08,0.4,1.33,0.04,wait,wait
1,1.5000000000000002,1,1.2455214642583745,0.45,1.44,0.07,0.48,1.51,0.07,wait,wait
1,1.4999999999999483,1,0.7923623086569258,0.7,1.4,0.05,0.68,1.28,0.04,skip,wait
0,-1.0423051404954062,0,-1.5973562323261439,0.25,1.31,0.09,0.24,1.3,0.11,wait,wait
0,-1.0540528193932452,0,-1.921751698348511,0.26,0.98,0.02,0.25,0.97,0.03,wait,skip
0,-1.0387991509819499,0,-1.5461256129898073,0.38,1.63,0.3,0.4,1.65,0.41,take,wait
1,1.5000000000000504,1,0.746004617748869,0.58,0.82,0.01,0.53,0.79,0.01,skip,skip
0,-1.0566929270517837,0,-1.8002082938125141,0.27,0.86,0.02,0.22,0.8,0.02,skip,skip
0,-1.0269361609361438,0,-1.3806704221557053,0.36,1.07,0.05,0.37,1.2,0.07,wait,wait
1,1.5000000000000047,1,1.2981570009122676,0.35,2.22,0.22,0.32,2.01,0.15,wait,wait
1,1.4999999999999838,1,1.1803613791012177,0.2,1.02,0.02,0.17,0.98,0.03,skip,skip
1,1.4999999999999338,1,-0.21960089441892974,0.26,1.09,0.02,0.28,1.12,0.03,wait,wait
1,1.4999999999999976,1,1.1722647217249114,0.46,1.04,0.04,0.45,1.16,0.04,wait,wait
0,-1.0714305122311194,0,-2.0079921334743798,0.18,0.61,0.0,0.17,0.58,0.0,skip,skip
0,-1.0595358449503014,0,-1.8402903282563394,0.12,0.58,0.0,0.13,0.64,0.01,skip,skip
1,1.4999999999999698,1,0.6134318507449437,0.2,0.86,0.01,0.2,0.86,0.01,skip,skip
0,-1.0403700535556446,0,-1.5700736219432387,0.12,0.85,0.02,0.13,0.96,0.02,skip,skip
1,1.499999999999984,1,1.2164930726016088,0.27,1.49,0.14,0.27,1.41,0.3,wait,wait
1,1.500000000000014,1,1.3396301717510786,0.18,1.17,0.02,0.17,1.14,0.03,wait,wait
0,-1.0665010157633252,0,-2.136035517895932,0.35,0.87,0.03,0.27,0.89,0.02,skip,skip
1,1.5000000000000335,1,1.0933585892941424,0.37,0.9,0.02,0.33,0.87,0.01,skip,skip
1,1.4999999999999782,1,0.9966986036185845,0.2,0.77,0.01,0.2,0.77,0.01,skip,skip
1,1.4999999999999913,1,1.074490933791693,0.45,1.41,0.06,0.47,1.54,0.06,wait,wait
0,-1.057102426575963,0,-1.9738068044078083,0.3,1.26,0.06,0.25,1.12,0.05,wait,wait
0,-1.0866334394738617,0,-2.477884843445574,0.19,0.85,0.03,0.18,0.95,0.04,skip,skip
0,-1.0354792635192342,0,-1.6065113836346094,0.15,0.9,0.02,0.17,1.07,0.02,skip,skip
0,-1.0529834587962392,0,-1.9052983050526655,0.17,0.57,0.0,0.15,0.54,0.0,skip,skip
0,-1.0649356529669973,0,-1.9146217181357412,0.15,0.92,0.02,0.16,0.84,0.02,skip,skip
0,-1.0301414292976396,0,-1.4258612020020718,0.21,1.13,0.03,0.21,1.15,0.05,wait,wait
1,1.5000000000000886,1,0.6278967077598347,0.23,0.91,0.02,0.21,0.75,0.01,skip,skip
0,-1.0513189854185303,0,-1.7244415916616211,0.13,0.33,0.0,0.12,0.34,0.0,skip,skip
0,-1.0181422786378855,0,-1.2566862953636142,0.22,1.51,0.03,0.2,1.36,0.03,wait,wait
1,1.4999999999999707,1,1.1317763525304847,0.28,1.3,0.08,0.23,1.22,0.14,wait,wait
0,-1.0229298429171023,0,-1.3922997224897717,0.16,0.55,0.01,0.16,0.49,0.01,skip,skip
1,1.4999999999999603,1,1.198402542477166,0.69,2.08,0.21,0.64,1.9,0.2,wait,wait
0,-1.042632539285988,0,-1.7268138402516464,0.11,0.63,0.01,0.14,0.74,0.02,skip,skip
0,-1.1561331345685926,0,-3.6660061571767573,0.66,1.28,0.05,0.63,1.28,0.05,wait,wait
1,1.4999999999999718,1,1.184379955681585,0.63,1.98,0.15,0.61,1.79,0.2,wait,wait
0,-1.0534639403557406,0,-1.913499859234614,0.45,0.96,0.01,0.39,0.85,0.02,skip,skip
1,1.5000000000000087,1,1.3420583958425292,0.12,0.72,0.01,0.13,0.75,0.02,skip,skip
1,1.4999999999998972,1,0.739679573483504,0.35,0.84,0.02,0.27,0.79,0.02,skip,skip
0,-1.0210715982898273,0,-1.297986500076871,0.25,1.52,0.06,0.26,1.44,0.08,wait,wait
0,-1.030257587576678,0,-1.4256989067496504,0.5,1.76,0.09,0.48,1.67,0.06,wait,wait
0,-1.0977207345979192,0,-2.3768555279512733,0.66,1.26,0.03,0.62,1.35,0.04,wait,wait
0,-1.0382426086209136,0,-1.5400789741213001,0.15,0.62,0.01,0.14,0.71,0.01,skip,skip
1,1.4999999999999982,1,1.350506910657169,0.47,2.19,0.25,0.43,1.86,0.22,wait,wait
0,-1.0340281562397666,0,-1.5817417858433807,0.57,1.21,0.09,0.52,1.26,0.08,wait,wait
0,-1.0651976782470625,0,-1.9201159881349577,0.16,0.56,0.0,0.16,0.62,0.0,skip,skip
0,-1.0399683139912734,0,-1.6813369896363932,0.62,1.7,0.13,0.6,1.72,0.2,wait,wait
0,-1.0464535528995678,0,-1.654044312113544,0.69,1.67,0.1,0.64,1.58,0.09,wait,wait
0,-1.0291940456886146,0,-1.4992261953502612,0.26,1.29,0.03,0.23,1.26,0.03,wait,wait
0,-1.0531260330830847,0,-1.7481189882384969,0.23,0.87,0.02,0.2,0.81,0.02,skip,skip
1,1.4999999999999905,1,1.0749923112348454,0.39,1.3,0.05,0.38,1.26,0.05,wait,wait
1,1.4999999999999678,1,1.2483332643378506,0.43,1.14,0.08,0.42,1.05,0.04,wait,wait
1,1.500000000000023,1,1.0917355645723505,0.15,1.05,0.04,0.13,0.97,0.04,wait,wait
0,-1.0317757969167742,0,-1.5414952593168232,0.27,1.16,0.04,0.27,1.2,0.07,wait,wait
1,1.4999999999999798,1,1.093230873487835,0.28,1.18,0.03,0.29,0.98,0.03,wait,wait
0,-1.0374393162588613,0,-1.6381683986335323,0.43,1.88,0.23,0.39,1.71,0.23,wait,wait
1,1.5000000000000273,1,1.0620706959705732,0.33,1.57,0.16,0.28,1.5,0.12,wait,wait
0,-1.0403367266645445,0,-1.5678037492124364,0.29,1.7,0.21,0.26,1.58,0.21,wait,wait
1,1.4999999999999611,1,0.962978502136171,0.23,0.85,0.01,0.22,0.9,0.02,skip,skip
0,-1.164661035387708,0,-3.811572702317715,0.26,0.47,0.01,0.22,0.51,0.01,skip,skip
1,1.5000000000001041,1,0.3773943544423557,0.34,1.07,0.11,0.3,1.12,0.09,skip,skip
1,1.4999999999997096,1,-1.4454135269695483,0.32,0.79,0.02,0.24,0.75,0.01,skip,skip
0,-1.0399385852012917,0,-1.5621903898346186,0.24,0.82,0.05,0.22,0.88,0.1,skip,skip
1,1.4999999999999873,1,1.271388705224755,0.54,1.28,0.09,0.52,1.27,0.1,wait,wait
0,-1.0251055433642908,0,-1.4294377244518846,0.13,0.63,0.0,0.13,0.63,0.01,skip,skip
0,-1.0863266805940013,0,-2.2162118226595107,0.15,0.53,0.01,0.16,0.56,0.01,skip,skip
0,-1.0610209271270574,0,-2.0424934391658125,0.37,0.76,0.02,0.4,0.83,0.02,skip,skip
1,0.26765658650294816,0,-0.099727191736223,0.2,0.86,0.02,0.2,0.87,0.03,wait,wait
0,-1.031227649310962,0,-1.532138683191941,0.46,2.01,0.33,0.43,1.91,0.35,wait,wait
1,1.499999999999972,1,1.3054974416075005,0.48,1.68,0.09,0.49,1.74,0.1,wait,wait
1,1.5000000000000082,1,1.1942521881888413,0.42,1.0,0.02,0.35,0.78,0.01,skip,skip
1,1.5000000000000202,1,1.1523427889288276,0.27,1.39,0.12,0.25,1.38,0.1,wait,wait
1,1.4999999999999718,1,1.2878544680193917,0.43,1.51,0.09,0.43,1.52,0.09,wait,wait
0,-1.0593619361134605,0,-2.0123753811375003,0.6,1.34,0.13,0.58,1.32,0.09,wait,skip
0,-1.0809972214698198,0,-2.142872275262712,0.2,0.88,0.01,0.2,0.93,0.01,skip,skip
1,1.4999999999999531,1,1.034292473573468,0.35,0.7,0.01,0.33,0.7,0.01,skip,skip
0,-1.1233577156398287,0,-3.1047479036021235,0.15,0.54,0.0,0.15,0.5,0.0,skip,skip
0,-1.0427049963655,0,-1.7298506424789577,0.19,0.98,0.03,0.22,1.05,0.03,skip,skip
1,1.4999999999999616,1,1.1860733632642333,0.34,1.12,0.02,0.35,1.18,0.02,wait,wait
1,1.4999999999999611,1,1.274088803145139,0.14,0.69,0.02,0.16,0.69,0.02,skip,skip
1,1.5000000000000282,1,0.43694295008368916,0.16,0.62,0.01,0.15,0.82,0.03,skip,skip
0,-1.0365240484056362,0,-1.5140491538429444,0.25,1.17,0.13,0.24,1.28,0.23,skip,skip
0,-1.049599826379868,0,-1.6984033286279685,0.33,1.2,0.04,0.34,1.18,0.11,wait,wait
1,1.4999999999999298,1,0.9577016432616974,0.24,0.91,0.04,0.27,0.96,0.09,skip,skip
0,-1.153572459646254,0,-3.620496854090497,0.14,0.55,0.01,0.14,0.62,0.02,skip,skip
0,-1.034390319790257,0,-1.4857659129929448,0.21,1.12,0.03,0.21,1.04,0.03,wait,wait
0,-1.096864049799943,0,-2.3665772088429753,0.65,1.18,0.06,0.63,1.26,0.07,wait,wait
1,1.4999999999998748,1,0.6174442429530289,0.62,1.12,0.03,0.54,1.05,0.02,skip,skip
0,-1.0609503356864272,0,-2.0412884823612836,0.23,0.97,0.01,0.23,0.96,0.01,skip,skip
0,-1.0750193448980274,0,-2.2814386796847312,0.48,1.31,0.13,0.44,1.45,0.13,skip,skip
0,-1.0802263623073503,0,-2.370319583768468,0.35,1.03,0.02,0.31,1.03,0.02,skip,skip
0,-1.0362322470642766,0,-1.6193643958265065,0.18,0.81,0.01,0.16,0.73,0.01,skip,wait
1,1.4999999999999345,1,0.9791286014810503,0.52,0.91,0.03,0.49,0.92,0.02,wait,wait
1,1.5000000000000273,1,0.8599541925916924,0.22,0.9,0.01,0.2,0.9,0.01,skip,skip
1,1.4999999999999005,1,-0.18836291165965469,0.23,0.85,0.01,0.23,0.91,0.02,skip,skip
0,-1.0812911294397192,0,-2.3884945691660278,0.21,0.84,0.01,0.2,0.89,0.01,skip,skip
0,-1.02893056516225,0,-1.4069893414290704,0.27,1.3,0.05,0.22,1.17,0.04,wait,wait
0,-1.04872646511515,0,-1.6878898895701482,0.47,1.45,0.11,0.44,1.43,0.11,wait,wait
0,-1.0317063998740887,0,-1.446125576278357,0.28,1.45,0.12,0.25,1.41,0.08,wait,wait
1,1.499999999999982,1,1.2661651303097652,0.27,1.17,0.1,0.25,1.14,0.18,skip,wait
0,-1.0781573148917947,0,-2.102832697142449,0.18,0.72,0.01,0.17,0.7,0.01,skip,skip
0,-1.0347725903568397,0,-1.48935551007595,0.53,1.59,0.13,0.48,1.63,0.09,wait,wait
1,1.499999999999958,1,1.187667046017314,0.14,0.52,0.01,0.15,0.55,0.01,skip,skip
1,1.4999999999999747,1,0.40910285795756546,0.36,1.22,0.06,0.31,1.15,0.06,skip,wait
0,-1.0233952578600123,0,-1.3307475597542617,0.56,1.64,0.23,0.55,1.54,0.18,wait,wait
1,1.5000000000000238,1,0.3610966726934127,0.49,0.87,0.03,0.48,0.96,0.02,skip,skip
1,1.5000000000000213,1,1.1988593175842603,0.15,0.69,0.01,0.16,0.71,0.01,skip,skip
0,-1.0187065261637938,0,-1.3202100439333813,0.6,1.57,0.13,0.57,1.65,0.13,wait,wait
1,1.499999999999993,1,1.1222606853588442,0.69,1.67,0.15,0.62,1.59,0.09,wait,wait
0,-1.0516366115447486,0,-1.8805083682125803,0.4,0.81,0.01,0.42,0.79,0.01,skip,skip
1,1.4999999999999487,1,1.160310123685756,0.19,1.09,0.07,0.19,1.44,0.13,wait,skip
0,-1.023214037678787,0,-1.3953507697154235,0.34,0.68,0.01,0.33,0.7,0.01,skip,skip
0,-1.0452018192233687,0,-1.6363962356942772,0.48,1.1,0.03,0.43,1.12,0.02,wait,wait
1,1.500000000000003,1,1.3546090290350448,0.26,1.27,0.03,0.26,1.22,0.06,wait,wait
1,1.5000000000000633,1,0.8495486387585257,0.14,0.48,0.0,0.14,0.5,0.0,skip,skip
0,-1.0419025509381452,0,-1.5898801596863488,0.24,1.33,0.16,0.21,1.23,0.24,wait,wait
1,1.4999999999999623,1,1.2720620522574768,0.28,1.36,0.05,0.28,1.39,0.05,wait,wait
1,1.5000000000000413,1,1.1923291608208886,0.72,2.0,0.16,0.64,1.71,0.11,wait,wait
0,-1.040279833922749,0,-1.6884544623778002,0.66,1.64,0.15,0.62,1.58,0.14,wait,wait
0,-1.0227419074797577,0,-1.3215360336456246,0.19,1.29,0.04,0.19,1.37,0.06,wait,wait
0,-1.0419363048821992,0,-1.5921560533966443,0.1,0.53,0.0,0.11,0.56,0.01,skip,skip
0,-1.0266657358862405,0,-1.375057724584479,0.42,1.58,0.05,0.38,1.45,0.07,wait,wait
0,-1.0254832258951438,0,-1.3583856264490555,0.48,1.79,0.14,0.45,1.51,0.1,wait,wait
0,-1.020834087600139,0,-1.3565263396343596,0.58,1.63,0.17,0.47,1.55,0.16,skip,skip
0,-1.0289699769811032,0,-1.407545004988856,0.44,1.51,0.05,0.44,1.55,0.13,wait,wait
0,-1.0761962794108204,0,-2.2997283001587254,0.25,0.82,0.01,0.23,0.87,0.02,skip,skip
0,-1.01533066944941,0,-1.2607860390095353,0.47,1.61,0.06,0.42,1.21,0.03,wait,wait
1,1.4999999999999887,1,1.152031232114031,0.17,1.03,0.02,0.16,0.86,0.02,skip,skip
0,-1.0545493633868452,0,-1.769986389514727,0.67,1.35,0.09,0.59,1.18,0.04,wait,wait
1,1.5000000000000084,1,1.19662186590132,0.26,1.15,0.05,0.26,1.27,0.05,skip,skip
0,-1.0548486011059317,0,-1.7724053142201603,0.24,0.91,0.02,0.22,0.86,0.02,skip,skip
1,1.5000000000000098,1,0.7066126431567654,0.16,0.7,0.02,0.14,0.77,0.02,skip,skip
0,-1.0528902395681812,0,-1.7447945574504466,0.68,1.43,0.08,0.64,1.33,0.05,skip,skip
0,-1.088146158151761,0,-2.505506113692747,0.64,1.24,0.05,0.59,1.14,0.04,wait,wait
1,1.5000000000000204,1,1.2359575881039198,0.3,1.63,0.21,0.26,1.43,0.32,skip,wait
0,-1.1373155088691969,0,-2.9350985595344454,0.42,1.36,0.05,0.46,1.24,0.04,skip,skip
0,-1.0504015226106422,0,-1.7115063690570491,0.57,1.18,0.04,0.5,0.99,0.02,wait,wait
1,1.4999999999999998,1,0.8407756377438854,0.21,0.73,0.02,0.2,0.71,0.01,skip,skip
1,1.5000000000000293,1,1.2190585894419503,0.4,1.73,0.11,0.34,1.46,0.1,wait,wait
0,-1.0448734097167143,0,-1.7668642577474671,0.3,1.09,0.03,0.25,0.99,0.02,wait,skip
0,-1.078089560256193,0,-2.332045555892801,0.28,1.05,0.09,0.23,0.93,0.09,skip,skip
1,1.499999999999986,1,1.2550744055518428,0.26,1.32,0.08,0.2,1.1,0.06,wait,wait
1,1.5000000000000122,1,1.238413279164911,0.32,0.87,0.03,0.27,0.88,0.03,skip,skip
0,-1.041091963025488,0,-1.5784517562642808,0.7,1.71,0.2,0.64,1.63,0.19,wait,wait
0,-1.1482572438213572,0,-3.0893650606775918,0.22,0.82,0.02,0.19,0.73,0.03,skip,skip
0,-1.0356019413255662,0,-1.5028484520765382,0.47,1.68,0.14,0.44,1.74,0.2,wait,wait
0,-1.0441639936439668,0,-1.752954918185433,0.28,0.96,0.03,0.28,0.96,0.08,skip,skip
1,1.4999999999999611,1,1.276355696610253,0.32,0.84,0.03,0.26,0.89,0.02,skip,skip
1,1.5000000000000124,1,1.170672234973995,0.34,0.84,0.03,0.3,0.9,0.04,skip,skip
0,-1.0261148297384524,0,-1.369090550160847,0.67,1.64,0.18,0.62,1.57,0.11,wait,wait
0,-1.017856478076039,0,-1.30570019374138,0.66,2.05,0.24,0.64,1.93,0.16,wait,wait
0,-1.0423752851995194,0,-1.7224226554359507,0.26,0.98,0.02,0.23,0.93,0.02,skip,skip
1,1.4999999999999374,1,1.0225047311489885,0.16,0.51,0.01,0.14,0.47,0.01,skip,skip
0,-1.047370038783045,0,-1.8076803335458251,0.23,0.95,0.02,0.21,0.93,0.02,skip,skip
1,1.5000000000000204,1,1.2997443370482493,0.36,1.99,0.13,0.36,1.84,0.13,wait,wait
0,-1.009660512572734,0,-1.16399960065326,0.49,1.7,0.11,0.5,1.69,0.11,wait,wait
0,-1.0465140658423222,0,-1.6548974784509676,0.26,1.35,0.15,0.24,1.31,0.26,wait,skip
0,-1.0841199662522547,0,-2.185099562857656,0.18,0.59,0.01,0.17,0.59,0.01,skip,skip
0,-1.0421744848236896,0,-1.593714130188979,0.22,0.97,0.02,0.2,1.02,0.03,wait,wait
0,-1.0310860773253852,0,-1.4373797064887928,0.46,1.78,0.08,0.45,1.64,0.09,wait,wait
0,-1.0219847411806784,0,-1.3090608165749944,0.18,0.98,0.04,0.15,1.06,0.06,skip,skip
0,-1.0254005935557586,0,-1.4344740678525536,0.63,1.66,0.13,0.61,1.68,0.16,wait,wait
1,1.5000000000000004,1,1.2793228298807335,0.24,1.32,0.04,0.24,1.32,0.06,wait,wait
1,1.5000000000000104,1,1.2246337039463757,0.27,1.37,0.1,0.26,1.44,0.12,wait,wait
0,-1.1008385024250316,0,-2.420812645921388,0.18,0.91,0.03,0.14,0.87,0.03,skip,skip
0,-1.0360320769456417,0,-1.5071128940864225,0.46,1.23,0.05,0.45,1.18,0.04,wait,wait
0,-1.215116978430707,0,-4.672827712936071,0.25,0.86,0.02,0.23,0.95,0.04,skip,skip
1,1.499999999999935,1,0.9175976257622807,0.21,0.8,0.01,0.22,0.87,0.01,wait,skip
0,-1.0345791504836999,0,-1.5893469525061201,0.13,0.66,0.02,0.14,0.69,0.03,skip,skip
0,-1.051905615673006,0,-1.73271243693523,0.23,0.91,0.01,0.2,0.89,0.01,skip,skip
0,-1.055766142683706,0,-1.9527971782583147,0.52,0.96,0.01,0.5,0.98,0.02,wait,wait
0,-1.027471477143836,0,-1.3864177954674675,0.71,1.75,0.13,0.67,1.68,0.15,wait,wait
1,1.5000000000000093,1,1.1621575364470216,0.5,1.01,0.02,0.48,1.05,0.03,wait,wait
1,1.4999999999999643,1,1.081166328526661,0.41,1.62,0.11,0.37,1.55,0.12,wait,wait
1,1.5000000000000115,1,1.2214473097814917,0.25,1.13,0.05,0.23,1.08,0.05,skip,skip
0,-1.0447598557127065,0,-1.63016503335578,0.32,1.19,0.03,0.29,1.07,0.04,wait,wait
1,1.499999999999852,1,-1.1039770686021033,0.12,0.59,0.0,0.12,0.57,0.01,skip,skip
1,1.5000000000000095,1,1.2262252056932412,0.24,1.13,0.03,0.21,1.11,0.03,wait,wait
0,-1.2015848854458913,0,-3.843026508952669,0.63,1.26,0.06,0.62,1.23,0.05,wait,wait
1,1.5000000000000584,1,0.9818162216403252,0.16,0.43,0.0,0.17,0.55,0.01,skip,skip
0,-1.0542060581051391,0,-1.763346160347312,0.35,1.16,0.03,0.29,1.22,0.06,wait,skip
1,1.4999999999999818,1,1.187891721759402,0.33,1.45,0.08,0.29,1.37,0.1,wait,wait
0,-1.0332409434530305,0,-1.4695609631546758,0.34,1.16,0.06,0.3,1.09,0.05,skip,skip
0,-1.0668740563949413,0,-2.1424031149296856,0.19,0.85,0.01,0.16,0.91,0.01,skip,skip
1,1.4999999999999718,1,1.2506703188292387,0.36,1.48,0.13,0.3,1.38,0.1,wait,wait
1,1.499999999999935,1,1.0532367035462304,0.2,1.11,0.05,0.18,1.13,0.06,skip,skip
0,-1.0240352443322958,0,-1.3397706693699931,0.38,1.99,0.12,0.34,1.67,0.09,wait,wait
1,1.5000000000000535,1,0.9525648548096916,0.33,1.19,0.07,0.31,1.05,0.06,skip,skip
1,1.5000000000000473,1,1.1631025055233852,0.12,0.59,0.01,0.11,0.61,0.02,skip,skip
0,-1.033850259141515,0,-1.578705180875869,0.19,0.96,0.01,0.18,0.9,0.01,wait,wait
0,-1.0170057633139769,0,-1.240662671753516,0.37,1.93,0.1,0.35,1.79,0.1,wait,wait
0,-1.0544445434926628,0,-1.7667085435963976,0.45,1.17,0.02,0.45,1.15,0.01,skip,skip
0,-1.0208339566711766,0,-1.3547241047499872,0.49,1.05,0.02,0.41,1.1,0.03,wait,skip
0,-1.0353569373022027,0,-1.6044233428428087,0.36,0.97,0.04,0.31,0.91,0.03,skip,skip
1,1.5000000000000113,1,1.3209904601779994,0.58,1.72,0.16,0.56,1.66,0.14,wait,wait
1,1.4999999999998865,1,0.0984607579392832,0.66,1.31,0.05,0.56,1.25,0.04,wait,wait
0,-1.024808518203859,0,-1.3506729856043984,0.19,0.58,0.01,0.16,0.51,0.01,skip,skip
0,-1.0263136072395525,0,-1.3718930956193673,0.28,1.55,0.09,0.27,1.44,0.14,wait,wait
1,1.499999999999954,1,-0.08753732366267397,0.54,0.91,0.04,0.51,1.0,0.02,wait,wait
0,-1.0180591929941643,0,-1.2537148786175873,0.51,2.01,0.18,0.51,1.91,0.15,wait,wait
0,-1.046410892104833,0,-1.7913082308192447,0.6,0.83,0.01,0.54,0.84,0.01,skip,skip
0,-1.0389406132364476,0,-1.6655947067804486,0.18,1.08,0.03,0.18,1.15,0.05,skip,skip
0,-1.0589253287187714,0,-2.0067227346570538,0.61,1.17,0.05,0.55,1.06,0.02,wait,wait
0,-1.0147952928948938,0,-1.2094974553666358,0.3,1.93,0.2,0.29,1.91,0.23,wait,wait
0,-1.0966392270215783,0,-2.361607453447351,0.48,0.95,0.02,0.47,0.98,0.02,skip,skip
1,1.4999999999999973,1,1.3172340545819998,0.29,0.82,0.03,0.24,0.77,0.03,skip,skip
1,1.5000000000000915,1,0.9119609103680658,0.27,1.12,0.03,0.25,1.17,0.03,skip,skip
0,-1.070747381510634,0,-1.9983607371251257,0.15,0.84,0.01,0.15,0.85,0.01,skip,skip
0,-1.0442859743879624,0,-1.623483824732037,0.29,1.11,0.05,0.26,1.19,0.05,wait,wait
0,-1.048027252995406,0,-1.67803176307079,0.26,1.21,0.05,0.27,1.37,0.14,wait,wait
1,1.499999999999965,1,0.9978592091027857,0.35,0.68,0.01,0.37,0.72,0.01,skip,skip
1,1.5000000000000147,1,0.9838112492182528,0.35,1.12,0.03,0.33,1.15,0.04,wait,wait
0,-1.0505940051544835,0,-1.7124201624976114,0.18,0.5,0.0,0.17,0.52,0.01,skip,skip
0,-1.0973805225230036,0,-2.372058909618764,0.22,0.67,0.01,0.21,0.74,0.01,skip,skip
0,-1.0991660492274258,0,-2.6936095527130566,0.22,0.43,0.01,0.21,0.41,0.0,skip,skip
1,1.5000000000000253,1,1.0521026262559532,0.28,0.96,0.03,0.27,0.99,0.07,skip,skip
1,1.4999999999999587,1,1.0048927423776297,0.19,0.73,0.02,0.21,0.8,0.02,skip,skip
0,-1.0461452425993778,0,-1.6514974739314452,0.19,0.9,0.02,0.17,0.93,0.02,skip,wait
1,1.5000000000000178,1,1.2693880498918755,0.38,1.55,0.17,0.35,1.55,0.18,wait,wait
1,0.3219760538929667,0,-0.0583173105743421,0.23,0.93,0.03,0.2,0.88,0.02,skip,skip
1,1.499999999999876,1,-0.15986924106890651,0.24,0.81,0.01,0.24,0.83,0.01,skip,skip
0,-1.0352606670361197,0,-1.4962368576804024,0.33,1.72,0.29,0.29,1.6,0.32,wait,wait
0,-1.1140135200972683,0,-2.6065659919585564,0.58,1.14,0.02,0.53,1.03,0.02,skip,skip
0,-1.0768565569550956,0,-2.3127988722455246,0.2,0.97,0.02,0.25,1.08,0.03,skip,skip
1,1.5000000000000215,1,1.2789928247929205,0.16,0.68,0.01,0.14,0.67,0.01,skip,skip
0,-1.0167118269010784,0,-1.236518489668059,0.65,2.01,0.18,0.62,1.88,0.21,wait,wait
1,1.4999999999999987,1,1.2676705394788237,0.37,1.74,0.26,0.35,1.47,0.19,wait,wait
0,-1.0165462556221443,0,-1.2323841156394826,0.72,1.92,0.16,0.68,1.78,0.14,wait,wait
1,1.499999999999993,1,0.7627901962454265,0.17,0.55,0.01,0.18,0.66,0.01,skip,skip
1,1.4999999999999614,1,1.0430555757380229,0.15,0.72,0.02,0.18,0.86,0.03,skip,skip
1,1.5000000000000009,1,1.1979053026590782,0.73,1.77,0.29,0.69,1.55,0.22,wait,wait
0,-1.1051150602200817,0,-2.4811074356285094,0.25,0.76,0.02,0.23,0.88,0.04,skip,skip
0,-1.0641944950728026,0,-2.094864486818104,0.4,1.27,0.11,0.37,1.21,0.13,skip,wait
1,1.5000000000000127,1,1.1038238969324146,0.19,0.78,0.01,0.19,0.73,0.01,wait,wait
1,1.4999999999999916,1,1.3403340731901447,0.49,1.57,0.09,0.49,1.57,0.07,wait,wait
1,1.4999999999999882,1,1.2691493648641328,0.46,1.61,0.08,0.46,1.39,0.04,wait,wait
0,-1.0516585256374988,0,-1.88268242964039,0.64,1.12,0.05,0.6,1.19,0.04,skip,skip
0,-1.1853928221889454,0,-3.612936118449519,0.47,0.95,0.02,0.47,1.02,0.02,skip,skip
1,1.5000000000000038,1,0.9899485505517506,0.5,1.2,0.1,0.43,1.35,0.09,skip,skip
1,1.5000000000000222,1,1.0913527764797741,0.4,1.41,0.11,0.43,1.44,0.14,wait,wait
0,-1.0715714410443462,0,-2.2207848699856947,0.7,1.43,0.09,0.66,1.41,0.12,wait,skip
0,-1.0270881944020724,0,-1.3828139278202984,0.15,0.87,0.02,0.14,0.76,0.03,skip,skip
0,-1.0178064143443848,0,-1.3048456335627463,0.29,0.75,0.03,0.26,0.78,0.02,skip,skip
1,1.5000000000000027,1,1.2699364320578914,0.34,1.35,0.04,0.31,1.31,0.09,wait,wait
1,1.5000000000000422,1,0.8912156166139752,0.2,0.83,0.01,0.19,0.82,0.01,skip,skip
1,1.4999999999999996,1,1.1401132720318259,0.14,0.61,0.02,0.13,0.63,0.02,skip,skip
0,-1.0891896902608245,0,-2.258377129076944,0.18,0.59,0.01,0.15,0.62,0.01,skip,skip
0,-1.2065043582557786,0,-3.9123856975220392,0.41,1.03,0.02,0.37,0.95,0.02,wait,wait
0,-1.0173511901003127,0,-1.245532811815122,0.18,0.71,0.02,0.17,0.7,0.02,skip,skip
0,-1.146879697324855,0,-3.5062551070020573,0.12,0.48,0.01,0.12,0.49,0.01,skip,skip
0,-1.0775681738691538,0,-2.3249457789501484,0.63,1.11,0.05,0.56,1.05,0.04,skip,skip
0,-1.0304245207364113,0,-1.5202297231104567,0.19,1.0,0.02,0.17,0.93,0.03,wait,wait
0,-1.0650320027272444,0,-2.1109602787543262,0.54,1.41,0.13,0.44,1.24,0.07,wait,wait
0,-1.0323285374018125,0,-1.4566970352896238,0.34,1.57,0.07,0.3,1.46,0.1,wait,wait
0,-1.0882971842399811,0,-2.508084045399094,0.18,0.66,0.01,0.18,0.66,0.01,skip,skip
1,1.4999999999999862,1,1.1892606400030206,0.25,1.14,0.05,0.23,1.04,0.05,wait,wait
1,1.5000000000000107,1,1.049720800008638,0.16,0.76,0.01,0.15,0.85,0.01,skip,skip
0,-1.0383854610503167,0,-1.6543185663493656,0.29,1.38,0.07,0.27,1.38,0.13,wait,wait
1,1.5000000000000289,1,1.2320049590372004,0.29,1.21,0.06,0.26,1.13,0.05,wait,wait
1,1.50000000000007,1,0.7013290771965492,0.24,1.16,0.03,0.25,1.17,0.03,skip,skip
0,-1.0616503898526155,0,-2.051438019363981,0.25,0.79,0.01,0.21,0.65,0.01,skip,skip
0,-1.0478602050200765,0,-1.8178471998064145,0.5,0.99,0.02,0.5,0.98,0.02,skip,wait
0,-1.0520042456296108,0,-1.7341030115002671,0.18,0.93,0.01,0.2,0.93,0.02,skip,skip
0,-1.054564473728187,0,-1.7683994288080553,0.18,0.64,0.01,0.16,0.58,0.0,skip,skip
0,-1.0463933264514327,0,-1.6549951850355744,0.21,0.66,0.02,0.21,0.7,0.02,skip,skip
0,-1.096792517829232,0,-2.3655686862591288,0.16,0.8,0.01,0.17,0.88,0.01,skip,skip
0,-1.015565305861784,0,-1.2647911526515196,0.64,1.65,0.12,0.59,1.62,0.13,wait,wait
0,-1.0729798846074348,0,-2.0298365901813753,0.24,1.04,0.02,0.26,1.1,0.03,skip,wait
0,-1.0314622670534135,0,-1.444483570396911,0.27,1.23,0.02,0.25,1.16,0.02,wait,wait
1,1.499999999999952,1,1.1462228578053417,0.18,0.96,0.01,0.17,1.0,0.02,wait,wait
0,-1.0299942216379594,0,-1.4219857349297096,0.2,0.72,0.02,0.19,0.8,0.02,skip,skip
1,1.5000000000000109,1,1.1528117158408835,0.29,1.21,0.07,0.28,1.28,0.16,wait,wait
0,-1.060580934771494,0,-1.8532249522264497,0.22,0.72,0.01,0.19,0.71,0.02,skip,skip
0,-1.0443486061145268,0,-1.7579061508392035,0.46,0.96,0.05,0.43,1.05,0.07,skip,skip
0,-1.088433731579766,0,-2.508614832882719,0.15,0.48,0.01,0.14,0.58,0.02,skip,skip
0,-1.06892157836219,0,-2.175553181213746,0.35,0.97,0.03,0.33,1.1,0.07,skip,skip
0,-1.032514974107498,0,-1.4575255890230494,0.34,1.62,0.1,0.33,1.55,0.14,wait,wait
0,-1.0756602886098454,0,-2.2905792339594093,0.46,0.94,0.02,0.46,0.92,0.01,skip,skip
0,-1.0319244617217969,0,-1.5458328852237047,0.19,1.09,0.02,0.19,1.04,0.02,wait,wait
1,1.4999999999999887,1,1.274555939952432,0.47,1.38,0.07,0.48,1.45,0.1,wait,wait
0,-1.0315885359351895,0,-1.4444638235906149,0.23,1.13,0.04,0.2,1.07,0.04,wait,wait
0,-1.03896511692958,0,-1.550265551416319,0.25,1.04,0.01,0.24,1.06,0.02,wait,wait
0,-1.05666614147433,0,-1.9663596592918922,0.37,0.81,0.01,0.36,0.88,0.01,skip,skip
0,-1.0286584102525094,0,-1.4031522547254969,0.45,1.5,0.08,0.46,1.26,0.05,wait,wait
1,1.500000000000001,1,1.3248207591065935,0.23,1.83,0.09,0.22,1.83,0.12,wait,wait
0,-1.1204165449507462,0,-2.6968416424996122,0.25,0.66,0.01,0.22,0.69,0.01,skip,skip
0,-1.0254022441963324,0,-1.432702243373889,0.42,1.43,0.06,0.4,1.29,0.03,wait,wait
1,1.500000000000067,1,1.010128108746313,0.3,1.1,0.02,0.3,1.2,0.04,wait,wait
0,-1.035569520395393,0,-1.5023913524036587,0.37,1.5,0.08,0.32,1.36,0.06,wait,wait
1,1.4999999999999638,1,1.190086726827447,0.13,0.71,0.01,0.14,0.79,0.01,skip,skip
0,-1.0731418033827345,0,-2.030319467900361,0.55,0.95,0.01,0.52,0.99,0.01,skip,skip
1,1.499999999999964,1,1.1577032782518621,0.21,0.91,0.02,0.17,0.8,0.01,skip,skip
0,-1.0741614345072814,0,-2.044695152080264,0.23,0.77,0.01,0.23,0.8,0.01,skip,skip
1,0.15826672741838166,0,-0.15470785110205929,0.42,2.19,0.39,0.41,2.02,0.37,wait,wait
0,-1.057144653074614,0,-1.8065771368993078,0.48,0.96,0.02,0.43,0.82,0.01,skip,wait
0,-1.0226325317776677,0,-1.31999395581806,0.51,1.72,0.14,0.48,1.6,0.09,wait,wait
1,1.4999999999999913,1,0.8769788340434673,0.17,0.57,0.0,0.17,0.67,0.0,skip,skip
1,1.5000000000000293,1,1.2619725996368232,0.29,1.12,0.02,0.29,1.16,0.02,wait,wait
0,-1.0260489405275328,0,-1.4455409916744806,0.48,1.31,0.05,0.43,1.18,0.07,wait,wait
1,1.4999999999999971,1,1.028684419433122,0.21,0.69,0.01,0.19,0.71,0.01,skip,skip
0,-1.0871777154982336,0,-2.4871753338221585,0.31,1.25,0.07,0.28,1.22,0.07,wait,skip
0,-1.0979243762984803,0,-2.6706148833244394,0.37,1.36,0.04,0.36,1.33,0.05,wait,wait
0,-1.1401382429040976,0,-2.9748960235689177,0.19,0.63,0.01,0.17,0.56,0.01,skip,skip
0,-1.0319423048585337,0,-1.5461374576867688,0.19,0.98,0.02,0.19,1.09,0.05,wait,wait
1,1.4999999999999514,1,-0.02121833190349594,0.43,1.13,0.02,0.48,1.18,0.03,skip,skip
1,1.4999999999999978,1,1.3374561188971528,0.29,1.49,0.08,0.27,1.39,0.09,wait,wait
1,1.5000000000000075,1,1.0959245016548012,0.35,1.71,0.29,0.29,1.65,0.27,wait,wait
0,-1.1064963209954486,0,-2.818733233069762,0.22,0.74,0.01,0.23,0.83,0.02,skip,wait
1,1.4999999999999822,1,1.136370898878379,0.54,1.37,0.08,0.5,1.36,0.07,wait,wait
0,-1.114716876470124,0,-2.957253563354908,0.23,0.9,0.02,0.22,0.93,0.02,skip,skip
0,-1.044425191669799,0,-1.6272466362109432,0.43,1.15,0.07,0.43,1.05,0.03,wait,wait
1,1.5000000000000278,1,0.9500371958382892,0.17,0.6,0.0,0.16,0.64,0.01,skip,skip
0,-1.0937944133226378,0,-2.3214986902895496,0.26,0.87,0.07,0.22,0.87,0.08,skip,skip
0,-1.055802732219273,0,-1.7876575198490605,0.6,1.18,0.04,0.58,1.1,0.02,skip,wait
0,-1.0509277916354551,0,-1.86840920482921,0.41,1.27,0.09,0.37,1.16,0.13,wait,wait
0,-1.029953351740945,0,-1.4232095140616272,0.26,0.5,0.01,0.23,0.59,0.01,skip,skip
0,-1.0664162573710225,0,-2.1345887390697915,0.15,0.5,0.01,0.14,0.48,0.01,skip,skip
0,-1.049186654940263,0,-1.6925780630156897,0.19,0.59,0.01,0.16,0.62,0.01,skip,skip
1,1.4999999999999953,1,0.09265472725228312,0.21,0.78,0.01,0.2,0.85,0.02,skip,skip
0,-1.0267670553752066,0,-1.3782862186152662,0.33,1.02,0.03,0.36,1.2,0.05,wait,wait
1,1.4999999999999898,1,1.0896018668646623,0.61,1.39,0.09,0.58,1.42,0.11,wait,wait
0,-1.0347192625243506,0,-1.4904036459389278,0.38,1.54,0.05,0.32,1.46,0.06,wait,wait
0,-1.1590225463701702,0,-3.241144057815785,0.44,1.22,0.03,0.48,1.07,0.04,skip,skip
0,-1.023199621040233,0,-1.3279892944693823,0.54,1.72,0.11,0.47,1.58,0.1,wait,wait
0,-1.0466491628807375,0,-1.7971753810339008,0.42,0.86,0.02,0.35,0.85,0.02,skip,skip
0,-1.0574954317761962,0,-1.9823151855700327,0.63,1.08,0.03,0.57,1.06,0.02,skip,skip
0,-1.076846648094899,0,-2.0825537281464124,0.44,1.06,0.02,0.43,0.98,0.02,skip,skip
1,1.500000000000066,1,0.7331810731328571,0.16,0.61,0.01,0.15,0.65,0.01,skip,skip
1,1.4999999999999587,1,0.21254402393557364,0.5,1.06,0.02,0.52,1.13,0.03,wait,wait
0,-1.0603968283223948,0,-1.852429252563629,0.45,0.96,0.02,0.41,1.01,0.02,skip,skip
0,-1.0325736901086493,0,-1.4583534204501731,0.34,1.32,0.07,0.29,1.17,0.06,wait,wait
1,1.500000000000008,1,1.12427326422374,0.2,0.85,0.01,0.2,0.93,0.01,wait,wait
1,1.5000000000000404,1,0.2916964167451612,0.23,0.78,0.02,0.22,0.82,0.03,skip,skip
1,1.5000000000000082,1,1.3279364586131457,0.55,1.99,0.16,0.52,1.86,0.13,wait,wait
0,-1.0330733848100275,0,-1.4653985694656677,0.15,1.05,0.05,0.17,1.14,0.07,wait,skip
1,1.4999999999999647,1,1.1340531899575863,0.33,1.44,0.18,0.31,1.52,0.24,wait,wait
1,1.5000000000000688,1,0.8587762779150416,0.52,1.11,0.03,0.5,1.02,0.02,wait,wait
0,-1.036953685547128,0,-1.62987895127431,0.7,1.81,0.12,0.58,1.47,0.07,wait,wait
0,-1.065444625380715,0,-2.116203518984739,0.56,0.96,0.02,0.53,0.95,0.02,skip,skip
0,-1.035470324260502,0,-1.5009927953452538,0.51,1.32,0.08,0.48,1.38,0.07,wait,wait
0,-1.0278738143382373,0,-1.3920903100671975,0.28,1.33,0.11,0.25,1.29,0.12,wait,wait
1,1.4999999999999922,1,1.0947736269855535,0.18,0.68,0.01,0.18,0.74,0.02,skip,skip
0,-1.029049921654427,0,-1.408672137486045,0.68,1.52,0.11,0.64,1.52,0.11,wait,wait
1,1.5000000000000537,1,1.0499972770963184,0.12,0.4,0.01,0.13,0.51,0.01,skip,skip
1,1.4999999999999498,1,0.850943182812203,0.34,1.3,0.06,0.34,1.19,0.05,wait,wait
0,-1.1622495708829774,0,-3.7704103384351253,0.15,0.66,0.0,0.15,0.71,0.01,skip,skip
1,1.500000000000023,1,1.2573550245559735,0.42,1.08,0.04,0.45,1.13,0.04,wait,wait
0,-1.0368249882042089,0,-1.5182920760097893,0.69,1.81,0.15,0.63,1.77,0.16,wait,wait
0,-1.0387478624068711,0,-1.662304556844807,0.12,0.6,0.0,0.12,0.68,0.01,skip,skip
0,-1.024430616625812,0,-1.3453449864816611,0.37,0.94,0.03,0.26,0.9,0.03,skip,skip
0,-1.0427320952474586,0,-1.7285132053908732,0.19,0.66,0.01,0.19,0.64,0.01,skip,skip
0,-1.087188617982277,0,-2.2301641975517477,0.26,0.96,0.01,0.25,0.97,0.01,skip,skip
1,0.2590636352900731,0,-0.30244845553353067,0.34,1.25,0.08,0.32,1.2,0.08,wait,wait
1,1.4999999999999962,1,1.0773906954807626,0.24,1.14,0.05,0.22,1.09,0.06,wait,wait
0,-1.0602844803166807,0,-2.0299226998786035,0.24,0.48,0.01,0.2,0.46,0.01,skip,skip
1,1.5000000000000187,1,1.0109489616099936,0.21,0.84,0.01,0.2,0.81,0.01,skip,skip
0,-1.0463509465682048,0,-1.65259767501238,0.25,1.08,0.16,0.24,1.16,0.21,wait,skip
0,-1.111476808293809,0,-2.901947393592509,0.26,1.11,0.02,0.24,1.06,0.02,wait,wait
0,-1.0382113667617967,0,-1.5396384980615496,0.17,0.7,0.01,0.16,0.69,0.01,skip,skip
0,-1.040952598408283,0,-1.6999381796405224,0.21,0.99,0.03,0.18,0.97,0.02,skip,skip
1,1.499999999999991,1,1.0236057887509733,0.47,1.54,0.14,0.43,1.49,0.14,wait,wait
0,-1.0488977425484978,0,-1.6885047141344156,0.17,0.9,0.04,0.16,0.81,0.04,skip,skip
0,-1.0377502512090486,0,-1.531337272865481,0.24,1.16,0.14,0.21,1.32,0.25,skip,skip
0,-1.0386678170885402,0,-1.6591382275833044,0.32,1.35,0.18,0.29,1.39,0.2,wait,wait
0,-0.3625773082308555,0,-0.85857459304673,0.34,1.24,0.03,0.38,1.32,0.04,wait,wait
0,-1.035682056031871,0,-1.5039779818525925,0.13,0.81,0.01,0.13,0.87,0.02,skip,skip
0,-1.070350552617015,0,-1.9909658835449422,0.52,0.94,0.01,0.5,0.85,0.01,skip,skip
0,-1.0692196467017814,0,-1.9768213464672486,0.19,0.74,0.01,0.18,0.67,0.0,skip,skip
1,1.499999999999995,1,-1.7020603126483238,0.31,0.94,0.03,0.29,0.91,0.03,skip,skip
1,1.4999999999999936,1,1.158168105380971,0.16,0.7,0.01,0.16,0.71,0.01,skip,skip
1,1.500000000000012,1,1.2966275528614173,0.33,1.12,0.05,0.34,1.28,0.04,wait,wait
0,-1.0498518385541886,0,-1.8500432814808254,0.55,0.81,0.01,0.52,0.79,0.01,skip,skip
0,-1.0473128983678197,0,-1.8067049782935432,0.68,1.37,0.05,0.63,1.26,0.04,wait,skip
0,-1.041505838696754,0,-1.586086950774915,0.13,0.88,0.01,0.13,0.85,0.02,wait,skip
1,1.5000000000000469,1,0.8601080642341451,0.18,0.61,0.0,0.16,0.58,0.0,skip,skip
0,-1.082695547797912,0,-2.4124672129208746,0.3,1.09,0.05,0.25,1.06,0.04,skip,skip
1,1.5000000000000187,1,1.3305570443179875,0.23,1.11,0.02,0.22,1.03,0.02,wait,wait
0,-1.0175598462982287,0,-1.3006368535377575,0.37,1.75,0.05,0.31,1.37,0.04,wait,wait
0,-1.0384062850219675,0,-1.5423866324421227,0.52,1.2,0.06,0.49,1.11,0.06,wait,wait
0,-1.0435439210310944,0,-1.6130216836241809,0.21,0.93,0.03,0.2,0.91,0.04,skip,wait
0,-1.0644430018546933,0,-2.099106359989853,0.22,0.71,0.01,0.2,0.72,0.02,skip,skip
0,-1.0458010164056144,0,-1.78089799031945,0.49,1.29,0.04,0.48,1.21,0.03,wait,wait
1,1.500000000000037,1,1.1618704215227218,0.45,1.39,0.06,0.47,1.54,0.07,wait,wait
0,-1.0472062411759415,0,-1.6646563939584744,0.72,1.81,0.11,0.66,1.59,0.11,wait,wait
0,-1.0925755560803043,0,-2.5811134838052388,0.27,0.94,0.01,0.25,0.99,0.01,skip,skip
0,-1.0257598751230819,0,-1.4406068052743741,0.44,1.76,0.18,0.37,1.71,0.16,skip,skip
1,1.4999999999999865,1,1.1399200102843456,0.19,1.09,0.06,0.16,1.03,0.06,skip,skip
1,1.4999999999999902,1,0.9443867518705272,0.3,0.62,0.01,0.25,0.72,0.01,skip,skip
0,-1.0444065850233983,0,-1.6251843028371897,0.21,0.86,0.01,0.2,0.88,0.01,skip,skip
1,1.4999999999999603,1,1.087987911082469,0.19,0.75,0.02,0.19,0.83,0.04,skip,skip
0,-1.0640180788722342,0,-1.9034849265072553,0.42,1.0,0.02,0.38,0.91,0.02,wait,wait
0,-1.0436008971235278,0,-1.7433431723656247,0.2,0.7,0.01,0.18,0.72,0.01,skip,skip
1,1.5000000000000429,1,0.6854910239433316,0.3,1.16,0.07,0.28,1.07,0.07,wait,wait
0,-1.076683541458338,0,-2.3098455935144826,0.27,0.95,0.03,0.25,0.93,0.03,skip,skip
0,-1.032096901513154,0,-1.5487763369814627,0.6,1.39,0.08,0.52,1.28,0.05,wait,wait
1,1.5000000000000158,1,1.2237254451930655,0.65,1.74,0.17,0.66,1.71,0.14,wait,wait
0,-1.0189000409496518,0,-1.3217132341805296,0.52,1.7,0.1,0.5,1.77,0.11,wait,wait
1,1.4999999999999911,1,0.82656816223561,0.24,0.63,0.01,0.2,0.7,0.02,skip,skip
1,1.5000000000000409,1,0.9913185243689724,0.19,0.81,0.01,0.2,0.8,0.01,skip,skip
0,-1.024152717786008,0,-1.411373519403869,0.64,1.29,0.06,0.61,1.29,0.1,wait,wait
0,-1.0228601657554977,0,-1.3232033460525667,0.2,1.48,0.05,0.22,1.45,0.1,wait,wait
0,-1.0587891920952353,0,-2.002598957870549,0.16,0.72,0.02,0.17,0.75,0.02,skip,skip
1,1.5000000000000098,1,1.0680822560022112,0.14,0.48,0.01,0.14,0.6,0.02,skip,skip
1,1.4999999999999702,1,1.1203448897302746,0.29,1.32,0.19,0.25,1.27,0.23,wait,wait
0,-1.0755143010914303,0,-2.288087307854883,0.62,1.42,0.07,0.59,1.23,0.06,wait,skip
